ngram,count
recurso público,33
Equipo Élite,29
prestación servicio,23
gobierno saliente,23
servicio público,21
proceso empalme,20
cerca millón,19
Contraloría General,19
General Nación,17
autoridad competente,17
organismo control,15
General República,15
equipo sectorial,15
equipo Élite,14
cerca billón,13
hallazgo fiscal,13
identificado equipo,13
Gobierno saliente,13
billón pesos,12
inteligencia artificial,12
Patria Milagro,12
millón millón,12
caso identificado,11
denuncia penal,10
Procuraduría General,10
queja disciplinario,10
contratación directo,10
ejecutar él,10
proceso contractual,10
Consejo Estado,10
Sistema General,9
Minas Energía,9
total sector,9
sectorial total,9
recibir sector,9
acto administrativo,9
rigor técnico,9
Agencia Nacional,9
millón contrato,8
poner riesgo,8
millón pesos,8
Fondo Nacional,8
fiscal millón,8
fenómeno Niño,8
Parte Libro,8
nuevo gobierno,8
Gobierno Patria,8
contrato millón,8
Sector Trabajo,8
Reglamentario Sector,8
único Reglamentario,8
frente EPS,8
Título Parte,8
Libro Decreto,8
vigencia futuro,7
millón colombiano,7
proceso contratación,7
comprometer recurso,7
cercano millón,7
contrato prestación,7
comportamiento crítico,7
General Regalías,7
Ambiente Desarrollo,7
Corte Constitucional,7
reforma laboral,7
millón persona,7
proceso competitivo,7
Industria Turismo,7
EPS intervenida,7
Superintendencia Nacional,7
Nacional Salud,7
extracción ilícito,7
propio Ministerio,7
nuevo Gobierno,7
política público,7
Desarrollo Sostenible,7
ejecución presupuestal,7
correspondiente queja,7
administrar recurso,6
sostenibilidad financiero,6
largo plazo,6
adelantar actuación,6
recurso destinado,6
Tecnología Innovación,6
avance físico,6
Gobierno recibir,6
comprometer millón,6
energía firme,6
Gobierno entrante,6
programa social,6
fiscal disciplinario,6
Colombia necesitar,6
Colombia Mayor,6
agua potable,6
bien servicio,6
Ciencia Tecnología,6
convertir él,6
principio rector,6
vigilancia control,6
resultado verificable,6
Élite presentar,6
capacidad Estado,6
resultado reglamentación,6
Decreto único,6
Departamento Administrativo,6
Servicios Públicos,6
Libro Verdad,6
grupo armado,6
Empalme Anticorrupción,6
llevar equipo,6
Comercio Industria,6
potestad reglamentario,6
presentar correspondiente,5
gestión público,5
infraestructura hospitalario,5
control fiscal,5
presentar denuncia,5
billón diciembre,5
función público,5
millón Ministerio,5
proceso selección,5
Metodología Operativa,5
Nacional Protección,5
equipo técnico,5
ente control,5
embajada consulado,5
traducir él,5
pasar billón,5
recurso asignado,5
valor millón,5
billón apropiado,5
Básicos Salud,5
Unidad Nacional,5
IPS público,5
terminar pagar,5
Equipos Básicos,5
billón junio,5
Fuerza Pública,5
Nacional Empalme,5
reto Gobierno,5
Élite considerar,5
millón quedar,5
Función Pública,5
abrir puerta,5
Prosperidad Social,5
control territorial,5
expideír Resolución,5
valor total,5
pago pendiente,5
seguridad jurídico,5
Tecnologías Información,5
toma decisión,5
USD millón,5
poner conocimiento,5
Información Comunicaciones,5
bajo ejecución,5
talento humano,5
reforma agrario,5
Hacienda Crédito,5
Crédito Público,5
Élite Anticorrupción,5
devolver él,5
cercano billón,5
cierre Gobierno,5
entidad público,5
Superintendencia Servicios,5
inspección vigilancia,5
recurso comprometido,5
ley reforma,5
ejercicio empalme,5
Vivienda Ciudad,4
Nacional Tierras,4
sector Presidencia,4
Sociedad Activos,4
entidad receptor,4
fecha Superintendencia,4
entidad territorial,4
propio entidad,4
cambio gobierno,4
decisión relacionado,4
identificar hallazgo,4
Salud Protección,4
ejecutar cerca,4
Contraloría advertir,4
nuevo estructura,4
ad hoc,4
decisión adoptado,4
Protección Social,4
doble condición,4
recurso parafiscal,4
quedar limbo,4
junio asignar,4
trimestre junio,4
último trimestre,4
Ciudad Territorio,4
cambio Gobierno,4
regla claro,4
Nacional Antidrones,4
Escudo Nacional,4
recuperar capacidad,4
millón pendiente,4
Élite proceso,4
entrada vigencia,4
revisado Equipo,4
alto nivel,4
comprometer capacidad,4
suspensión provisional,4
Ministerio Igualdad,4
valor inicial,4
financiado recurso,4
información disponible,4
incidencia disciplinario,4
mediano largo,4
presunto incidencia,4
adelantado Equipo,4
intervención preventivo,4
proceso asignación,4
nuevo proyecto,4
suscribir contrato,4
acción fiscal,4
aumentar riesgo,4
Salud pronunciar,4
millón ejecución,4
Activos Especiales,4
millón adulto,4
asignar billón,4
adulto mayor,4
proyecto infraestructura,4
capacidad ejecución,4
destinar él,4
año año,4
correspondiente denuncia,4
gas natural,4
servicio millón,4
Ministerio Hacienda,4
incidencia fiscal,4
competente evaluar,4
cuenta fiscal,4
feneceír cuenta,4
Fiscalía General,4
entrega medicamento,4
comprometer billón,4
prestar servicio,4
Social Reconciliación,4
Contraloría reportar,4
Inclusión Social,4
selección objetivo,4
contrato billón,4
herramienta inteligencia,4
negociación colectivo,4
proyecto estratégico,4
él recurso,4
pasaporte cédula,4
ascender billón,4
Nacional Turismo,4
destinar millón,4
conflicto interés,4
entidad sector,4
ascender millón,4
proyecto inversión,4
capacidad fiscal,4
Colombia perder,4
sistema información,4
dormir piso,4
punto partida,4
comunidad indígena,4
Decreto adicionar,4
caso caso,4
técnico financiero,4
SECOP II,4
esquema intermediación,4
territorio nacional,4
Ministerio reportar,4
Nueva York,4
parte autoridad,4
capacidad institucional,4
Santiago Chile,4
capítulo Título,4
universidad público,4
medida preventivo,4
cerca proyecto,4
exceso potestad,4
saneamiento básico,4
generación esperado,4
Ministerio Trabajo,4
nuevo generación,4
salud público,4
Presidencia República,4
Gobierno Nacional,4
Capítulo Título,4
cuenta cobrar,4
información público,4
familia esperar,4
relación laboral,4
perder capacidad,4
mecanismo seguimiento,4
economía ilegal,4
entidad Estado,4
contratación público,4
diciembre billón,4
recurso disponible,4
nómina paralelo,4
esquema distinto,4
competitivo selección,4
hospital colegio,4
Trabajo dictar,4
dictar disposición,4
proceso judicial,4
Inteligencia Artificial,4
metodología delimitación,4
control preventivo,3
existencia responsabilidad,3
Formación Integral,3
eventual existencia,3
adopción medida,3
informe ejecución,3
Ministerio Vivienda,3
millón estudiante,3
técnico jurídico,3
nuevo proceso,3
condición competencia,3
continuidad servicio,3
Fuerza Aeroespacial,3
sector Ambiente,3
capacidad operacional,3
contrato firmado,3
Fuerzas Militares,3
medio comunicación,3
Contraloría concluir,3
información contractual,3
hallazgo administrativo,3
conocimiento Contraloría,3
distinto existente,3
promoción salud,3
existente proceso,3
informe supervisión,3
nuevo administración,3
trazabilidad recurso,3
entrante revisar,3
practicado Contraloría,3
millón valor,3
negocio jurídico,3
corresponder organismo,3
control verificar,3
solicitud suspensión,3
cumplir él,3
decisión judicial,3
tribunal arbitral,3
deuda público,3
alto historia,3
adquisición predio,3
título registrado,3
pagar totalidad,3
haber lugar,3
preventivo Procuraduría,3
representar incremento,3
Colombia Compra,3
Imprenta Nacional,3
Congreso aprobar,3
Domiciliarios SSPD,3
Públicos Domiciliarios,3
plan transición,3
soporte técnico,3
Tierras ANT,3
suspensión expedición,3
prestar millón,3
FINDETER prestar,3
Compra Eficiente,3
escritura registrado,3
cambiar vida,3
OCAD Paz,3
respuesta institucional,3
concentrar cerca,3
Administrativo Presidencia,3
financiar proyecto,3
verificar él,3
aprobado programa,3
sumar millón,3
julio presentar,3
regalía ambiental,3
Ministerio Ambiente,3
tiempo disponible,3
alcance nacional,3
millón asignado,3
valor contratado,3
valor billón,3
contrato suscrito,3
licitación público,3
concentrado propio,3
billón contrato,3
considerar necesario,3
comparación oferta,3
Universidad Antioquia,3
convenio interadministrativo,3
capacidad financiero,3
Fondos Mixtos,3
público contratación,3
Subsidio Familiar,3
Casas Colombia,3
agua millón,3
evaluación propuesta,3
Ministro Trabajo,3
sed temporal,3
millón familia,3
definir política,3
limitar participación,3
pasar patrimonio,3
personal temporal,3
Regalías SGR,3
hoc resolver,3
estructuración proceso,3
presupuesto asignado,3
Comfamiliar Atlántico,3
Consejo Directivo,3
ciencia tecnología,3
ausencia nuevo,3
regalía ciencia,3
pérdida capacidad,3
reserva probado,3
cercano frente,3
realizar trámite,3
recluso dormir,3
cultivo cannabis,3
impacto económico,3
pasivo contingente,3
contrato activo,3
aeródromo priorizado,3
ordenar intervención,3
producción nacional,3
soporte documental,3
desarrollo tecnológico,3
salud región,3
municipio departamento,3
comprometer cerca,3
junio ejecución,3
millón ejecutar,3
millón reserva,3
Contraloría emitir,3
opinión contable,3
país quedar,3
Eficiente CCE,3
julio entidad,3
Compensación Familiar,3
tiempo transcurrido,3
delimitación parcial,3
mejora estructural,3
financiero operativa,3
perder él,3
riesgo perder,3
destinado proyecto,3
acumular millón,3
par evaluador,3
educación propio,3
pueblo indígena,3
secretaría técnico,3
último hora,3
impacto fiscal,3
Cajas Compensación,3
pese tiempo,3
obligación pendiente,3
perder hectárea,3
estructuración jurídico,3
terminar afectar,3
deber existir,3
empalme identificar,3
entidad ejecución,3
olímpico paralímpico,3
superar billón,3
deporte colombiano,3
gestión recurso,3
proyecto financiado,3
patrimonio autónomo,3
pendiente reintegro,3
Estado colombiano,3
total billón,3
programa vivienda,3
subsidio programa,3
Justicia Derecho,3
solución habitacional,3
niño joven,3
país enfrentar,3
riesgo déficit,3
esperado entrar,3
capacidad real,3
abril julio,3
él riesgo,3
Centros PotencIA,3
continuidad operación,3
pasar integrante,3
afectar directamente,3
Plan Nacional,3
confianza institución,3
obra existir,3
agosto diciembre,3
educación salud,3
proyecto crítico,3
regalía impuesto,3
agotar julio,3
ingreso regalía,3
ejecución inversión,3
