sentence_id,paragraph_id,page,section,marker_core,marker_extended,marker_set,mentions_actor,actor_terms,has_number,text,review_status,review_note
P0032-S01,P0032,6,0. Preliminares > PRESENTACIÓN DEL LIBRO DE LA VERDAD > Vicepresidente de la República y Director Nacional del Empalme,resultado de,,core,True,gobierno,False,"El Libro de la Verdad que el lector tiene en sus manos es el resultado de un ejercicio sin precedentes en la historia reciente del empalme presidencial: la construcción sistemática y verificable de un diagnóstico integral del Estado que recibimos, elaborado con el trabajo articulado de los equipos sectoriales, del Equipo Élite Anticorrupción y de cada uno de los Ministros de este Gobierno, bajo la coordinación del Comité Nacional del Empalme Anticorrupción.",pending_human_review,
P0062-S01,P0062,10,I. Proceso metodológico del empalme > Gente: La voluntad ciudadana que sostuvo el empalme,,responsables de,extended_only,False,,False,"Comité Intersectorial de Empalme y veintidós equipos sectoriales, voluntarios en su mayoría (cada uno con un líder y un número variable de coordinadores), responsables de la interlocución con las entidades de su sector, la revisión y control integral de la información recibida, la gestión de requerimientos, la identificación y reporte de riesgos de corrupción y la elaboración de los informes sectoriales.",pending_human_review,
P0071-S01,P0071,11,I. Proceso metodológico del empalme > Proceso: La arquitectura metodológica,,produjeron,extended_only,False,,True,"instalación y operación; consolidación y validación; y cierre y divulgación), que culminaron con la posesión presidencial del 7 de agosto de 2026, y que produjeron como resultado final las líneas base definitivas, los informes sectoriales, el Banco Estratégico, el Inventario de Compromisos, las acciones frente a autoridades competentes y el Libro de la Verdad.",pending_human_review,
P0073-S02,P0073,12,I. Proceso metodológico del empalme > Proceso: La arquitectura metodológica,gracias a,,core,False,,False,"Gracias a esa información, capturada por los equipos sectoriales y procesada por la Plataforma de Inteligencia Artificial, fue posible identificar nueve comportamientos críticos nocivos para el Estado (uno de ellos de carácter transversal), cuya descripción detallada se desarrolla en la sección específica del Libro de la Verdad dedicada a esos comportamientos.",pending_human_review,
P0136-S01,P0136,19,II. Comportamientos críticos nocivos para el Estado > Definición del comportamiento 04: Parálisis operativa > Definición,como consecuencia de,,core,False,,False,"Reducción significativa o interrupción de la capacidad de las entidades para ejecutar procesos, adoptar decisiones o prestar bienes y servicios, como consecuencia de deficiencias en la gestión, la coordinación, la disponibilidad de recursos, la capacidad institucional o el diseño de sus procesos.",pending_human_review,
P0251-S01,P0251,33,II. Comportamientos críticos nocivos para el Estado > Comportamiento 3. Opacidad y distorsión de la información pública > Caso 11. Salud y Protección Social,,produjeron,extended_only,False,,True,"Entre el último trimestre de 2022 y junio de 2026 se asignaron más de $6,8 billones a financiarlos en todo el país sin que a la fecha la Superintendencia Nacional de Salud se haya pronunciado sobre la ejecución y uso de estos, y en igual sentido no existe alguna evaluación sobre el impacto que estos produjeron en la atención.",pending_human_review,
P0429-S01,P0429,52,II. Comportamientos críticos nocivos para el Estado > Comportamiento 6. Expansión del riesgo litigioso > Caso 40. Trabajo,resultado de,,core,False,,True,"El Decreto 234 de 2026 “Por el cual se subroga el Capítulo 7 del Título 2 de la Parte 2 del Libro 2 del Decreto 1072 de 2015, Único Reglamentario del Sector Trabajo y se dictan disposiciones sobre negociación colectiva unificada por niveles, con las organizaciones de trabajadores del sector privado, las y los trabajadores oficiales”, no es resultado de la reglamentación de la Ley 2466 de 2025, ya que esta no menciona ningún articulado en relación con el decreto, en tal sentido no es la Ley de reforma laboral la que haya habilitado por conducto del legislador su reglamentación.",pending_human_review,
P0431-S01,P0431,53,II. Comportamientos críticos nocivos para el Estado > Comportamiento 6. Expansión del riesgo litigioso > Caso 40. Trabajo,resultado de,,core,False,,True,"Por último, el Decreto 581 de 2026 “Por el cual se adiciona un capítulo 4, al Título 3 de la Parte 2 del Libro 2 del Decreto 1072 de 2015, Único Reglamentario del Sector Trabajo y se dictan otras disposiciones sobre la tercerización e intermediación laboral ilegal”, tampoco es resultado de reglamentación expresa que haya indicado la ley de reforma laboral.",pending_human_review,
P0431-S02,P0431,53,II. Comportamientos críticos nocivos para el Estado > Comportamiento 6. Expansión del riesgo litigioso > Caso 40. Trabajo,resultado de,,core,True,ministerio,True,"Como se evidencia, los 3 decretos son resultado de reglamentación a partir del Decreto 1072 de 2015, evidenciándose un exceso de potestad reglamentaria del Ministerio, máxime cuando los temas adicionados o regulados en estos 3 decretos, fueron descartados de la propuesta de ley de reforma laboral del año anterior.",pending_human_review,
P0500-S04,P0500,61,II. Comportamientos críticos nocivos para el Estado > Comportamiento 8. Fragmentación del Estado y fracaso de la conducción estratégica > Caso 52. Trabajo,,responsable de,extended_only,True,entidad,False,"Así las cosas, la misma persona responsable de definir la política pública del sector terminó, al mismo tiempo, dirigiendo la entidad encargada de inspeccionar, vigilar y controlar a las Cajas.",pending_human_review,
P0500-S05,P0500,61,II. Comportamientos críticos nocivos para el Estado > Comportamiento 8. Fragmentación del Estado y fracaso de la conducción estratégica > Caso 52. Trabajo,produjo,,core,False,,False,"Esta situación produjo una superposición entre la definición de la política y la función de control que, aunque no demuestra por sí sola la ilegalidad general del encargo, sí obliga a examinar las decisiones adoptadas durante ese periodo.",pending_human_review,
P0518-S03,P0518,63,II. Comportamientos críticos nocivos para el Estado > Comportamiento 9. Capacidad fiscal restringida (comportamiento transversal) > Caso 55. Minas y Energía,,produjeron,extended_only,False,,True,"No es un riesgo me- nor: durante El Niño 20232024, estas plantas produjeron el 55% de toda la energía del país.",pending_human_review,
P0548-S01,P0548,67,III. Hallazgos en materia de corrupción y balance de acciones > Introducción del capítulo,,produjeron,extended_only,False,,False,"En algunos casos, estas gestiones produjeron resultados inmediatos, como la suspensión de procesos contractuales o actos administrativos, la apertura de investigaciones previa solicitud nuestra y la adopción de medidas preventivas.",pending_human_review,
P0549-S02,P0549,67,III. Hallazgos en materia de corrupción y balance de acciones > Introducción del capítulo,,se tradujo en,extended_only,True,administración,False,"Más que una relación de actuaciones, se busca mostrar el recorrido de cada caso y la manera en que el análisis realizado durante el empalme se tradujo en acciones concretas para la protección del patrimonio público, la transparencia y el adecuado funcionamiento de la Administración.",pending_human_review,
P0566-S02,P0566,69,"III. Hallazgos en materia de corrupción y balance de acciones > Caso 3. OCAD de ciencia, tecnología e innovación",,derivó en,extended_only,False,,False,"La advertencia derivó en que una decisión de alto impacto fiscal fuera revisada antes de su adopción, privilegiando la transparencia y el adecuado ejercicio del control preventivo.",pending_human_review,
P0591-S01,P0591,71,III. Hallazgos en materia de corrupción y balance de acciones > Caso 7. Páramo de Santurbán,,se tradujo en,extended_only,False,,True,"La gestión del Equipo Élite se tradujo en la presentación, el 19 de julio, de la correspondiente queja disciplinaria, por presuntas omisiones relacionadas con el cumplimiento de las decisiones judiciales y con la protección del páramo.",pending_human_review,
P0597-S02,P0597,72,III. Hallazgos en materia de corrupción y balance de acciones > Caso 8. Reforma agraria,gracias a,,core,False,,False,La necesidad de fortalecer los mecanismos de seguimiento sobre los procesos de adquisición de tierras financiados con recursos públicos cobra importancia gracias a este tipo de hallazgos.,pending_human_review,
P0600-S02,P0600,72,III. Hallazgos en materia de corrupción y balance de acciones > Caso 9. Caminos comunitarios para la paz,,derivaron en,extended_only,False,,True,"Se identificaron recursos destinados a la intervención de infraestructura por más de $612.000 millones, que se comprometieron con las Juntas de Acción Comunal (JAC) y que derivaron en una ejecución muy baja.",pending_human_review,
P0608-S01,P0608,73,III. Hallazgos en materia de corrupción y balance de acciones > Caso 10. Servicios de ciberseguridad,produjo,,core,False,,False,La actuación produjo un efecto inmediato.,pending_human_review,
P0613-S01,P0613,74,III. Hallazgos en materia de corrupción y balance de acciones > Caso 11. Unidad Nacional de Protección (UNP),resultado de,como resultado de,core,True,director,False,"Como resultado de estos hallazgos, el Equipo Élite presentó la correspondiente queja disciplinaria con solicitud de suspensión del Director de la Unidad Nacional de Protección.",pending_human_review,
P0694-S01,P0694,82,IV. Balance sectorial > Sector Agricultura y desarrollo Rural > Del anuncio al título: la verdadera deuda del campo,generó,,core,False,,False,"Ese es el sector que recibimos: uno donde la política de tierras generó más expectativas que propiedades efectivas; donde se privilegió el anuncio sobre el resultado; donde la formalización avanzó más despacio que la regulación; y donde la capacidad sanitaria, uno de los activos más valiosos para la competitividad agropecuaria, fue debilitándose progresivamente.",pending_human_review,
P0735-S02,P0735,89,"IV. Balance sectorial > Sector Comercio, Industria y Turismo > Poner la casa en orden: $5,81 billones en contratos sin liquidar",,se tradujeron en,extended_only,False,,True,Los $122.000 millones vencidos de iNNpulsa son recursos que no se tradujeron en programas que podrían haber beneficiado a las microempresas y los emprendedores.,pending_human_review,
P0743-S01,P0743,90,"IV. Balance sectorial > Sector Cultura > Cultura: se compromete casi todo el presupuesto, pero no se paga ni se liquida",resultado de,,core,False,,False,Esa proporción es el resultado de dos hechos distintos.,pending_human_review,
P0756-S01,P0756,92,IV. Balance sectorial > Sector Defensa Nacional > Defensa: una Fuerza Pública con las alas cortadas,debido a,,core,False,,True,"A su vez, la Policía Nacional enciende la alerta financiera de primer orden por un déficit crítico en gastos de personal por un valor de $1,7 billones de pesos para la vigencia 2026, debido a la no apropiación completa del recurso de nómina planeado para la totalidad del año, con ocasión de la actualización de factores poblacionales y prestacionales, y el incremento de personal no uniformado que se realizó sin considerar las implicaciones para esta institución.",pending_human_review,
P0874-S02,P0874,110,"IV. Balance sectorial > Sector Minas y Energía > Minas y Energía: la verdad sobre lo que recibimos, y lo que vamos a hacer",,han generado,extended_only,False,,False,El atraso en el pago de subsidios y las obligaciones acumuladas con agentes del sistema han generado una presión de caja que amenaza con propagarse por toda la cadena energética.,pending_human_review,
P0907-S02,P0907,113,"IV. Balance sectorial > Sector Presidencia de la República > $18,5 billones en el centro del poder, 15 % ejecutado",,responsable de,extended_only,True,entidad,False,"En una entidad responsable de anticipar y responder ante emergencias, el riesgo es doble: una porción extraordinariamente alta de los recursos del sector concentrada en una sola entidad y recursos públicos que no siempre se traducen, con la oportunidad y trazabilidad requeridas, en prevención, atención y obras para la ciudadanía, en un contexto en el que la entidad registra alertas de los organismos de control y hallazgos fiscales y disciplinarios en curso, cuya determinación corresponde a las autoridades competentes.",pending_human_review,
P0942-S01,P0942,118,"IV. Balance sectorial > Sector Salud y Protección Social > Años de intervención y 27,8 millones de personas esperando",,produjeron,extended_only,False,,True,"Algo semejante ocurrió con los Equipos Básicos en Salud: entre el último trimestre de 2022 a junio de 2026 se asignaron más de $6,8 billones a financiarlos en todo el país, cuya ejecución a junio es apenas del 29%, sin que a la fecha la Superintendencia Nacional de Salud se haya pronunciado sobre la ejecución y el uso de estos, y en igual sentido no existe alguna evaluación sobre el impacto que estos produjeron en la atención.",pending_human_review,
P0943-S03,P0943,118,"IV. Balance sectorial > Sector Salud y Protección Social > Años de intervención y 27,8 millones de personas esperando",como consecuencia de,,core,True,ministro,True,"La Corte Constitucional declaró insuficiente la UPC del 2024 y, como consecuencia de ello, ordenó definir el rezago existente y ajustar la UPC para las vigencias 2021, 2022 y 2023, además de abrir incidente de desacato contra el ministro.",pending_human_review,
P0964-S01,P0964,122,IV. Balance sectorial > Sector Tecnologías de la Información y las Comunicaciones > Colombia no puede seguir perdiendo tiempo tecnológico,resultado de,como resultado de,core,False,,False,"Como resultado de esta revisión, se identificaron incertidumbres financieras y estimaciones preliminares que podrían traducirse en graves riesgos técnicos, ambientales y de cobertura efectiva.",pending_human_review,
P0964-S02,P0964,122,IV. Balance sectorial > Sector Tecnologías de la Información y las Comunicaciones > Colombia no puede seguir perdiendo tiempo tecnológico,,llevaron a,extended_only,True,ministra,False,Estos hallazgos llevaron a la ministra a cancelar el proceso.,pending_human_review,
P0971-S01,P0971,123,IV. Balance sectorial > Sector Trabajo > Se reglamentó por decreto lo que el Congreso no aprobó,resultado de,,core,False,,True,"El Decreto 234 de 2026 “Por el cual se subroga el Capítulo 7 del Título 2 de la Parte 2 del Libro 2 del Decreto 1072 de 2015, Único Reglamentario del Sector Trabajo y se dictan disposiciones sobre negociación colectiva unificada por niveles, con las organizaciones de trabajadores del sector privado, las y los trabajadores oficiales”, no es resultado de la reglamentación de la Ley 2466 de 2025, ya que esta no menciona ningún articulado en relación con el decreto, en tal sentido no es la ley de reforma laboral la que haya habilitado por conducto del legislador su reglamentación.",pending_human_review,
P0973-S01,P0973,123,IV. Balance sectorial > Sector Trabajo > Se reglamentó por decreto lo que el Congreso no aprobó,resultado de,,core,False,,True,"Por último, el Decreto 581 de 2026 “Por el cual se adiciona un capítulo 4, al Título 3 de la Parte 2 del Libro 2 del Decreto 1072 de 2015, Único Reglamentario del Sector Trabajo y se dictan otras disposiciones sobre la tercerización e intermediación laboral ilegal”, tampoco es resultado de reglamentación expresa que haya indicado la ley de reforma laboral.",pending_human_review,
P0973-S02,P0973,123,IV. Balance sectorial > Sector Trabajo > Se reglamentó por decreto lo que el Congreso no aprobó,resultado de,,core,True,ministerio,True,"Como se evidencia, los 3 decretos son resultado de reglamentación a partir del Decreto 1072 de 2015, evidenciándose un exceso de potestad reglamentaria del Ministerio, máxime cuando los temas adicionados o regulados en estos 3 decretos, fueron descartados de la propuesta de ley de reforma laboral del año anterior.",pending_human_review,
