claim_id,page,section,claim_type,claim_text,cues,source_cited_in_report,causal_review_question,review_status
C0003,6,0. Preliminares > PRESENTACIÓN DEL LIBRO DE LA VERDAD > Vicepresidente de la República y Director Nacional del Empalme,corrupcion,"El Libro de la Verdad que el lector tiene en sus manos es el resultado de un ejercicio sin precedentes en la historia reciente del empalme presidencial: la construcción sistemática y verificable de un diagnóstico integral del Estado que recibimos, elaborado con el trabajo articulado de los equipos sectoriales, del Equipo Élite Anticorrupción y de cada uno de los Ministros de este Gobierno, bajo la coordinación del Comité Nacional del Empalme Anticorrupción.",causal,,"Does the report show evidence for the causal link, or only a temporal co-occurrence? (see methodology §14)",pending_human_review
C0012,10,I. Proceso metodológico del empalme > Gente: La voluntad ciudadana que sostuvo el empalme,corrupcion,"Comité Intersectorial de Empalme y veintidós equipos sectoriales, voluntarios en su mayoría (cada uno con un líder y un número variable de coordinadores), responsables de la interlocución con las entidades de su sector, la revisión y control integral de la información recibida, la gestión de requerimientos, la identificación y reporte de riesgos de corrupción y la elaboración de los informes sectoriales.",causal;attribution,reporte de riesgos de corrupción y la elaboración de los informes sectoriales,"Does the report show evidence for the causal link, or only a temporal co-occurrence? (see methodology §14)",pending_human_review
C0013,11,I. Proceso metodológico del empalme > Proceso: La arquitectura metodológica,fiscal,"instalación y operación; consolidación y validación; y cierre y divulgación), que culminaron con la posesión presidencial del 7 de agosto de 2026, y que produjeron como resultado final las líneas base definitivas, los informes sectoriales, el Banco Estratégico, el Inventario de Compromisos, las acciones frente a autoridades competentes y el Libro de la Verdad.",date;comparative;causal,,"Does the report show evidence for the causal link, or only a temporal co-occurrence? (see methodology §14)",pending_human_review
C0014,12,I. Proceso metodológico del empalme > Proceso: La arquitectura metodológica,otros,"Gracias a esa información, capturada por los equipos sectoriales y procesada por la Plataforma de Inteligencia Artificial, fue posible identificar nueve comportamientos críticos nocivos para el Estado (uno de ellos de carácter transversal), cuya descripción detallada se desarrolla en la sección específica del Libro de la Verdad dedicada a esos comportamientos.",causal,,"Does the report show evidence for the causal link, or only a temporal co-occurrence? (see methodology §14)",pending_human_review
C0021,19,II. Comportamientos críticos nocivos para el Estado > Definición del comportamiento 04: Parálisis operativa > Definición,otros,"Reducción significativa o interrupción de la capacidad de las entidades para ejecutar procesos, adoptar decisiones o prestar bienes y servicios, como consecuencia de deficiencias en la gestión, la coordinación, la disponibilidad de recursos, la capacidad institucional o el diseño de sus procesos.",comparative;causal,,"Does the report show evidence for the causal link, or only a temporal co-occurrence? (see methodology §14)",pending_human_review
C0094,33,II. Comportamientos críticos nocivos para el Estado > Comportamiento 3. Opacidad y distorsión de la información pública > Caso 11. Salud y Protección Social,salud,"Entre el último trimestre de 2022 y junio de 2026 se asignaron más de $6,8 billones a financiarlos en todo el país sin que a la fecha la Superintendencia Nacional de Salud se haya pronunciado sobre la ejecución y uso de estos, y en igual sentido no existe alguna evaluación sobre el impacto que estos produjeron en la atención.",money;date;comparative;causal;institution,,"Does the report show evidence for the causal link, or only a temporal co-occurrence? (see methodology §14)",pending_human_review
C0248,52,II. Comportamientos críticos nocivos para el Estado > Comportamiento 6. Expansión del riesgo litigioso > Caso 40. Trabajo,empleo,"El Decreto 234 de 2026 “Por el cual se subroga el Capítulo 7 del Título 2 de la Parte 2 del Libro 2 del Decreto 1072 de 2015, Único Reglamentario del Sector Trabajo y se dictan disposiciones sobre negociación colectiva unificada por niveles, con las organizaciones de trabajadores del sector privado, las y los trabajadores oficiales”, no es resultado de la reglamentación de la Ley 2466 de 2025, ya que esta no menciona ningún articulado en relación con el decreto, en tal sentido no es la Ley de reforma laboral la que haya habilitado por conducto del legislador su reglamentación.",number;date;causal;law,,"Does the report show evidence for the causal link, or only a temporal co-occurrence? (see methodology §14)",pending_human_review
C0251,53,II. Comportamientos críticos nocivos para el Estado > Comportamiento 6. Expansión del riesgo litigioso > Caso 40. Trabajo,empleo,"Por último, el Decreto 581 de 2026 “Por el cual se adiciona un capítulo 4, al Título 3 de la Parte 2 del Libro 2 del Decreto 1072 de 2015, Único Reglamentario del Sector Trabajo y se dictan otras disposiciones sobre la tercerización e intermediación laboral ilegal”, tampoco es resultado de reglamentación expresa que haya indicado la ley de reforma laboral.",number;date;causal;law,,"Does the report show evidence for the causal link, or only a temporal co-occurrence? (see methodology §14)",pending_human_review
C0252,53,II. Comportamientos críticos nocivos para el Estado > Comportamiento 6. Expansión del riesgo litigioso > Caso 40. Trabajo,instituciones,"Como se evidencia, los 3 decretos son resultado de reglamentación a partir del Decreto 1072 de 2015, evidenciándose un exceso de potestad reglamentaria del Ministerio, máxime cuando los temas adicionados o regulados en estos 3 decretos, fueron descartados de la propuesta de ley de reforma laboral del año anterior.",number;date;causal;institution;law,,"Does the report show evidence for the causal link, or only a temporal co-occurrence? (see methodology §14)",pending_human_review
C0323,63,II. Comportamientos críticos nocivos para el Estado > Comportamiento 9. Capacidad fiscal restringida (comportamiento transversal) > Caso 55. Minas y Energía,energia,"No es un riesgo me- nor: durante El Niño 20232024, estas plantas produjeron el 55% de toda la energía del país.",percent;causal,,"Does the report show evidence for the causal link, or only a temporal co-occurrence? (see methodology §14)",pending_human_review
C0354,72,III. Hallazgos en materia de corrupción y balance de acciones > Caso 9. Caminos comunitarios para la paz,infraestructura,"Se identificaron recursos destinados a la intervención de infraestructura por más de $612.000 millones, que se comprometieron con las Juntas de Acción Comunal (JAC) y que derivaron en una ejecución muy baja.",money;comparative;causal,,"Does the report show evidence for the causal link, or only a temporal co-occurrence? (see methodology §14)",pending_human_review
C0410,89,"IV. Balance sectorial > Sector Comercio, Industria y Turismo > Poner la casa en orden: $5,81 billones en contratos sin liquidar",economico,Los $122.000 millones vencidos de iNNpulsa son recursos que no se tradujeron en programas que podrían haber beneficiado a las microempresas y los emprendedores.,money;causal,,"Does the report show evidence for the causal link, or only a temporal co-occurrence? (see methodology §14)",pending_human_review
C0425,92,IV. Balance sectorial > Sector Defensa Nacional > Defensa: una Fuerza Pública con las alas cortadas,fiscal,"A su vez, la Policía Nacional enciende la alerta financiera de primer orden por un déficit crítico en gastos de personal por un valor de $1,7 billones de pesos para la vigencia 2026, debido a la no apropiación completa del recurso de nómina planeado para la totalidad del año, con ocasión de la actualización de factores poblacionales y prestacionales, y el incremento de personal no uniformado que se realizó sin considerar las implicaciones para esta institución.",money;date;comparative;causal,,"Does the report show evidence for the causal link, or only a temporal co-occurrence? (see methodology §14)",pending_human_review
C0538,113,"IV. Balance sectorial > Sector Presidencia de la República > $18,5 billones en el centro del poder, 15 % ejecutado",fiscal,"En una entidad responsable de anticipar y responder ante emergencias, el riesgo es doble: una porción extraordinariamente alta de los recursos del sector concentrada en una sola entidad y recursos públicos que no siempre se traducen, con la oportunidad y trazabilidad requeridas, en prevención, atención y obras para la ciudadanía, en un contexto en el que la entidad registra alertas de los organismos de control y hallazgos fiscales y disciplinarios en curso, cuya determinación corresponde a las autoridades competentes.",causal,,"Does the report show evidence for the causal link, or only a temporal co-occurrence? (see methodology §14)",pending_human_review
C0578,118,"IV. Balance sectorial > Sector Salud y Protección Social > Años de intervención y 27,8 millones de personas esperando",salud,"Algo semejante ocurrió con los Equipos Básicos en Salud: entre el último trimestre de 2022 a junio de 2026 se asignaron más de $6,8 billones a financiarlos en todo el país, cuya ejecución a junio es apenas del 29%, sin que a la fecha la Superintendencia Nacional de Salud se haya pronunciado sobre la ejecución y el uso de estos, y en igual sentido no existe alguna evaluación sobre el impacto que estos produjeron en la atención.",money;percent;date;comparative;causal;institution,,"Does the report show evidence for the causal link, or only a temporal co-occurrence? (see methodology §14)",pending_human_review
C0580,118,"IV. Balance sectorial > Sector Salud y Protección Social > Años de intervención y 27,8 millones de personas esperando",fiscal,"La Corte Constitucional declaró insuficiente la UPC del 2024 y, como consecuencia de ello, ordenó definir el rezago existente y ajustar la UPC para las vigencias 2021, 2022 y 2023, además de abrir incidente de desacato contra el ministro.",date;causal;institution;attribution,Corte Constitucional,"Does the report show evidence for the causal link, or only a temporal co-occurrence? (see methodology §14)",pending_human_review
C0592,122,IV. Balance sectorial > Sector Tecnologías de la Información y las Comunicaciones > Colombia no puede seguir perdiendo tiempo tecnológico,otros,"Como resultado de esta revisión, se identificaron incertidumbres financieras y estimaciones preliminares que podrían traducirse en graves riesgos técnicos, ambientales y de cobertura efectiva.",causal,,"Does the report show evidence for the causal link, or only a temporal co-occurrence? (see methodology §14)",pending_human_review
C0596,123,IV. Balance sectorial > Sector Trabajo > Se reglamentó por decreto lo que el Congreso no aprobó,empleo,"El Decreto 234 de 2026 “Por el cual se subroga el Capítulo 7 del Título 2 de la Parte 2 del Libro 2 del Decreto 1072 de 2015, Único Reglamentario del Sector Trabajo y se dictan disposiciones sobre negociación colectiva unificada por niveles, con las organizaciones de trabajadores del sector privado, las y los trabajadores oficiales”, no es resultado de la reglamentación de la Ley 2466 de 2025, ya que esta no menciona ningún articulado en relación con el decreto, en tal sentido no es la ley de reforma laboral la que haya habilitado por conducto del legislador su reglamentación.",number;date;causal;law,,"Does the report show evidence for the causal link, or only a temporal co-occurrence? (see methodology §14)",pending_human_review
C0599,123,IV. Balance sectorial > Sector Trabajo > Se reglamentó por decreto lo que el Congreso no aprobó,empleo,"Por último, el Decreto 581 de 2026 “Por el cual se adiciona un capítulo 4, al Título 3 de la Parte 2 del Libro 2 del Decreto 1072 de 2015, Único Reglamentario del Sector Trabajo y se dictan otras disposiciones sobre la tercerización e intermediación laboral ilegal”, tampoco es resultado de reglamentación expresa que haya indicado la ley de reforma laboral.",number;date;causal;law,,"Does the report show evidence for the causal link, or only a temporal co-occurrence? (see methodology §14)",pending_human_review
C0600,123,IV. Balance sectorial > Sector Trabajo > Se reglamentó por decreto lo que el Congreso no aprobó,instituciones,"Como se evidencia, los 3 decretos son resultado de reglamentación a partir del Decreto 1072 de 2015, evidenciándose un exceso de potestad reglamentaria del Ministerio, máxime cuando los temas adicionados o regulados en estos 3 decretos, fueron descartados de la propuesta de ley de reforma laboral del año anterior.",number;date;causal;institution;law,,"Does the report show evidence for the causal link, or only a temporal co-occurrence? (see methodology §14)",pending_human_review
