paragraph_id,model,dominant_topic,weight
P0019,tfidf_nmf,7,0.1382
P0020,tfidf_nmf,2,0.1837
P0021,tfidf_nmf,2,0.0715
P0022,tfidf_nmf,2,0.0683
P0023,tfidf_nmf,7,0.0868
P0025,tfidf_nmf,12,0.1283
P0027,tfidf_nmf,12,0.0803
P0028,tfidf_nmf,12,0.0479
P0029,tfidf_nmf,11,0.0409
P0032,tfidf_nmf,2,0.1997
P0033,tfidf_nmf,2,0.0993
P0034,tfidf_nmf,2,0.1639
P0036,tfidf_nmf,2,0.1972
P0037,tfidf_nmf,2,0.1762
P0039,tfidf_nmf,2,0.1233
P0040,tfidf_nmf,2,0.1292
P0047,tfidf_nmf,2,0.1327
P0049,tfidf_nmf,1,0.0389
P0050,tfidf_nmf,2,0.2193
P0052,tfidf_nmf,2,0.1152
P0053,tfidf_nmf,2,0.1625
P0055,tfidf_nmf,2,0.1645
P0056,tfidf_nmf,2,0.0756
P0058,tfidf_nmf,2,0.0649
P0060,tfidf_nmf,2,0.1343
P0061,tfidf_nmf,2,0.1368
P0062,tfidf_nmf,2,0.1674
P0063,tfidf_nmf,2,0.1233
P0065,tfidf_nmf,2,0.1657
P0066,tfidf_nmf,2,0.177
P0067,tfidf_nmf,2,0.2103
P0069,tfidf_nmf,2,0.2461
P0070,tfidf_nmf,2,0.1514
P0071,tfidf_nmf,2,0.1009
P0072,tfidf_nmf,2,0.1355
P0073,tfidf_nmf,2,0.2452
P0075,tfidf_nmf,2,0.1861
P0076,tfidf_nmf,2,0.1428
P0077,tfidf_nmf,2,0.1243
P0078,tfidf_nmf,2,0.1199
P0079,tfidf_nmf,2,0.1245
P0080,tfidf_nmf,2,0.2098
P0086,tfidf_nmf,2,0.1878
P0087,tfidf_nmf,2,0.2013
P0088,tfidf_nmf,2,0.1296
P0092,tfidf_nmf,2,0.0707
P0112,tfidf_nmf,10,0.2145
P0114,tfidf_nmf,2,0.0772
P0120,tfidf_nmf,10,0.1099
P0122,tfidf_nmf,10,0.1774
P0124,tfidf_nmf,7,0.1139
P0128,tfidf_nmf,2,0.0484
P0130,tfidf_nmf,2,0.1258
P0132,tfidf_nmf,7,0.1877
P0136,tfidf_nmf,2,0.1344
P0138,tfidf_nmf,2,0.1082
P0140,tfidf_nmf,7,0.1566
P0146,tfidf_nmf,7,0.0769
P0152,tfidf_nmf,2,0.0801
P0154,tfidf_nmf,2,0.0721
P0156,tfidf_nmf,7,0.0845
P0160,tfidf_nmf,7,0.1304
P0162,tfidf_nmf,7,0.101
P0164,tfidf_nmf,7,0.1769
P0168,tfidf_nmf,2,0.0797
P0170,tfidf_nmf,2,0.0842
P0172,tfidf_nmf,7,0.1012
P0176,tfidf_nmf,7,0.1376
P0178,tfidf_nmf,7,0.048
P0180,tfidf_nmf,7,0.1542
P0181,tfidf_nmf,2,0.1125
P0186,tfidf_nmf,3,0.2647
P0188,tfidf_nmf,3,0.4179
P0191,tfidf_nmf,0,0.124
P0194,tfidf_nmf,2,0.0577
P0195,tfidf_nmf,2,0.123
P0196,tfidf_nmf,3,0.0367
P0198,tfidf_nmf,0,0.0748
P0201,tfidf_nmf,9,0.3152
P0202,tfidf_nmf,9,0.2387
P0204,tfidf_nmf,10,0.0413
P0205,tfidf_nmf,4,0.1129
P0206,tfidf_nmf,4,0.1188
P0207,tfidf_nmf,10,0.1134
P0208,tfidf_nmf,7,0.2166
P0211,tfidf_nmf,8,0.2471
P0212,tfidf_nmf,8,0.2756
P0217,tfidf_nmf,10,0.1781
P0218,tfidf_nmf,12,0.1438
P0219,tfidf_nmf,12,0.1386
P0220,tfidf_nmf,12,0.1398
P0223,tfidf_nmf,12,0.0904
P0224,tfidf_nmf,7,0.0936
P0226,tfidf_nmf,7,0.0598
P0228,tfidf_nmf,10,0.0761
P0229,tfidf_nmf,7,0.0954
P0231,tfidf_nmf,3,0.4212
P0234,tfidf_nmf,12,0.1755
P0235,tfidf_nmf,12,0.1067
P0237,tfidf_nmf,12,0.1148
P0238,tfidf_nmf,12,0.146
P0240,tfidf_nmf,12,0.0873
P0241,tfidf_nmf,12,0.1087
P0242,tfidf_nmf,12,0.1644
P0243,tfidf_nmf,1,0.1487
P0244,tfidf_nmf,12,0.2106
P0247,tfidf_nmf,10,0.2483
P0248,tfidf_nmf,10,0.1377
P0250,tfidf_nmf,9,0.2944
P0251,tfidf_nmf,9,0.3427
P0252,tfidf_nmf,9,0.1883
P0253,tfidf_nmf,9,0.1196
P0254,tfidf_nmf,5,0.1316
P0255,tfidf_nmf,9,0.3018
P0257,tfidf_nmf,10,0.2868
P0258,tfidf_nmf,5,0.0897
P0259,tfidf_nmf,10,0.2261
P0260,tfidf_nmf,1,0.0783
P0261,tfidf_nmf,10,0.1591
P0263,tfidf_nmf,10,0.3583
P0264,tfidf_nmf,10,0.2604
P0265,tfidf_nmf,10,0.2707
P0266,tfidf_nmf,10,0.299
P0267,tfidf_nmf,10,0.1272
P0268,tfidf_nmf,10,0.1953
P0269,tfidf_nmf,10,0.1665
P0271,tfidf_nmf,3,0.4114
P0272,tfidf_nmf,3,0.1913
P0275,tfidf_nmf,5,0.2111
P0277,tfidf_nmf,1,0.1294
P0278,tfidf_nmf,0,0.0407
P0279,tfidf_nmf,4,0.0966
P0280,tfidf_nmf,5,0.1161
P0281,tfidf_nmf,12,0.1153
P0282,tfidf_nmf,1,0.2028
P0284,tfidf_nmf,7,0.08
P0285,tfidf_nmf,9,0.0865
P0286,tfidf_nmf,9,0.0925
P0287,tfidf_nmf,9,0.0746
P0288,tfidf_nmf,12,0.1708
P0289,tfidf_nmf,9,0.135
P0290,tfidf_nmf,7,0.1047
P0292,tfidf_nmf,5,0.2388
P0293,tfidf_nmf,5,0.3424
P0294,tfidf_nmf,5,0.0833
P0295,tfidf_nmf,7,0.1476
P0298,tfidf_nmf,6,0.2285
P0299,tfidf_nmf,6,0.2063
P0300,tfidf_nmf,6,0.2496
P0301,tfidf_nmf,6,0.268
P0302,tfidf_nmf,6,0.1419
P0303,tfidf_nmf,6,0.1778
P0304,tfidf_nmf,6,0.2874
P0306,tfidf_nmf,5,0.1611
P0307,tfidf_nmf,5,0.2519
P0309,tfidf_nmf,12,0.1034
P0310,tfidf_nmf,0,0.1098
P0312,tfidf_nmf,5,0.1189
P0313,tfidf_nmf,12,0.2439
P0316,tfidf_nmf,9,0.3375
P0317,tfidf_nmf,9,0.0815
P0318,tfidf_nmf,9,0.1905
P0319,tfidf_nmf,10,0.0293
P0322,tfidf_nmf,12,0.0963
P0323,tfidf_nmf,7,0.0255
P0325,tfidf_nmf,7,0.048
P0327,tfidf_nmf,0,0.0449
P0328,tfidf_nmf,10,0.0404
P0329,tfidf_nmf,6,0.1265
P0331,tfidf_nmf,7,0.0272
P0334,tfidf_nmf,6,0.0929
P0336,tfidf_nmf,10,0.1351
P0337,tfidf_nmf,6,0.1296
P0338,tfidf_nmf,10,0.0763
P0339,tfidf_nmf,12,0.146
P0341,tfidf_nmf,5,0.1892
P0342,tfidf_nmf,5,0.1837
P0343,tfidf_nmf,7,0.0746
P0344,tfidf_nmf,7,0.1563
P0345,tfidf_nmf,7,0.0848
P0347,tfidf_nmf,8,0.4194
P0348,tfidf_nmf,8,0.3435
P0349,tfidf_nmf,8,0.287
P0350,tfidf_nmf,8,0.144
P0351,tfidf_nmf,8,0.1019
P0354,tfidf_nmf,10,0.1597
P0355,tfidf_nmf,10,0.1249
P0356,tfidf_nmf,6,0.1229
P0358,tfidf_nmf,3,0.4381
P0360,tfidf_nmf,12,0.1264
P0361,tfidf_nmf,10,0.141
P0362,tfidf_nmf,12,0.1914
P0363,tfidf_nmf,7,0.0895
P0365,tfidf_nmf,0,0.0993
P0366,tfidf_nmf,10,0.1334
P0367,tfidf_nmf,12,0.11
P0369,tfidf_nmf,0,0.1212
P0370,tfidf_nmf,0,0.1187
P0371,tfidf_nmf,0,0.0603
P0373,tfidf_nmf,12,0.1501
P0374,tfidf_nmf,5,0.1507
P0375,tfidf_nmf,12,0.067
P0376,tfidf_nmf,12,0.1664
P0378,tfidf_nmf,12,0.2186
P0379,tfidf_nmf,12,0.1686
P0380,tfidf_nmf,12,0.2616
P0381,tfidf_nmf,12,0.2346
P0383,tfidf_nmf,6,0.1833
P0384,tfidf_nmf,6,0.2006
P0385,tfidf_nmf,7,0.1526
P0388,tfidf_nmf,6,0.2108
P0389,tfidf_nmf,6,0.1938
P0392,tfidf_nmf,10,0.0979
P0393,tfidf_nmf,10,0.1752
P0396,tfidf_nmf,10,0.2082
P0397,tfidf_nmf,10,0.1822
P0400,tfidf_nmf,10,0.1063
P0401,tfidf_nmf,10,0.2042
P0402,tfidf_nmf,10,0.1142
P0404,tfidf_nmf,3,0.3989
P0408,tfidf_nmf,6,0.1128
P0409,tfidf_nmf,0,0.0828
P0410,tfidf_nmf,0,0.0486
P0412,tfidf_nmf,5,0.219
P0413,tfidf_nmf,5,0.1568
P0414,tfidf_nmf,7,0.0965
P0417,tfidf_nmf,10,0.052
P0418,tfidf_nmf,7,0.1501
P0420,tfidf_nmf,0,0.0775
P0421,tfidf_nmf,0,0.0635
P0422,tfidf_nmf,12,0.07
P0423,tfidf_nmf,12,0.1112
P0424,tfidf_nmf,7,0.0721
P0425,tfidf_nmf,11,0.0705
P0427,tfidf_nmf,4,0.1929
P0428,tfidf_nmf,4,0.2938
P0429,tfidf_nmf,4,0.4604
P0430,tfidf_nmf,4,0.413
P0431,tfidf_nmf,4,0.4439
P0432,tfidf_nmf,4,0.1757
P0433,tfidf_nmf,4,0.1472
P0435,tfidf_nmf,12,0.2166
P0438,tfidf_nmf,0,0.0618
P0439,tfidf_nmf,0,0.0452
P0441,tfidf_nmf,3,0.4183
P0444,tfidf_nmf,5,0.0655
P0445,tfidf_nmf,7,0.1062
P0448,tfidf_nmf,11,0.1884
P0449,tfidf_nmf,11,0.3884
P0450,tfidf_nmf,11,0.3153
P0453,tfidf_nmf,8,0.0915
P0454,tfidf_nmf,7,0.0677
P0455,tfidf_nmf,7,0.0668
P0456,tfidf_nmf,7,0.1752
P0459,tfidf_nmf,11,0.0653
P0460,tfidf_nmf,11,0.1681
P0461,tfidf_nmf,12,0.2012
P0463,tfidf_nmf,3,0.4911
P0465,tfidf_nmf,8,0.1891
P0466,tfidf_nmf,8,0.1572
P0467,tfidf_nmf,8,0.1305
P0468,tfidf_nmf,8,0.2193
P0469,tfidf_nmf,8,0.0461
P0471,tfidf_nmf,5,0.0789
P0472,tfidf_nmf,5,0.0911
P0473,tfidf_nmf,7,0.0901
P0476,tfidf_nmf,12,0.2301
P0477,tfidf_nmf,12,0.0543
P0478,tfidf_nmf,12,0.1049
P0479,tfidf_nmf,11,0.1183
P0481,tfidf_nmf,9,0.1783
P0482,tfidf_nmf,9,0.2227
P0483,tfidf_nmf,9,0.1285
P0484,tfidf_nmf,6,0.0843
P0485,tfidf_nmf,7,0.0736
P0487,tfidf_nmf,0,0.1046
P0488,tfidf_nmf,0,0.1092
P0489,tfidf_nmf,0,0.0658
P0492,tfidf_nmf,12,0.3157
P0493,tfidf_nmf,12,0.1144
P0494,tfidf_nmf,12,0.1563
P0495,tfidf_nmf,12,0.1176
P0496,tfidf_nmf,12,0.1908
P0497,tfidf_nmf,7,0.0877
P0500,tfidf_nmf,7,0.0954
P0501,tfidf_nmf,4,0.1041
P0502,tfidf_nmf,7,0.1171
P0503,tfidf_nmf,7,0.1084
P0505,tfidf_nmf,3,0.4343
P0508,tfidf_nmf,10,0.2087
P0509,tfidf_nmf,7,0.1187
P0512,tfidf_nmf,5,0.107
P0513,tfidf_nmf,0,0.0577
P0515,tfidf_nmf,8,0.2845
P0516,tfidf_nmf,8,0.2349
P0518,tfidf_nmf,8,0.2697
P0519,tfidf_nmf,7,0.0916
P0521,tfidf_nmf,5,0.0646
P0522,tfidf_nmf,12,0.1818
P0523,tfidf_nmf,12,0.14
P0526,tfidf_nmf,6,0.2109
P0527,tfidf_nmf,6,0.2705
P0528,tfidf_nmf,6,0.2009
P0531,tfidf_nmf,12,0.1963
P0532,tfidf_nmf,12,0.1506
P0533,tfidf_nmf,12,0.1482
P0534,tfidf_nmf,12,0.0793
P0537,tfidf_nmf,6,0.0754
P0538,tfidf_nmf,7,0.0569
P0539,tfidf_nmf,5,0.1511
P0540,tfidf_nmf,7,0.1618
P0546,tfidf_nmf,2,0.2401
P0547,tfidf_nmf,1,0.2441
P0548,tfidf_nmf,1,0.1602
P0549,tfidf_nmf,1,0.1225
P0552,tfidf_nmf,2,0.1203
P0553,tfidf_nmf,6,0.1918
P0554,tfidf_nmf,1,0.2673
P0555,tfidf_nmf,1,0.1151
P0558,tfidf_nmf,12,0.1067
P0559,tfidf_nmf,1,0.1363
P0560,tfidf_nmf,1,0.1193
P0563,tfidf_nmf,6,0.1899
P0564,tfidf_nmf,1,0.177
P0566,tfidf_nmf,12,0.0955
P0569,tfidf_nmf,10,0.1912
P0570,tfidf_nmf,10,0.2226
P0572,tfidf_nmf,1,0.294
P0573,tfidf_nmf,2,0.1069
P0576,tfidf_nmf,8,0.0917
P0577,tfidf_nmf,6,0.0646
P0578,tfidf_nmf,1,0.3456
P0579,tfidf_nmf,1,0.1085
P0582,tfidf_nmf,2,0.0981
P0583,tfidf_nmf,4,0.0528
P0584,tfidf_nmf,1,0.0829
P0585,tfidf_nmf,1,0.272
P0586,tfidf_nmf,1,0.1915
P0589,tfidf_nmf,2,0.1023
P0590,tfidf_nmf,1,0.0585
P0591,tfidf_nmf,1,0.2339
P0592,tfidf_nmf,1,0.1456
P0595,tfidf_nmf,2,0.0927
P0596,tfidf_nmf,10,0.118
P0597,tfidf_nmf,1,0.321
P0600,tfidf_nmf,2,0.1212
P0601,tfidf_nmf,1,0.0549
P0602,tfidf_nmf,1,0.3527
P0605,tfidf_nmf,10,0.1103
P0606,tfidf_nmf,12,0.1136
P0607,tfidf_nmf,1,0.2434
P0608,tfidf_nmf,1,0.0671
P0611,tfidf_nmf,10,0.0893
P0612,tfidf_nmf,1,0.1468
P0613,tfidf_nmf,1,0.2945
P0614,tfidf_nmf,1,0.1524
P0617,tfidf_nmf,6,0.1004
P0618,tfidf_nmf,1,0.1244
P0619,tfidf_nmf,1,0.2521
P0621,tfidf_nmf,2,0.1242
P0622,tfidf_nmf,1,0.0595
P0623,tfidf_nmf,1,0.1132
P0626,tfidf_nmf,10,0.1498
P0627,tfidf_nmf,1,0.0543
P0628,tfidf_nmf,1,0.348
P0631,tfidf_nmf,2,0.1367
P0632,tfidf_nmf,1,0.0701
P0633,tfidf_nmf,1,0.3021
P0634,tfidf_nmf,2,0.0972
P0637,tfidf_nmf,2,0.1689
P0638,tfidf_nmf,10,0.146
P0639,tfidf_nmf,10,0.1396
P0640,tfidf_nmf,1,0.3296
P0641,tfidf_nmf,10,0.1044
P0644,tfidf_nmf,2,0.1101
P0645,tfidf_nmf,12,0.0611
P0646,tfidf_nmf,1,0.2765
P0647,tfidf_nmf,1,0.116
P0649,tfidf_nmf,12,0.1037
P0650,tfidf_nmf,10,0.1091
P0653,tfidf_nmf,2,0.1863
P0654,tfidf_nmf,1,0.0553
P0655,tfidf_nmf,1,0.1833
P0658,tfidf_nmf,2,0.1496
P0659,tfidf_nmf,7,0.0771
P0660,tfidf_nmf,1,0.2913
P0663,tfidf_nmf,1,0.1234
P0664,tfidf_nmf,1,0.07
P0665,tfidf_nmf,1,0.2946
P0668,tfidf_nmf,1,0.1339
P0669,tfidf_nmf,1,0.0728
P0670,tfidf_nmf,1,0.2342
P0673,tfidf_nmf,12,0.1234
P0674,tfidf_nmf,1,0.0696
P0675,tfidf_nmf,1,0.2699
P0680,tfidf_nmf,12,0.0516
P0681,tfidf_nmf,11,0.0788
P0682,tfidf_nmf,11,0.1385
P0683,tfidf_nmf,2,0.0842
P0684,tfidf_nmf,2,0.1498
P0685,tfidf_nmf,8,0.0463
P0689,tfidf_nmf,11,0.176
P0690,tfidf_nmf,2,0.0642
P0691,tfidf_nmf,10,0.1446
P0692,tfidf_nmf,12,0.154
P0693,tfidf_nmf,2,0.1157
P0694,tfidf_nmf,7,0.0573
P0695,tfidf_nmf,11,0.1338
P0696,tfidf_nmf,7,0.0987
P0698,tfidf_nmf,7,0.1037
P0699,tfidf_nmf,11,0.2705
P0700,tfidf_nmf,10,0.3367
P0701,tfidf_nmf,5,0.1034
P0702,tfidf_nmf,6,0.1822
P0703,tfidf_nmf,11,0.1531
P0704,tfidf_nmf,12,0.2342
P0705,tfidf_nmf,11,0.0504
P0709,tfidf_nmf,6,0.1329
P0710,tfidf_nmf,4,0.0404
P0711,tfidf_nmf,11,0.2136
P0712,tfidf_nmf,6,0.2341
P0713,tfidf_nmf,6,0.2127
P0714,tfidf_nmf,6,0.2735
P0715,tfidf_nmf,9,0.2315
P0716,tfidf_nmf,6,0.2164
P0719,tfidf_nmf,6,0.1905
P0720,tfidf_nmf,6,0.272
P0721,tfidf_nmf,6,0.2125
P0722,tfidf_nmf,7,0.0675
P0723,tfidf_nmf,3,0.1157
P0724,tfidf_nmf,3,0.1196
P0725,tfidf_nmf,11,0.0476
P0726,tfidf_nmf,10,0.129
P0727,tfidf_nmf,10,0.2894
P0728,tfidf_nmf,0,0.0894
P0729,tfidf_nmf,6,0.1211
P0730,tfidf_nmf,0,0.1077
P0734,tfidf_nmf,0,0.0955
P0735,tfidf_nmf,0,0.1166
P0736,tfidf_nmf,3,0.0917
P0737,tfidf_nmf,7,0.0959
P0738,tfidf_nmf,11,0.0646
P0739,tfidf_nmf,5,0.2101
P0740,tfidf_nmf,10,0.1097
P0741,tfidf_nmf,6,0.1107
P0742,tfidf_nmf,6,0.279
P0743,tfidf_nmf,6,0.1195
P0744,tfidf_nmf,2,0.0987
P0745,tfidf_nmf,10,0.0708
P0749,tfidf_nmf,6,0.1724
P0750,tfidf_nmf,0,0.0499
P0751,tfidf_nmf,10,0.1135
P0752,tfidf_nmf,12,0.069
P0753,tfidf_nmf,6,0.1899
P0754,tfidf_nmf,5,0.0902
P0755,tfidf_nmf,1,0.0511
P0756,tfidf_nmf,5,0.1029
P0757,tfidf_nmf,11,0.1213
P0758,tfidf_nmf,7,0.0986
P0763,tfidf_nmf,9,0.0439
P0764,tfidf_nmf,12,0.1206
P0765,tfidf_nmf,7,0.1194
P0766,tfidf_nmf,7,0.1017
P0767,tfidf_nmf,11,0.1543
P0768,tfidf_nmf,2,0.0507
P0769,tfidf_nmf,8,0.035
P0770,tfidf_nmf,0,0.0669
P0771,tfidf_nmf,12,0.0547
P0772,tfidf_nmf,0,0.0567
P0773,tfidf_nmf,0,0.0656
P0774,tfidf_nmf,2,0.0584
P0777,tfidf_nmf,12,0.0557
P0778,tfidf_nmf,10,0.1755
P0779,tfidf_nmf,0,0.0596
P0780,tfidf_nmf,8,0.0779
P0781,tfidf_nmf,12,0.1559
P0782,tfidf_nmf,6,0.1762
P0783,tfidf_nmf,12,0.1317
P0784,tfidf_nmf,12,0.1243
P0785,tfidf_nmf,12,0.2036
P0786,tfidf_nmf,5,0.1468
P0787,tfidf_nmf,12,0.2043
P0788,tfidf_nmf,12,0.2785
P0791,tfidf_nmf,12,0.2708
P0793,tfidf_nmf,12,0.2681
P0794,tfidf_nmf,2,0.0666
P0795,tfidf_nmf,9,0.0783
P0796,tfidf_nmf,12,0.1246
P0797,tfidf_nmf,5,0.0559
P0798,tfidf_nmf,9,0.0767
P0799,tfidf_nmf,9,0.1225
P0800,tfidf_nmf,5,0.0433
P0801,tfidf_nmf,5,0.1511
P0802,tfidf_nmf,12,0.0946
P0803,tfidf_nmf,5,0.1582
P0804,tfidf_nmf,10,0.1555
P0805,tfidf_nmf,9,0.0626
P0809,tfidf_nmf,0,0.103
P0810,tfidf_nmf,9,0.1398
P0811,tfidf_nmf,12,0.14
P0812,tfidf_nmf,12,0.0671
P0813,tfidf_nmf,7,0.1342
P0814,tfidf_nmf,3,0.0647
P0815,tfidf_nmf,1,0.1265
P0816,tfidf_nmf,5,0.1114
P0817,tfidf_nmf,0,0.0547
P0818,tfidf_nmf,5,0.2536
P0819,tfidf_nmf,0,0.0556
P0823,tfidf_nmf,5,0.0543
P0824,tfidf_nmf,5,0.0649
P0826,tfidf_nmf,0,0.0766
P0827,tfidf_nmf,0,0.0888
P0829,tfidf_nmf,5,0.0413
P0830,tfidf_nmf,7,0.0718
P0831,tfidf_nmf,6,0.0748
P0832,tfidf_nmf,10,0.0638
P0833,tfidf_nmf,10,0.0503
P0834,tfidf_nmf,10,0.1087
P0835,tfidf_nmf,7,0.1149
P0839,tfidf_nmf,12,0.0615
P0840,tfidf_nmf,7,0.1002
P0843,tfidf_nmf,12,0.0258
P0845,tfidf_nmf,6,0.1173
P0846,tfidf_nmf,9,0.2215
P0847,tfidf_nmf,10,0.0814
P0848,tfidf_nmf,5,0.122
P0852,tfidf_nmf,11,0.1363
P0853,tfidf_nmf,5,0.0678
P0855,tfidf_nmf,11,0.0818
P0859,tfidf_nmf,8,0.1879
P0860,tfidf_nmf,11,0.1797
P0861,tfidf_nmf,8,0.3245
P0862,tfidf_nmf,11,0.4087
P0864,tfidf_nmf,8,0.342
P0865,tfidf_nmf,8,0.2488
P0866,tfidf_nmf,8,0.2205
P0868,tfidf_nmf,11,0.4852
P0869,tfidf_nmf,8,0.4236
P0870,tfidf_nmf,8,0.1397
P0871,tfidf_nmf,8,0.2808
P0872,tfidf_nmf,8,0.2179
P0873,tfidf_nmf,8,0.1843
P0874,tfidf_nmf,8,0.0987
P0875,tfidf_nmf,8,0.0977
P0876,tfidf_nmf,12,0.0582
P0877,tfidf_nmf,8,0.0774
P0879,tfidf_nmf,8,0.1582
P0882,tfidf_nmf,8,0.0685
P0883,tfidf_nmf,8,0.2837
P0884,tfidf_nmf,8,0.1445
P0886,tfidf_nmf,6,0.0929
P0887,tfidf_nmf,11,0.413
P0888,tfidf_nmf,11,0.5296
P0889,tfidf_nmf,11,0.3321
P0890,tfidf_nmf,6,0.0658
P0892,tfidf_nmf,11,0.4255
P0893,tfidf_nmf,11,0.103
P0894,tfidf_nmf,11,0.1393
P0895,tfidf_nmf,11,0.0605
P0896,tfidf_nmf,10,0.285
P0897,tfidf_nmf,10,0.1689
P0898,tfidf_nmf,8,0.1842
P0899,tfidf_nmf,7,0.0784
P0900,tfidf_nmf,8,0.0199
P0904,tfidf_nmf,5,0.089
P0905,tfidf_nmf,5,0.2694
P0906,tfidf_nmf,0,0.0761
P0907,tfidf_nmf,1,0.0837
P0908,tfidf_nmf,4,0.1194
P0910,tfidf_nmf,6,0.1243
P0911,tfidf_nmf,0,0.1135
P0912,tfidf_nmf,5,0.0998
P0913,tfidf_nmf,0,0.0755
P0914,tfidf_nmf,7,0.0894
P0915,tfidf_nmf,7,0.1739
P0916,tfidf_nmf,7,0.1329
P0917,tfidf_nmf,9,0.048
P0918,tfidf_nmf,7,0.0512
P0919,tfidf_nmf,8,0.0793
P0920,tfidf_nmf,0,0.0378
P0921,tfidf_nmf,7,0.0585
P0925,tfidf_nmf,12,0.1726
P0926,tfidf_nmf,10,0.1454
P0927,tfidf_nmf,2,0.0962
P0928,tfidf_nmf,2,0.0501
P0929,tfidf_nmf,7,0.0489
P0931,tfidf_nmf,9,0.3177
P0932,tfidf_nmf,9,0.1905
P0933,tfidf_nmf,9,0.2077
P0934,tfidf_nmf,9,0.3774
P0935,tfidf_nmf,9,0.3825
P0939,tfidf_nmf,9,0.4231
P0940,tfidf_nmf,9,0.3147
P0941,tfidf_nmf,9,0.3039
P0942,tfidf_nmf,9,0.4024
P0943,tfidf_nmf,9,0.0909
P0944,tfidf_nmf,9,0.1456
P0945,tfidf_nmf,11,0.1497
P0946,tfidf_nmf,8,0.0896
P0947,tfidf_nmf,7,0.1296
P0948,tfidf_nmf,3,0.1658
P0950,tfidf_nmf,7,0.1027
P0951,tfidf_nmf,4,0.0456
P0955,tfidf_nmf,3,0.0651
P0956,tfidf_nmf,6,0.0903
P0957,tfidf_nmf,6,0.0902
P0958,tfidf_nmf,3,0.0764
P0959,tfidf_nmf,10,0.1419
P0960,tfidf_nmf,7,0.0829
P0961,tfidf_nmf,7,0.0965
P0962,tfidf_nmf,6,0.1229
P0963,tfidf_nmf,6,0.1272
P0964,tfidf_nmf,2,0.072
P0965,tfidf_nmf,7,0.1257
P0966,tfidf_nmf,7,0.1118
P0970,tfidf_nmf,4,0.2922
P0971,tfidf_nmf,4,0.4604
P0972,tfidf_nmf,4,0.413
P0973,tfidf_nmf,4,0.4439
P0974,tfidf_nmf,4,0.1522
P0975,tfidf_nmf,4,0.0933
P0976,tfidf_nmf,4,0.0868
P0977,tfidf_nmf,0,0.0843
P0978,tfidf_nmf,5,0.0544
P0979,tfidf_nmf,12,0.0726
P0980,tfidf_nmf,10,0.1691
P0981,tfidf_nmf,7,0.0863
P0982,tfidf_nmf,10,0.1481
P0983,tfidf_nmf,5,0.0843
P0984,tfidf_nmf,7,0.0901
P0985,tfidf_nmf,5,0.3641
P0986,tfidf_nmf,10,0.1048
P0987,tfidf_nmf,5,0.1539
P0988,tfidf_nmf,6,0.1671
P0989,tfidf_nmf,7,0.1123
P0990,tfidf_nmf,7,0.0991
P0994,tfidf_nmf,8,0.1217
P0995,tfidf_nmf,10,0.121
P0996,tfidf_nmf,7,0.0844
P0997,tfidf_nmf,7,0.1879
P0999,tfidf_nmf,7,0.1985
P1000,tfidf_nmf,7,0.1381
P1001,tfidf_nmf,5,0.1374
P1007,tfidf_nmf,11,0.0936
P1009,tfidf_nmf,7,0.2179
P1010,tfidf_nmf,7,0.1806
P1011,tfidf_nmf,7,0.076
P1012,tfidf_nmf,7,0.2202
P1013,tfidf_nmf,7,0.1659
P1014,tfidf_nmf,7,0.2331
P1015,tfidf_nmf,7,0.1314
P1022,tfidf_nmf,2,0.2123
P1023,tfidf_nmf,2,0.2327
P1025,tfidf_nmf,2,0.1117
P1026,tfidf_nmf,7,0.0869
P1027,tfidf_nmf,2,0.1513
P1031,tfidf_nmf,2,0.2625
P1033,tfidf_nmf,7,0.1056
P1035,tfidf_nmf,2,0.0943
P1037,tfidf_nmf,6,0.0906
P1039,tfidf_nmf,10,0.1225
P1041,tfidf_nmf,12,0.1294
P1045,tfidf_nmf,12,0.1238
P1047,tfidf_nmf,12,0.1509
P1050,tfidf_nmf,2,0.2073
P1051,tfidf_nmf,11,0.089
P1052,tfidf_nmf,2,0.1342
P0019,lda,5,0.6185
P0020,lda,3,0.5794
P0021,lda,9,0.6816
P0022,lda,10,0.4344
P0023,lda,3,0.4113
P0025,lda,3,0.4193
P0027,lda,5,0.4161
P0028,lda,3,0.9024
P0029,lda,6,0.5762
P0032,lda,0,0.9604
P0033,lda,8,0.956
P0034,lda,12,0.531
P0036,lda,12,0.5061
P0037,lda,4,0.6076
P0039,lda,4,0.959
P0040,lda,12,0.4828
P0047,lda,1,0.3462
P0049,lda,12,0.5075
P0050,lda,4,0.9779
P0052,lda,3,0.9098
P0053,lda,3,0.9794
P0055,lda,11,0.8938
P0056,lda,12,0.748
P0058,lda,1,0.5705
P0060,lda,12,0.5948
P0061,lda,4,0.4049
P0062,lda,12,0.6663
P0063,lda,3,0.9485
P0065,lda,11,0.5679
P0066,lda,3,0.9702
P0067,lda,11,0.9775
P0069,lda,11,0.9775
P0070,lda,12,0.7313
P0071,lda,5,0.5084
P0072,lda,11,0.9344
P0073,lda,12,0.9807
P0075,lda,3,0.6924
P0076,lda,11,0.7318
P0077,lda,11,0.8554
P0078,lda,4,0.9097
P0079,lda,4,0.6879
P0080,lda,12,0.4793
P0086,lda,12,0.5904
P0087,lda,4,0.6432
P0088,lda,4,0.9669
P0092,lda,4,0.9576
P0112,lda,10,0.7183
P0114,lda,10,0.9462
P0120,lda,12,0.9264
P0122,lda,10,0.6423
P0124,lda,3,0.6156
P0128,lda,12,0.9161
P0130,lda,9,0.9462
P0132,lda,11,0.5696
P0136,lda,12,0.4641
P0138,lda,7,0.9264
P0140,lda,4,0.5513
P0146,lda,5,0.9506
P0152,lda,1,0.9378
P0154,lda,10,0.9437
P0156,lda,7,0.5275
P0160,lda,6,0.5185
P0162,lda,5,0.9462
P0164,lda,6,0.6889
P0168,lda,4,0.6496
P0170,lda,4,0.964
P0172,lda,0,0.9098
P0176,lda,4,0.4037
P0178,lda,10,0.9161
P0180,lda,6,0.5043
P0181,lda,10,0.6577
P0186,lda,12,0.9024
P0188,lda,0,0.9264
P0191,lda,7,0.5276
P0194,lda,12,0.9216
P0195,lda,7,0.5327
P0196,lda,6,0.9409
P0198,lda,7,0.5205
P0201,lda,2,0.9858
P0202,lda,2,0.5113
P0204,lda,7,0.8938
P0205,lda,7,0.9687
P0206,lda,7,0.6697
P0207,lda,7,0.9746
P0208,lda,5,0.9716
P0211,lda,9,0.6513
P0212,lda,3,0.5482
P0217,lda,2,0.8709
P0218,lda,2,0.9678
P0219,lda,2,0.3971
P0220,lda,2,0.3891
P0223,lda,12,0.6639
P0224,lda,6,0.9787
P0226,lda,12,0.749
P0228,lda,12,0.9804
P0229,lda,12,0.9678
P0231,lda,0,0.9378
P0234,lda,4,0.6083
P0235,lda,4,0.9604
P0237,lda,9,0.4233
P0238,lda,4,0.9783
P0240,lda,8,0.6038
P0241,lda,8,0.9702
P0242,lda,2,0.629
P0243,lda,4,0.4925
P0244,lda,8,0.9215
P0247,lda,2,0.9798
P0248,lda,2,0.4618
P0250,lda,2,0.8082
P0251,lda,3,0.5522
P0252,lda,11,0.2925
P0253,lda,3,0.9544
P0254,lda,2,0.5826
P0255,lda,2,0.4639
P0257,lda,10,0.9098
P0258,lda,7,0.8233
P0259,lda,10,0.964
P0260,lda,9,0.9437
P0261,lda,10,0.9628
P0263,lda,2,0.9024
P0264,lda,2,0.6499
P0265,lda,2,0.6851
P0266,lda,2,0.9264
P0267,lda,3,0.6867
P0268,lda,10,0.9098
P0269,lda,5,0.3043
P0271,lda,0,0.9216
P0272,lda,9,0.9485
P0275,lda,2,0.9506
P0277,lda,9,0.4782
P0278,lda,2,0.5425
P0279,lda,1,0.3252
P0280,lda,2,0.7222
P0281,lda,3,0.9485
P0282,lda,9,0.494
P0284,lda,2,0.4951
P0285,lda,2,0.52
P0286,lda,9,0.4262
P0287,lda,6,0.7261
P0288,lda,1,0.9024
P0289,lda,2,0.7059
P0290,lda,6,0.9741
P0292,lda,2,0.871
P0293,lda,2,0.6786
P0294,lda,2,0.7054
P0295,lda,6,0.3775
P0298,lda,6,0.583
P0299,lda,2,0.5046
P0300,lda,9,0.9716
P0301,lda,5,0.4922
P0302,lda,2,0.4861
P0303,lda,2,0.6677
P0304,lda,5,0.9378
P0306,lda,2,0.6919
P0307,lda,2,0.9576
P0309,lda,2,0.5276
P0310,lda,2,0.6026
P0312,lda,2,0.8867
P0313,lda,2,0.8938
P0316,lda,2,0.959
P0317,lda,11,0.9216
P0318,lda,5,0.727
P0319,lda,8,0.4687
P0322,lda,12,0.561
P0323,lda,7,0.965
P0325,lda,10,0.9716
P0327,lda,0,0.8835
P0328,lda,3,0.9678
P0329,lda,2,0.592
P0331,lda,8,0.4251
P0334,lda,3,0.4765
P0336,lda,2,0.3948
P0337,lda,4,0.9506
P0338,lda,0,0.9617
P0339,lda,0,0.6081
P0341,lda,7,0.4493
P0342,lda,7,0.4923
P0343,lda,9,0.5469
P0344,lda,7,0.5665
P0345,lda,4,0.4393
P0347,lda,11,0.3994
P0348,lda,11,0.9576
P0349,lda,10,0.4458
P0350,lda,8,0.9544
P0351,lda,2,0.5728
P0354,lda,11,0.9576
P0355,lda,7,0.3465
P0356,lda,0,0.7109
P0358,lda,0,0.6085
P0360,lda,0,0.3382
P0361,lda,2,0.3797
P0362,lda,1,0.9766
P0363,lda,10,0.7256
P0365,lda,2,0.5259
P0366,lda,2,0.7345
P0367,lda,2,0.7407
P0369,lda,11,0.5882
P0370,lda,7,0.5333
P0371,lda,11,0.9702
P0373,lda,7,0.5668
P0374,lda,7,0.9702
P0375,lda,7,0.4473
P0376,lda,1,0.4943
P0378,lda,2,0.3718
P0379,lda,0,0.6171
P0380,lda,8,0.4553
P0381,lda,8,0.9617
P0383,lda,2,0.9024
P0384,lda,2,0.9702
P0385,lda,2,0.4404
P0388,lda,5,0.9669
P0389,lda,2,0.4002
P0392,lda,2,0.9306
P0393,lda,6,0.7925
P0396,lda,0,0.6206
P0397,lda,10,0.9757
P0400,lda,11,0.6055
P0401,lda,2,0.565
P0402,lda,4,0.4158
P0404,lda,0,0.8591
P0408,lda,12,0.5177
P0409,lda,2,0.7416
P0410,lda,3,0.4092
P0412,lda,11,0.6625
P0413,lda,9,0.5761
P0414,lda,0,0.964
P0417,lda,0,0.9741
P0418,lda,0,0.9709
P0420,lda,2,0.7521
P0421,lda,2,0.5311
P0422,lda,2,0.4991
P0423,lda,2,0.5223
P0424,lda,9,0.5761
P0425,lda,2,0.518
P0427,lda,0,0.9024
P0428,lda,5,0.9344
P0429,lda,1,0.9804
P0430,lda,1,0.9628
P0431,lda,0,0.9729
P0432,lda,3,0.6722
P0433,lda,0,0.5725
P0435,lda,3,0.527
P0438,lda,11,0.9074
P0439,lda,11,0.9783
P0441,lda,0,0.7126
P0444,lda,6,0.792
P0445,lda,6,0.5099
P0448,lda,6,0.9669
P0449,lda,6,0.5123
P0450,lda,6,0.867
P0453,lda,6,0.6344
P0454,lda,10,0.9617
P0455,lda,10,0.9787
P0456,lda,4,0.9816
P0459,lda,10,0.9544
P0460,lda,10,0.5596
P0461,lda,1,0.6043
P0463,lda,0,0.8904
P0465,lda,11,0.5452
P0466,lda,2,0.5872
P0467,lda,9,0.9757
P0468,lda,11,0.9783
P0469,lda,0,0.9378
P0471,lda,2,0.65
P0472,lda,2,0.7482
P0473,lda,2,0.964
P0476,lda,6,0.9741
P0477,lda,8,0.9409
P0478,lda,5,0.9702
P0479,lda,7,0.966
P0481,lda,2,0.8835
P0482,lda,4,0.9702
P0483,lda,5,0.9216
P0484,lda,2,0.7385
P0485,lda,6,0.3829
P0487,lda,7,0.7711
P0488,lda,2,0.5102
P0489,lda,2,0.9544
P0492,lda,8,0.9344
P0493,lda,8,0.659
P0494,lda,8,0.6669
P0495,lda,8,0.9485
P0496,lda,8,0.5554
P0497,lda,9,0.4996
P0500,lda,7,0.6433
P0501,lda,7,0.9798
P0502,lda,7,0.9378
P0503,lda,7,0.5012
P0505,lda,0,0.7064
P0508,lda,10,0.4293
P0509,lda,10,0.6458
P0512,lda,2,0.9723
P0513,lda,2,0.6085
P0515,lda,2,0.4832
P0516,lda,2,0.4933
P0518,lda,4,0.4836
P0519,lda,4,0.9378
P0521,lda,2,0.9098
P0522,lda,2,0.9757
P0523,lda,2,0.9628
P0526,lda,2,0.9757
P0527,lda,2,0.9344
P0528,lda,5,0.5887
P0531,lda,3,0.9628
P0532,lda,2,0.7524
P0533,lda,5,0.5515
P0534,lda,3,0.4663
P0537,lda,2,0.6091
P0538,lda,3,0.6427
P0539,lda,2,0.6445
P0540,lda,6,0.3808
P0546,lda,3,0.9669
P0547,lda,3,0.518
P0548,lda,3,0.3395
P0549,lda,3,0.9628
P0552,lda,3,0.9761
P0553,lda,7,0.4919
P0554,lda,1,0.6047
P0555,lda,1,0.3317
P0558,lda,7,0.7078
P0559,lda,0,0.6796
P0560,lda,0,0.959
P0563,lda,11,0.6078
P0564,lda,1,0.5986
P0566,lda,1,0.9544
P0569,lda,10,0.6838
P0570,lda,10,0.9824
P0572,lda,1,0.537
P0573,lda,10,0.5471
P0576,lda,11,0.4237
P0577,lda,7,0.9735
P0578,lda,1,0.4175
P0579,lda,0,0.9161
P0582,lda,1,0.4018
P0583,lda,7,0.4896
P0584,lda,3,0.9617
P0585,lda,1,0.4271
P0586,lda,1,0.5469
P0589,lda,7,0.6944
P0590,lda,3,0.613
P0591,lda,3,0.5143
P0592,lda,9,0.5364
P0595,lda,8,0.956
P0596,lda,9,0.5139
P0597,lda,1,0.6097
P0600,lda,7,0.4289
P0601,lda,7,0.6107
P0602,lda,1,0.8365
P0605,lda,3,0.5812
P0606,lda,7,0.959
P0607,lda,1,0.4839
P0608,lda,3,0.5341
P0611,lda,3,0.5228
P0612,lda,1,0.4869
P0613,lda,1,0.4547
P0614,lda,1,0.5529
P0617,lda,1,0.5127
P0618,lda,1,0.9702
P0619,lda,1,0.5675
P0621,lda,9,0.9161
P0622,lda,3,0.9436
P0623,lda,7,0.6909
P0626,lda,6,0.966
P0627,lda,12,0.4126
P0628,lda,1,0.9409
P0631,lda,9,0.3282
P0632,lda,9,0.9735
P0633,lda,1,0.9024
P0634,lda,10,0.956
P0637,lda,3,0.475
P0638,lda,2,0.5929
P0639,lda,5,0.9678
P0640,lda,1,0.9216
P0641,lda,8,0.5589
P0644,lda,3,0.7746
P0645,lda,12,0.4919
P0646,lda,1,0.7008
P0647,lda,11,0.5293
P0649,lda,8,0.9409
P0650,lda,2,0.4306
P0653,lda,7,0.9409
P0654,lda,7,0.9628
P0655,lda,1,0.4818
P0658,lda,11,0.6664
P0659,lda,4,0.9526
P0660,lda,1,0.6972
P0663,lda,1,0.3081
P0664,lda,11,0.9485
P0665,lda,1,0.5898
P0668,lda,7,0.6671
P0669,lda,3,0.9604
P0670,lda,1,0.5464
P0673,lda,1,0.311
P0674,lda,0,0.2992
P0675,lda,1,0.5818
P0680,lda,11,0.8938
P0681,lda,3,0.5907
P0682,lda,7,0.9678
P0683,lda,9,0.5307
P0684,lda,3,0.9617
P0685,lda,5,0.8554
P0689,lda,8,0.9576
P0690,lda,4,0.5236
P0691,lda,3,0.959
P0692,lda,3,0.7125
P0693,lda,9,0.9716
P0694,lda,3,0.5773
P0695,lda,9,0.9628
P0696,lda,9,0.9628
P0698,lda,4,0.9485
P0699,lda,6,0.7727
P0700,lda,2,0.4939
P0701,lda,6,0.5581
P0702,lda,2,0.4796
P0703,lda,6,0.407
P0704,lda,6,0.8371
P0705,lda,8,0.8137
P0709,lda,0,0.9506
P0710,lda,3,0.6679
P0711,lda,6,0.5211
P0712,lda,0,0.3311
P0713,lda,2,0.4125
P0714,lda,9,0.9729
P0715,lda,5,0.5546
P0716,lda,2,0.9526
P0719,lda,2,0.4529
P0720,lda,5,0.9687
P0721,lda,9,0.523
P0722,lda,0,0.9306
P0723,lda,12,0.5998
P0724,lda,12,0.9378
P0725,lda,3,0.5718
P0726,lda,12,0.5253
P0727,lda,2,0.6048
P0728,lda,12,0.4919
P0729,lda,10,0.964
P0730,lda,2,0.6928
P0734,lda,12,0.4775
P0735,lda,7,0.9526
P0736,lda,12,0.4236
P0737,lda,6,0.5465
P0738,lda,9,0.8835
P0739,lda,2,0.8335
P0740,lda,12,0.6116
P0741,lda,2,0.6322
P0742,lda,2,0.9526
P0743,lda,2,0.6729
P0744,lda,3,0.3798
P0745,lda,2,0.6519
P0749,lda,2,0.9816
P0750,lda,2,0.4594
P0751,lda,2,0.6064
P0752,lda,2,0.6217
P0753,lda,6,0.8356
P0754,lda,6,0.6119
P0755,lda,3,0.871
P0756,lda,2,0.9544
P0757,lda,6,0.9702
P0758,lda,6,0.9741
P0763,lda,1,0.9024
P0764,lda,12,0.9827
P0765,lda,3,0.3777
P0766,lda,6,0.9801
P0767,lda,6,0.5564
P0768,lda,11,0.8835
P0769,lda,2,0.6167
P0770,lda,2,0.4593
P0771,lda,10,0.5861
P0772,lda,2,0.4435
P0773,lda,2,0.7952
P0774,lda,12,0.8709
P0777,lda,5,0.9306
P0778,lda,3,0.33
P0779,lda,2,0.4433
P0780,lda,3,0.7686
P0781,lda,12,0.9506
P0782,lda,6,0.4813
P0783,lda,8,0.5555
P0784,lda,8,0.9264
P0785,lda,2,0.7264
P0786,lda,7,0.9617
P0787,lda,8,0.6022
P0788,lda,8,0.9576
P0791,lda,8,0.9757
P0793,lda,8,0.5116
P0794,lda,12,0.5618
P0795,lda,6,0.4359
P0796,lda,6,0.5219
P0797,lda,2,0.9306
P0798,lda,8,0.5798
P0799,lda,6,0.9751
P0800,lda,8,0.5914
P0801,lda,2,0.4941
P0802,lda,8,0.9604
P0803,lda,2,0.4405
P0804,lda,2,0.4758
P0805,lda,2,0.9506
P0809,lda,2,0.7442
P0810,lda,2,0.964
P0811,lda,10,0.4808
P0812,lda,12,0.4572
P0813,lda,0,0.8709
P0814,lda,11,0.966
P0815,lda,8,0.5745
P0816,lda,2,0.9695
P0817,lda,2,0.775
P0818,lda,2,0.7595
P0819,lda,2,0.7843
P0823,lda,7,0.7897
P0824,lda,2,0.5994
P0826,lda,11,0.5243
P0827,lda,0,0.6453
P0829,lda,3,0.9344
P0830,lda,6,0.7109
P0831,lda,9,0.965
P0832,lda,5,0.9709
P0833,lda,0,0.9798
P0834,lda,2,0.4681
P0835,lda,0,0.5539
P0839,lda,10,0.6245
P0840,lda,0,0.6078
P0843,lda,3,0.9098
P0845,lda,2,0.3721
P0846,lda,8,0.9437
P0847,lda,2,0.4544
P0848,lda,12,0.9378
P0852,lda,10,0.9761
P0853,lda,10,0.4668
P0855,lda,6,0.964
P0859,lda,10,0.956
P0860,lda,11,0.5392
P0861,lda,9,0.5058
P0862,lda,0,0.966
P0864,lda,11,0.8356
P0865,lda,6,0.8938
P0866,lda,11,0.5398
P0868,lda,6,0.5741
P0869,lda,6,0.5458
P0870,lda,6,0.959
P0871,lda,9,0.6041
P0872,lda,10,0.3658
P0873,lda,10,0.965
P0874,lda,9,0.9378
P0875,lda,11,0.964
P0876,lda,8,0.964
P0877,lda,6,0.9576
P0879,lda,10,0.5332
P0882,lda,1,0.9161
P0883,lda,10,0.5761
P0884,lda,6,0.5247
P0886,lda,4,0.9485
P0887,lda,6,0.6296
P0888,lda,6,0.5159
P0889,lda,11,0.9161
P0890,lda,6,0.5271
P0892,lda,9,0.5629
P0893,lda,10,0.4558
P0894,lda,10,0.8938
P0895,lda,12,0.9544
P0896,lda,2,0.9462
P0897,lda,6,0.964
P0898,lda,10,0.9709
P0899,lda,4,0.9378
P0900,lda,8,0.8938
P0904,lda,7,0.4895
P0905,lda,2,0.6895
P0906,lda,7,0.9628
P0907,lda,3,0.4365
P0908,lda,0,0.3048
P0910,lda,2,0.4467
P0911,lda,7,0.9604
P0912,lda,2,0.9409
P0913,lda,2,0.6503
P0914,lda,11,0.9709
P0915,lda,5,0.9576
P0916,lda,9,0.966
P0917,lda,3,0.9161
P0918,lda,8,0.5144
P0919,lda,2,0.9678
P0920,lda,7,0.6647
P0921,lda,0,0.9628
P0925,lda,9,0.4663
P0926,lda,7,0.9709
P0927,lda,12,0.3873
P0928,lda,1,0.5156
P0929,lda,9,0.959
P0931,lda,2,0.9723
P0932,lda,5,0.727
P0933,lda,2,0.3887
P0934,lda,2,0.959
P0935,lda,2,0.9695
P0939,lda,2,0.9669
P0940,lda,5,0.9526
P0941,lda,2,0.9854
P0942,lda,3,0.491
P0943,lda,9,0.9766
P0944,lda,2,0.353
P0945,lda,9,0.9604
P0946,lda,3,0.7946
P0947,lda,3,0.6381
P0948,lda,8,0.6113
P0950,lda,4,0.5728
P0951,lda,5,0.9306
P0955,lda,8,0.9378
P0956,lda,2,0.3795
P0957,lda,9,0.3832
P0958,lda,6,0.9437
P0959,lda,4,0.9576
P0960,lda,5,0.956
P0961,lda,3,0.9741
P0962,lda,1,0.9604
P0963,lda,7,0.9264
P0964,lda,12,0.4919
P0965,lda,10,0.9526
P0966,lda,3,0.3733
P0970,lda,5,0.9409
P0971,lda,1,0.9804
P0972,lda,1,0.9628
P0973,lda,0,0.9729
P0974,lda,3,0.9264
P0975,lda,0,0.4976
P0976,lda,7,0.981
P0977,lda,2,0.6877
P0978,lda,12,0.7224
P0979,lda,1,0.4769
P0980,lda,3,0.5358
P0981,lda,6,0.9216
P0982,lda,10,0.4395
P0983,lda,2,0.5756
P0984,lda,6,0.6299
P0985,lda,2,0.8142
P0986,lda,5,0.9344
P0987,lda,11,0.4731
P0988,lda,2,0.4067
P0989,lda,5,0.511
P0990,lda,6,0.9576
P0994,lda,8,0.9344
P0995,lda,6,0.6517
P0996,lda,9,0.9216
P0997,lda,8,0.9544
P0999,lda,8,0.9678
P1000,lda,4,0.9702
P1001,lda,7,0.5977
P1007,lda,12,0.9669
P1009,lda,0,0.3872
P1010,lda,6,0.4649
P1011,lda,4,0.9687
P1012,lda,4,0.959
P1013,lda,5,0.9216
P1014,lda,4,0.5407
P1015,lda,6,0.4773
P1022,lda,4,0.9723
P1023,lda,12,0.9678
P1025,lda,8,0.959
P1026,lda,0,0.5233
P1027,lda,12,0.5103
P1031,lda,12,0.9409
P1033,lda,7,0.5742
P1035,lda,12,0.3819
P1037,lda,6,0.4006
P1039,lda,5,0.9409
P1041,lda,12,0.9409
P1045,lda,12,0.574
P1047,lda,8,0.956
P1050,lda,12,0.959
P1051,lda,10,0.7352
P1052,lda,3,0.5512
P0019,embedding_kmeans,6,1.0
P0020,embedding_kmeans,8,1.0
P0021,embedding_kmeans,6,1.0
P0022,embedding_kmeans,6,1.0
P0023,embedding_kmeans,6,1.0
P0025,embedding_kmeans,6,1.0
P0027,embedding_kmeans,6,1.0
P0028,embedding_kmeans,6,1.0
P0029,embedding_kmeans,2,1.0
P0032,embedding_kmeans,8,1.0
P0033,embedding_kmeans,3,1.0
P0034,embedding_kmeans,6,1.0
P0036,embedding_kmeans,8,1.0
P0037,embedding_kmeans,3,1.0
P0039,embedding_kmeans,6,1.0
P0040,embedding_kmeans,6,1.0
P0047,embedding_kmeans,0,1.0
P0049,embedding_kmeans,2,1.0
P0050,embedding_kmeans,6,1.0
P0052,embedding_kmeans,6,1.0
P0053,embedding_kmeans,8,1.0
P0055,embedding_kmeans,0,1.0
P0056,embedding_kmeans,8,1.0
P0058,embedding_kmeans,8,1.0
P0060,embedding_kmeans,3,1.0
P0061,embedding_kmeans,8,1.0
P0062,embedding_kmeans,8,1.0
P0063,embedding_kmeans,6,1.0
P0065,embedding_kmeans,3,1.0
P0066,embedding_kmeans,3,1.0
P0067,embedding_kmeans,3,1.0
P0069,embedding_kmeans,8,1.0
P0070,embedding_kmeans,8,1.0
P0071,embedding_kmeans,8,1.0
P0072,embedding_kmeans,8,1.0
P0073,embedding_kmeans,8,1.0
P0075,embedding_kmeans,8,1.0
P0076,embedding_kmeans,6,1.0
P0077,embedding_kmeans,3,1.0
P0078,embedding_kmeans,8,1.0
P0079,embedding_kmeans,3,1.0
P0080,embedding_kmeans,6,1.0
P0086,embedding_kmeans,3,1.0
P0087,embedding_kmeans,3,1.0
P0088,embedding_kmeans,3,1.0
P0092,embedding_kmeans,6,1.0
P0112,embedding_kmeans,8,1.0
P0114,embedding_kmeans,3,1.0
P0120,embedding_kmeans,3,1.0
P0122,embedding_kmeans,3,1.0
P0124,embedding_kmeans,7,1.0
P0128,embedding_kmeans,3,1.0
P0130,embedding_kmeans,3,1.0
P0132,embedding_kmeans,3,1.0
P0136,embedding_kmeans,3,1.0
P0138,embedding_kmeans,3,1.0
P0140,embedding_kmeans,3,1.0
P0146,embedding_kmeans,3,1.0
P0152,embedding_kmeans,3,1.0
P0154,embedding_kmeans,3,1.0
P0156,embedding_kmeans,7,1.0
P0160,embedding_kmeans,3,1.0
P0162,embedding_kmeans,3,1.0
P0164,embedding_kmeans,7,1.0
P0168,embedding_kmeans,3,1.0
P0170,embedding_kmeans,3,1.0
P0172,embedding_kmeans,3,1.0
P0176,embedding_kmeans,3,1.0
P0178,embedding_kmeans,3,1.0
P0180,embedding_kmeans,7,1.0
P0181,embedding_kmeans,3,1.0
P0186,embedding_kmeans,3,1.0
P0188,embedding_kmeans,10,1.0
P0191,embedding_kmeans,4,1.0
P0194,embedding_kmeans,8,1.0
P0195,embedding_kmeans,0,1.0
P0196,embedding_kmeans,3,1.0
P0198,embedding_kmeans,9,1.0
P0201,embedding_kmeans,1,1.0
P0202,embedding_kmeans,9,1.0
P0204,embedding_kmeans,8,1.0
P0205,embedding_kmeans,0,1.0
P0206,embedding_kmeans,0,1.0
P0207,embedding_kmeans,8,1.0
P0208,embedding_kmeans,7,1.0
P0211,embedding_kmeans,7,1.0
P0212,embedding_kmeans,7,1.0
P0217,embedding_kmeans,4,1.0
P0218,embedding_kmeans,1,1.0
P0219,embedding_kmeans,9,1.0
P0220,embedding_kmeans,9,1.0
P0223,embedding_kmeans,3,1.0
P0224,embedding_kmeans,9,1.0
P0226,embedding_kmeans,11,1.0
P0228,embedding_kmeans,3,1.0
P0229,embedding_kmeans,3,1.0
P0231,embedding_kmeans,10,1.0
P0234,embedding_kmeans,9,1.0
P0235,embedding_kmeans,8,1.0
P0237,embedding_kmeans,9,1.0
P0238,embedding_kmeans,6,1.0
P0240,embedding_kmeans,9,1.0
P0241,embedding_kmeans,9,1.0
P0242,embedding_kmeans,9,1.0
P0243,embedding_kmeans,0,1.0
P0244,embedding_kmeans,6,1.0
P0247,embedding_kmeans,4,1.0
P0248,embedding_kmeans,1,1.0
P0250,embedding_kmeans,4,1.0
P0251,embedding_kmeans,9,1.0
P0252,embedding_kmeans,3,1.0
P0253,embedding_kmeans,7,1.0
P0254,embedding_kmeans,1,1.0
P0255,embedding_kmeans,3,1.0
P0257,embedding_kmeans,8,1.0
P0258,embedding_kmeans,0,1.0
P0259,embedding_kmeans,8,1.0
P0260,embedding_kmeans,0,1.0
P0261,embedding_kmeans,3,1.0
P0263,embedding_kmeans,4,1.0
P0264,embedding_kmeans,11,1.0
P0265,embedding_kmeans,4,1.0
P0266,embedding_kmeans,4,1.0
P0267,embedding_kmeans,9,1.0
P0268,embedding_kmeans,6,1.0
P0269,embedding_kmeans,3,1.0
P0271,embedding_kmeans,10,1.0
P0272,embedding_kmeans,10,1.0
P0275,embedding_kmeans,11,1.0
P0277,embedding_kmeans,1,1.0
P0278,embedding_kmeans,4,1.0
P0279,embedding_kmeans,0,1.0
P0280,embedding_kmeans,4,1.0
P0281,embedding_kmeans,0,1.0
P0282,embedding_kmeans,8,1.0
P0284,embedding_kmeans,1,1.0
P0285,embedding_kmeans,3,1.0
P0286,embedding_kmeans,1,1.0
P0287,embedding_kmeans,7,1.0
P0288,embedding_kmeans,6,1.0
P0289,embedding_kmeans,5,1.0
P0290,embedding_kmeans,6,1.0
P0292,embedding_kmeans,12,1.0
P0293,embedding_kmeans,4,1.0
P0294,embedding_kmeans,1,1.0
P0295,embedding_kmeans,7,1.0
P0298,embedding_kmeans,1,1.0
P0299,embedding_kmeans,8,1.0
P0300,embedding_kmeans,3,1.0
P0301,embedding_kmeans,9,1.0
P0302,embedding_kmeans,1,1.0
P0303,embedding_kmeans,1,1.0
P0304,embedding_kmeans,7,1.0
P0306,embedding_kmeans,1,1.0
P0307,embedding_kmeans,1,1.0
P0309,embedding_kmeans,9,1.0
P0310,embedding_kmeans,4,1.0
P0312,embedding_kmeans,1,1.0
P0313,embedding_kmeans,6,1.0
P0316,embedding_kmeans,11,1.0
P0317,embedding_kmeans,7,1.0
P0318,embedding_kmeans,3,1.0
P0319,embedding_kmeans,0,1.0
P0322,embedding_kmeans,9,1.0
P0323,embedding_kmeans,9,1.0
P0325,embedding_kmeans,3,1.0
P0327,embedding_kmeans,4,1.0
P0328,embedding_kmeans,9,1.0
P0329,embedding_kmeans,4,1.0
P0331,embedding_kmeans,2,1.0
P0334,embedding_kmeans,2,1.0
P0336,embedding_kmeans,11,1.0
P0337,embedding_kmeans,0,1.0
P0338,embedding_kmeans,9,1.0
P0339,embedding_kmeans,6,1.0
P0341,embedding_kmeans,4,1.0
P0342,embedding_kmeans,9,1.0
P0343,embedding_kmeans,8,1.0
P0344,embedding_kmeans,7,1.0
P0345,embedding_kmeans,7,1.0
P0347,embedding_kmeans,12,1.0
P0348,embedding_kmeans,12,1.0
P0349,embedding_kmeans,7,1.0
P0350,embedding_kmeans,7,1.0
P0351,embedding_kmeans,12,1.0
P0354,embedding_kmeans,11,1.0
P0355,embedding_kmeans,11,1.0
P0356,embedding_kmeans,7,1.0
P0358,embedding_kmeans,10,1.0
P0360,embedding_kmeans,9,1.0
P0361,embedding_kmeans,4,1.0
P0362,embedding_kmeans,3,1.0
P0363,embedding_kmeans,6,1.0
P0365,embedding_kmeans,4,1.0
P0366,embedding_kmeans,9,1.0
P0367,embedding_kmeans,6,1.0
P0369,embedding_kmeans,4,1.0
P0370,embedding_kmeans,4,1.0
P0371,embedding_kmeans,9,1.0
P0373,embedding_kmeans,1,1.0
P0374,embedding_kmeans,11,1.0
P0375,embedding_kmeans,3,1.0
P0376,embedding_kmeans,3,1.0
P0378,embedding_kmeans,9,1.0
P0379,embedding_kmeans,11,1.0
P0380,embedding_kmeans,3,1.0
P0381,embedding_kmeans,3,1.0
P0383,embedding_kmeans,4,1.0
P0384,embedding_kmeans,1,1.0
P0385,embedding_kmeans,7,1.0
P0388,embedding_kmeans,11,1.0
P0389,embedding_kmeans,9,1.0
P0392,embedding_kmeans,4,1.0
P0393,embedding_kmeans,11,1.0
P0396,embedding_kmeans,11,1.0
P0397,embedding_kmeans,8,1.0
P0400,embedding_kmeans,11,1.0
P0401,embedding_kmeans,4,1.0
P0402,embedding_kmeans,3,1.0
P0404,embedding_kmeans,10,1.0
P0408,embedding_kmeans,1,1.0
P0409,embedding_kmeans,4,1.0
P0410,embedding_kmeans,9,1.0
P0412,embedding_kmeans,4,1.0
P0413,embedding_kmeans,9,1.0
P0414,embedding_kmeans,9,1.0
P0417,embedding_kmeans,9,1.0
P0418,embedding_kmeans,6,1.0
P0420,embedding_kmeans,4,1.0
P0421,embedding_kmeans,4,1.0
P0422,embedding_kmeans,8,1.0
P0423,embedding_kmeans,4,1.0
P0424,embedding_kmeans,7,1.0
P0425,embedding_kmeans,9,1.0
P0427,embedding_kmeans,0,1.0
P0428,embedding_kmeans,0,1.0
P0429,embedding_kmeans,0,1.0
P0430,embedding_kmeans,0,1.0
P0431,embedding_kmeans,0,1.0
P0432,embedding_kmeans,8,1.0
P0433,embedding_kmeans,0,1.0
P0435,embedding_kmeans,6,1.0
P0438,embedding_kmeans,1,1.0
P0439,embedding_kmeans,9,1.0
P0441,embedding_kmeans,10,1.0
P0444,embedding_kmeans,9,1.0
P0445,embedding_kmeans,3,1.0
P0448,embedding_kmeans,2,1.0
P0449,embedding_kmeans,2,1.0
P0450,embedding_kmeans,2,1.0
P0453,embedding_kmeans,11,1.0
P0454,embedding_kmeans,8,1.0
P0455,embedding_kmeans,3,1.0
P0456,embedding_kmeans,7,1.0
P0459,embedding_kmeans,3,1.0
P0460,embedding_kmeans,2,1.0
P0461,embedding_kmeans,6,1.0
P0463,embedding_kmeans,10,1.0
P0465,embedding_kmeans,12,1.0
P0466,embedding_kmeans,12,1.0
P0467,embedding_kmeans,8,1.0
P0468,embedding_kmeans,11,1.0
P0469,embedding_kmeans,12,1.0
P0471,embedding_kmeans,12,1.0
P0472,embedding_kmeans,1,1.0
P0473,embedding_kmeans,9,1.0
P0476,embedding_kmeans,0,1.0
P0477,embedding_kmeans,2,1.0
P0478,embedding_kmeans,6,1.0
P0479,embedding_kmeans,2,1.0
P0481,embedding_kmeans,4,1.0
P0482,embedding_kmeans,8,1.0
P0483,embedding_kmeans,7,1.0
P0484,embedding_kmeans,4,1.0
P0485,embedding_kmeans,7,1.0
P0487,embedding_kmeans,4,1.0
P0488,embedding_kmeans,1,1.0
P0489,embedding_kmeans,9,1.0
P0492,embedding_kmeans,8,1.0
P0493,embedding_kmeans,6,1.0
P0494,embedding_kmeans,8,1.0
P0495,embedding_kmeans,7,1.0
P0496,embedding_kmeans,8,1.0
P0497,embedding_kmeans,6,1.0
P0500,embedding_kmeans,8,1.0
P0501,embedding_kmeans,0,1.0
P0502,embedding_kmeans,1,1.0
P0503,embedding_kmeans,6,1.0
P0505,embedding_kmeans,10,1.0
P0508,embedding_kmeans,9,1.0
P0509,embedding_kmeans,7,1.0
P0512,embedding_kmeans,1,1.0
P0513,embedding_kmeans,9,1.0
P0515,embedding_kmeans,4,1.0
P0516,embedding_kmeans,4,1.0
P0518,embedding_kmeans,12,1.0
P0519,embedding_kmeans,7,1.0
P0521,embedding_kmeans,4,1.0
P0522,embedding_kmeans,9,1.0
P0523,embedding_kmeans,9,1.0
P0526,embedding_kmeans,1,1.0
P0527,embedding_kmeans,7,1.0
P0528,embedding_kmeans,7,1.0
P0531,embedding_kmeans,9,1.0
P0532,embedding_kmeans,6,1.0
P0533,embedding_kmeans,7,1.0
P0534,embedding_kmeans,7,1.0
P0537,embedding_kmeans,11,1.0
P0538,embedding_kmeans,3,1.0
P0539,embedding_kmeans,1,1.0
P0540,embedding_kmeans,7,1.0
P0546,embedding_kmeans,3,1.0
P0547,embedding_kmeans,3,1.0
P0548,embedding_kmeans,3,1.0
P0549,embedding_kmeans,3,1.0
P0552,embedding_kmeans,11,1.0
P0553,embedding_kmeans,3,1.0
P0554,embedding_kmeans,0,1.0
P0555,embedding_kmeans,8,1.0
P0558,embedding_kmeans,0,1.0
P0559,embedding_kmeans,0,1.0
P0560,embedding_kmeans,8,1.0
P0563,embedding_kmeans,11,1.0
P0564,embedding_kmeans,0,1.0
P0566,embedding_kmeans,0,1.0
P0569,embedding_kmeans,11,1.0
P0570,embedding_kmeans,8,1.0
P0572,embedding_kmeans,0,1.0
P0573,embedding_kmeans,8,1.0
P0576,embedding_kmeans,11,1.0
P0577,embedding_kmeans,3,1.0
P0578,embedding_kmeans,0,1.0
P0579,embedding_kmeans,0,1.0
P0582,embedding_kmeans,0,1.0
P0583,embedding_kmeans,8,1.0
P0584,embedding_kmeans,8,1.0
P0585,embedding_kmeans,0,1.0
P0586,embedding_kmeans,0,1.0
P0589,embedding_kmeans,0,1.0
P0590,embedding_kmeans,3,1.0
P0591,embedding_kmeans,0,1.0
P0592,embedding_kmeans,10,1.0
P0595,embedding_kmeans,3,1.0
P0596,embedding_kmeans,11,1.0
P0597,embedding_kmeans,3,1.0
P0600,embedding_kmeans,11,1.0
P0601,embedding_kmeans,9,1.0
P0602,embedding_kmeans,0,1.0
P0605,embedding_kmeans,1,1.0
P0606,embedding_kmeans,3,1.0
P0607,embedding_kmeans,0,1.0
P0608,embedding_kmeans,8,1.0
P0611,embedding_kmeans,11,1.0
P0612,embedding_kmeans,0,1.0
P0613,embedding_kmeans,0,1.0
P0614,embedding_kmeans,0,1.0
P0617,embedding_kmeans,1,1.0
P0618,embedding_kmeans,8,1.0
P0619,embedding_kmeans,0,1.0
P0621,embedding_kmeans,8,1.0
P0622,embedding_kmeans,3,1.0
P0623,embedding_kmeans,0,1.0
P0626,embedding_kmeans,11,1.0
P0627,embedding_kmeans,3,1.0
P0628,embedding_kmeans,0,1.0
P0631,embedding_kmeans,3,1.0
P0632,embedding_kmeans,3,1.0
P0633,embedding_kmeans,0,1.0
P0634,embedding_kmeans,3,1.0
P0637,embedding_kmeans,8,1.0
P0638,embedding_kmeans,11,1.0
P0639,embedding_kmeans,3,1.0
P0640,embedding_kmeans,0,1.0
P0641,embedding_kmeans,3,1.0
P0644,embedding_kmeans,0,1.0
P0645,embedding_kmeans,3,1.0
P0646,embedding_kmeans,0,1.0
P0647,embedding_kmeans,3,1.0
P0649,embedding_kmeans,0,1.0
P0650,embedding_kmeans,9,1.0
P0653,embedding_kmeans,8,1.0
P0654,embedding_kmeans,9,1.0
P0655,embedding_kmeans,0,1.0
P0658,embedding_kmeans,8,1.0
P0659,embedding_kmeans,8,1.0
P0660,embedding_kmeans,0,1.0
P0663,embedding_kmeans,3,1.0
P0664,embedding_kmeans,9,1.0
P0665,embedding_kmeans,0,1.0
P0668,embedding_kmeans,8,1.0
P0669,embedding_kmeans,8,1.0
P0670,embedding_kmeans,0,1.0
P0673,embedding_kmeans,0,1.0
P0674,embedding_kmeans,0,1.0
P0675,embedding_kmeans,0,1.0
P0680,embedding_kmeans,6,1.0
P0681,embedding_kmeans,6,1.0
P0682,embedding_kmeans,6,1.0
P0683,embedding_kmeans,3,1.0
P0684,embedding_kmeans,3,1.0
P0685,embedding_kmeans,8,1.0
P0689,embedding_kmeans,11,1.0
P0690,embedding_kmeans,2,1.0
P0691,embedding_kmeans,7,1.0
P0692,embedding_kmeans,7,1.0
P0693,embedding_kmeans,3,1.0
P0694,embedding_kmeans,7,1.0
P0695,embedding_kmeans,3,1.0
P0696,embedding_kmeans,3,1.0
P0698,embedding_kmeans,7,1.0
P0699,embedding_kmeans,12,1.0
P0700,embedding_kmeans,1,1.0
P0701,embedding_kmeans,1,1.0
P0702,embedding_kmeans,1,1.0
P0703,embedding_kmeans,2,1.0
P0704,embedding_kmeans,6,1.0
P0705,embedding_kmeans,2,1.0
P0709,embedding_kmeans,8,1.0
P0710,embedding_kmeans,6,1.0
P0711,embedding_kmeans,6,1.0
P0712,embedding_kmeans,1,1.0
P0713,embedding_kmeans,8,1.0
P0714,embedding_kmeans,3,1.0
P0715,embedding_kmeans,7,1.0
P0716,embedding_kmeans,1,1.0
P0719,embedding_kmeans,1,1.0
P0720,embedding_kmeans,7,1.0
P0721,embedding_kmeans,6,1.0
P0722,embedding_kmeans,5,1.0
P0723,embedding_kmeans,8,1.0
P0724,embedding_kmeans,8,1.0
P0725,embedding_kmeans,8,1.0
P0726,embedding_kmeans,9,1.0
P0727,embedding_kmeans,1,1.0
P0728,embedding_kmeans,1,1.0
P0729,embedding_kmeans,9,1.0
P0730,embedding_kmeans,4,1.0
P0734,embedding_kmeans,1,1.0
P0735,embedding_kmeans,1,1.0
P0736,embedding_kmeans,8,1.0
P0737,embedding_kmeans,7,1.0
P0738,embedding_kmeans,6,1.0
P0739,embedding_kmeans,1,1.0
P0740,embedding_kmeans,0,1.0
P0741,embedding_kmeans,7,1.0
P0742,embedding_kmeans,4,1.0
P0743,embedding_kmeans,5,1.0
P0744,embedding_kmeans,6,1.0
P0745,embedding_kmeans,6,1.0
P0749,embedding_kmeans,1,1.0
P0750,embedding_kmeans,11,1.0
P0751,embedding_kmeans,7,1.0
P0752,embedding_kmeans,6,1.0
P0753,embedding_kmeans,7,1.0
P0754,embedding_kmeans,9,1.0
P0755,embedding_kmeans,8,1.0
P0756,embedding_kmeans,9,1.0
P0757,embedding_kmeans,2,1.0
P0758,embedding_kmeans,2,1.0
P0763,embedding_kmeans,2,1.0
P0764,embedding_kmeans,9,1.0
P0765,embedding_kmeans,3,1.0
P0766,embedding_kmeans,6,1.0
P0767,embedding_kmeans,2,1.0
P0768,embedding_kmeans,5,1.0
P0769,embedding_kmeans,5,1.0
P0770,embedding_kmeans,4,1.0
P0771,embedding_kmeans,5,1.0
P0772,embedding_kmeans,4,1.0
P0773,embedding_kmeans,1,1.0
P0774,embedding_kmeans,3,1.0
P0777,embedding_kmeans,8,1.0
P0778,embedding_kmeans,8,1.0
P0779,embedding_kmeans,5,1.0
P0780,embedding_kmeans,7,1.0
P0781,embedding_kmeans,6,1.0
P0782,embedding_kmeans,6,1.0
P0783,embedding_kmeans,7,1.0
P0784,embedding_kmeans,6,1.0
P0785,embedding_kmeans,7,1.0
P0786,embedding_kmeans,11,1.0
P0787,embedding_kmeans,8,1.0
P0788,embedding_kmeans,8,1.0
P0791,embedding_kmeans,8,1.0
P0793,embedding_kmeans,8,1.0
P0794,embedding_kmeans,9,1.0
P0795,embedding_kmeans,9,1.0
P0796,embedding_kmeans,3,1.0
P0797,embedding_kmeans,5,1.0
P0798,embedding_kmeans,9,1.0
P0799,embedding_kmeans,6,1.0
P0800,embedding_kmeans,9,1.0
P0801,embedding_kmeans,12,1.0
P0802,embedding_kmeans,9,1.0
P0803,embedding_kmeans,9,1.0
P0804,embedding_kmeans,4,1.0
P0805,embedding_kmeans,1,1.0
P0809,embedding_kmeans,4,1.0
P0810,embedding_kmeans,9,1.0
P0811,embedding_kmeans,6,1.0
P0812,embedding_kmeans,6,1.0
P0813,embedding_kmeans,3,1.0
P0814,embedding_kmeans,8,1.0
P0815,embedding_kmeans,3,1.0
P0816,embedding_kmeans,4,1.0
P0817,embedding_kmeans,9,1.0
P0818,embedding_kmeans,4,1.0
P0819,embedding_kmeans,4,1.0
P0823,embedding_kmeans,8,1.0
P0824,embedding_kmeans,3,1.0
P0826,embedding_kmeans,9,1.0
P0827,embedding_kmeans,4,1.0
P0829,embedding_kmeans,0,1.0
P0830,embedding_kmeans,6,1.0
P0831,embedding_kmeans,8,1.0
P0832,embedding_kmeans,8,1.0
P0833,embedding_kmeans,8,1.0
P0834,embedding_kmeans,1,1.0
P0835,embedding_kmeans,6,1.0
P0839,embedding_kmeans,8,1.0
P0840,embedding_kmeans,6,1.0
P0843,embedding_kmeans,2,1.0
P0845,embedding_kmeans,4,1.0
P0846,embedding_kmeans,2,1.0
P0847,embedding_kmeans,9,1.0
P0848,embedding_kmeans,4,1.0
P0852,embedding_kmeans,8,1.0
P0853,embedding_kmeans,7,1.0
P0855,embedding_kmeans,6,1.0
P0859,embedding_kmeans,6,1.0
P0860,embedding_kmeans,7,1.0
P0861,embedding_kmeans,7,1.0
P0862,embedding_kmeans,3,1.0
P0864,embedding_kmeans,12,1.0
P0865,embedding_kmeans,9,1.0
P0866,embedding_kmeans,12,1.0
P0868,embedding_kmeans,12,1.0
P0869,embedding_kmeans,7,1.0
P0870,embedding_kmeans,7,1.0
P0871,embedding_kmeans,7,1.0
P0872,embedding_kmeans,7,1.0
P0873,embedding_kmeans,7,1.0
P0874,embedding_kmeans,7,1.0
P0875,embedding_kmeans,1,1.0
P0876,embedding_kmeans,7,1.0
P0877,embedding_kmeans,7,1.0
P0879,embedding_kmeans,7,1.0
P0882,embedding_kmeans,7,1.0
P0883,embedding_kmeans,7,1.0
P0884,embedding_kmeans,7,1.0
P0886,embedding_kmeans,8,1.0
P0887,embedding_kmeans,12,1.0
P0888,embedding_kmeans,12,1.0
P0889,embedding_kmeans,9,1.0
P0890,embedding_kmeans,7,1.0
P0892,embedding_kmeans,8,1.0
P0893,embedding_kmeans,7,1.0
P0894,embedding_kmeans,6,1.0
P0895,embedding_kmeans,8,1.0
P0896,embedding_kmeans,7,1.0
P0897,embedding_kmeans,3,1.0
P0898,embedding_kmeans,7,1.0
P0899,embedding_kmeans,6,1.0
P0900,embedding_kmeans,6,1.0
P0904,embedding_kmeans,8,1.0
P0905,embedding_kmeans,4,1.0
P0906,embedding_kmeans,1,1.0
P0907,embedding_kmeans,3,1.0
P0908,embedding_kmeans,11,1.0
P0910,embedding_kmeans,11,1.0
P0911,embedding_kmeans,1,1.0
P0912,embedding_kmeans,9,1.0
P0913,embedding_kmeans,4,1.0
P0914,embedding_kmeans,7,1.0
P0915,embedding_kmeans,7,1.0
P0916,embedding_kmeans,6,1.0
P0917,embedding_kmeans,5,1.0
P0918,embedding_kmeans,7,1.0
P0919,embedding_kmeans,4,1.0
P0920,embedding_kmeans,9,1.0
P0921,embedding_kmeans,9,1.0
P0925,embedding_kmeans,0,1.0
P0926,embedding_kmeans,8,1.0
P0927,embedding_kmeans,8,1.0
P0928,embedding_kmeans,3,1.0
P0929,embedding_kmeans,8,1.0
P0931,embedding_kmeans,11,1.0
P0932,embedding_kmeans,3,1.0
P0933,embedding_kmeans,3,1.0
P0934,embedding_kmeans,4,1.0
P0935,embedding_kmeans,4,1.0
P0939,embedding_kmeans,4,1.0
P0940,embedding_kmeans,9,1.0
P0941,embedding_kmeans,1,1.0
P0942,embedding_kmeans,11,1.0
P0943,embedding_kmeans,0,1.0
P0944,embedding_kmeans,7,1.0
P0945,embedding_kmeans,3,1.0
P0946,embedding_kmeans,7,1.0
P0947,embedding_kmeans,7,1.0
P0948,embedding_kmeans,7,1.0
P0950,embedding_kmeans,7,1.0
P0951,embedding_kmeans,7,1.0
P0955,embedding_kmeans,3,1.0
P0956,embedding_kmeans,3,1.0
P0957,embedding_kmeans,3,1.0
P0958,embedding_kmeans,8,1.0
P0959,embedding_kmeans,3,1.0
P0960,embedding_kmeans,7,1.0
P0961,embedding_kmeans,3,1.0
P0962,embedding_kmeans,8,1.0
P0963,embedding_kmeans,1,1.0
P0964,embedding_kmeans,3,1.0
P0965,embedding_kmeans,3,1.0
P0966,embedding_kmeans,7,1.0
P0970,embedding_kmeans,0,1.0
P0971,embedding_kmeans,0,1.0
P0972,embedding_kmeans,0,1.0
P0973,embedding_kmeans,0,1.0
P0974,embedding_kmeans,6,1.0
P0975,embedding_kmeans,12,1.0
P0976,embedding_kmeans,0,1.0
P0977,embedding_kmeans,4,1.0
P0978,embedding_kmeans,9,1.0
P0979,embedding_kmeans,8,1.0
P0980,embedding_kmeans,1,1.0
P0981,embedding_kmeans,8,1.0
P0982,embedding_kmeans,3,1.0
P0983,embedding_kmeans,9,1.0
P0984,embedding_kmeans,6,1.0
P0985,embedding_kmeans,4,1.0
P0986,embedding_kmeans,11,1.0
P0987,embedding_kmeans,1,1.0
P0988,embedding_kmeans,8,1.0
P0989,embedding_kmeans,6,1.0
P0990,embedding_kmeans,7,1.0
P0994,embedding_kmeans,7,1.0
P0995,embedding_kmeans,7,1.0
P0996,embedding_kmeans,7,1.0
P0997,embedding_kmeans,2,1.0
P0999,embedding_kmeans,7,1.0
P1000,embedding_kmeans,7,1.0
P1001,embedding_kmeans,9,1.0
P1007,embedding_kmeans,8,1.0
P1009,embedding_kmeans,3,1.0
P1010,embedding_kmeans,7,1.0
P1011,embedding_kmeans,6,1.0
P1012,embedding_kmeans,7,1.0
P1013,embedding_kmeans,7,1.0
P1014,embedding_kmeans,7,1.0
P1015,embedding_kmeans,6,1.0
P1022,embedding_kmeans,3,1.0
P1023,embedding_kmeans,8,1.0
P1025,embedding_kmeans,6,1.0
P1026,embedding_kmeans,6,1.0
P1027,embedding_kmeans,6,1.0
P1031,embedding_kmeans,3,1.0
P1033,embedding_kmeans,8,1.0
P1035,embedding_kmeans,6,1.0
P1037,embedding_kmeans,8,1.0
P1039,embedding_kmeans,8,1.0
P1041,embedding_kmeans,6,1.0
P1045,embedding_kmeans,6,1.0
P1047,embedding_kmeans,6,1.0
P1050,embedding_kmeans,6,1.0
P1051,embedding_kmeans,2,1.0
P1052,embedding_kmeans,6,1.0
