alias,canonical
ANH,Agencia Nacional de Hidrocarburos
ANI,Agencia Nacional de Infraestructura
ANLA,Autoridad Nacional de Licencias Ambientales
ANT,Agencia Nacional de Tierras
CCE,Colombia Compra Eficiente
CGR,Contraloría General de la República
CPS,contratos de prestación de servicios
DAFP,Departamento Administrativo de la Función Pública
E&P,exploración y producción
EIA,Estudio de Impacto Ambiental
EMC,Estado Mayor Central
EPS,Entidades Promotoras de Salud
FAC,Fuerza Aeroespacial Colombiana
FFIE,Fondo de Financiamiento de la Infraestructura Educativa
FNA,Fondo Nacional del Ahorro
GAO,Grupos Armados Organizados
JAC,Juntas de Acción Comunal
MADS,Ministerio de Ambiente y Desarrollo Sostenible
PBC,Plan Bienal de Caja
PNFI,Plan Nacional de Formación Integral
SAE,Sociedad de Activos Especiales
SEIP,Sistema Educativo Indígena Propio
SGR,Sistema General de Regalías
SIC,Superintendencia de Industria y Comercio
SSPD,Superintendencia de Servicios Públicos Domiciliarios
TIC,Tecnologías de la Información y las Comunicaciones
UNP,Unidad Nacional de Protección
UPME,Unidad de Planeación Minero Energética
