alias,canonical,mentions_merged,rule
ANH,Agencia Nacional de Hidrocarburos,2,acronym defined in document as 'Long form (ACR)'
ANI,Agencia Nacional de Infraestructura,4,acronym defined in document as 'Long form (ACR)'
ANLA,Autoridad Nacional de Licencias Ambientales,3,acronym defined in document as 'Long form (ACR)'
CCE,Colombia Compra Eficiente,3,acronym defined in document as 'Long form (ACR)'
CPS,contratos de prestación de servicios,1,acronym defined in document as 'Long form (ACR)'
DAFP,Departamento Administrativo de la Función Pública,2,acronym defined in document as 'Long form (ACR)'
E&P,exploración y producción,2,acronym defined in document as 'Long form (ACR)'
EIA,Estudio de Impacto Ambiental,3,acronym defined in document as 'Long form (ACR)'
EMC,Estado Mayor Central,1,acronym defined in document as 'Long form (ACR)'
FAC,Fuerza Aeroespacial Colombiana,1,acronym defined in document as 'Long form (ACR)'
FFIE,Fondo de Financiamiento de la Infraestructura Educativa,1,acronym defined in document as 'Long form (ACR)'
FNA,Fondo Nacional del Ahorro,3,acronym defined in document as 'Long form (ACR)'
GAO,Grupos Armados Organizados,1,acronym defined in document as 'Long form (ACR)'
JAC,Juntas de Acción Comunal,1,acronym defined in document as 'Long form (ACR)'
PBC,Plan Bienal de Caja,1,acronym defined in document as 'Long form (ACR)'
PNFI,Plan Nacional de Formación Integral,1,acronym defined in document as 'Long form (ACR)'
SAE,Sociedad de Activos Especiales,1,acronym defined in document as 'Long form (ACR)'
SEIP,Sistema Educativo Indígena Propio,7,acronym defined in document as 'Long form (ACR)'
SGR,Sistema General de Regalías,3,acronym defined in document as 'Long form (ACR)'
SSPD,Superintendencia de Servicios Públicos Domiciliarios,3,acronym defined in document as 'Long form (ACR)'
UNP,Unidad Nacional de Protección,4,acronym defined in document as 'Long form (ACR)'
UPME,Unidad de Planeación Minero Energética,4,acronym defined in document as 'Long form (ACR)'
