page,extraction_method,used_ocr,words,blocks,images,tables,ocr_figures,ocr_figure_words
1,ocr,True,12,0,1,0,0,0
2,ocr,True,7,0,6,0,0,0
3,pymupdf,False,83,12,0,0,0,0
4,ocr,True,3,0,0,0,0,0
5,pymupdf,False,461,16,1,0,0,0
6,pymupdf,False,430,32,0,0,0,0
7,pymupdf,False,298,22,1,0,0,0
8,pymupdf,False,103,8,2,0,0,0
9,pymupdf,False,415,33,0,0,0,0
10,pymupdf,False,373,35,0,0,0,0
11,pymupdf,False,408,36,0,0,0,0
12,pymupdf,False,342,33,0,0,0,0
13,pymupdf,False,30,7,2,0,0,0
14,pymupdf,False,232,20,1,0,1,224
15,pymupdf,False,145,26,0,0,0,0
16,pymupdf,False,112,8,0,0,0,0
17,pymupdf,False,146,8,0,0,0,0
18,pymupdf,False,138,8,0,0,0,0
19,pymupdf,False,122,8,0,0,0,0
20,pymupdf,False,112,8,0,0,0,0
21,pymupdf,False,128,8,0,0,0,0
22,pymupdf,False,147,8,0,0,0,0
23,pymupdf,False,196,7,0,0,0,0
24,pymupdf,False,213,9,0,0,0,0
25,pymupdf,False,25,3,3,0,1,515
26,pymupdf,False,370,32,0,0,0,0
27,pymupdf,False,496,36,0,0,0,0
28,pymupdf,False,544,39,0,0,0,0
29,pymupdf,False,423,33,0,0,0,0
30,pymupdf,False,503,37,0,0,0,0
31,pymupdf,False,446,32,0,0,0,0
32,pymupdf,False,449,21,0,0,0,0
33,pymupdf,False,548,37,0,0,0,0
34,pymupdf,False,448,32,0,0,0,0
35,pymupdf,False,427,35,0,0,0,0
36,pymupdf,False,471,35,0,0,0,0
37,pymupdf,False,528,36,0,0,0,0
38,pymupdf,False,500,33,0,0,0,0
39,pymupdf,False,450,35,0,0,0,0
40,pymupdf,False,479,35,0,0,0,0
41,pymupdf,False,471,36,0,0,0,0
42,pymupdf,False,483,35,0,0,0,0
43,pymupdf,False,465,34,0,0,0,0
44,pymupdf,False,418,30,0,0,0,0
45,pymupdf,False,470,35,0,0,0,0
46,pymupdf,False,450,29,0,0,0,0
47,pymupdf,False,493,33,0,0,0,0
48,pymupdf,False,445,35,0,0,0,0
49,pymupdf,False,428,32,0,0,0,0
50,pymupdf,False,472,34,0,0,0,0
51,pymupdf,False,468,33,0,0,0,0
52,pymupdf,False,559,38,0,0,0,0
53,pymupdf,False,502,39,0,0,0,0
54,pymupdf,False,477,20,0,0,0,0
55,pymupdf,False,562,10,0,0,0,0
56,pymupdf,False,511,9,0,0,0,0
57,pymupdf,False,538,10,0,0,0,0
58,pymupdf,False,525,12,0,0,0,0
59,pymupdf,False,477,31,0,0,0,0
60,pymupdf,False,426,37,0,0,0,0
61,pymupdf,False,476,30,0,0,0,0
62,pymupdf,False,411,33,0,0,0,0
63,pymupdf,False,553,35,0,0,0,0
64,pymupdf,False,452,36,0,0,0,0
65,pymupdf,False,452,35,0,0,0,0
66,pymupdf,False,33,7,2,0,0,0
67,pymupdf,False,413,35,0,0,0,0
68,pymupdf,False,426,36,0,0,0,0
69,pymupdf,False,450,35,0,0,0,0
70,pymupdf,False,424,35,0,0,0,0
71,pymupdf,False,443,36,0,0,0,0
72,pymupdf,False,431,36,0,0,0,0
73,pymupdf,False,384,35,0,0,0,0
74,pymupdf,False,419,36,0,0,0,0
75,pymupdf,False,424,36,0,0,0,0
76,pymupdf,False,421,37,0,0,0,0
77,pymupdf,False,437,35,0,0,0,0
78,pymupdf,False,389,31,0,0,0,0
79,pymupdf,False,269,24,0,0,0,0
80,pymupdf,False,22,7,2,0,0,0
81,pymupdf,False,416,35,1,0,0,0
82,pymupdf,False,440,38,0,0,0,0
83,pymupdf,False,129,12,0,0,0,0
84,pymupdf,False,547,11,1,0,0,0
85,pymupdf,False,191,5,0,0,0,0
86,pymupdf,False,534,9,1,0,0,0
87,pymupdf,False,246,6,0,0,0,0
88,pymupdf,False,484,12,1,0,0,0
89,pymupdf,False,277,7,0,0,0,0
90,pymupdf,False,463,35,1,0,0,0
91,pymupdf,False,423,32,0,0,0,0
92,pymupdf,False,503,35,1,0,0,0
93,pymupdf,False,501,39,0,0,0,0
94,pymupdf,False,110,10,0,0,0,0
95,pymupdf,False,388,32,1,0,0,0
96,pymupdf,False,417,33,0,0,0,0
97,pymupdf,False,399,35,1,0,0,0
98,pymupdf,False,514,39,0,0,0,0
99,pymupdf,False,211,17,0,0,0,0
100,pymupdf,False,493,35,1,0,0,0
101,pymupdf,False,275,21,0,0,0,0
102,pymupdf,False,482,36,1,0,0,0
103,pymupdf,False,494,39,0,0,0,0
104,pymupdf,False,459,34,1,0,0,0
105,pymupdf,False,139,11,0,0,0,0
106,pymupdf,False,460,34,1,0,0,0
107,pymupdf,False,240,19,0,0,0,0
108,pymupdf,False,401,32,1,0,0,0
109,pymupdf,False,495,38,0,0,0,0
110,pymupdf,False,417,35,0,0,0,0
111,pymupdf,False,430,35,0,0,0,0
112,pymupdf,False,276,25,0,0,0,0
113,pymupdf,False,452,35,1,0,0,0
114,pymupdf,False,478,39,0,0,0,0
115,pymupdf,False,433,35,1,0,0,0
116,pymupdf,False,307,25,0,0,0,0
117,pymupdf,False,451,11,1,0,0,0
118,pymupdf,False,594,8,0,0,0,0
119,pymupdf,False,97,8,0,0,0,0
120,pymupdf,False,411,34,1,0,0,0
121,pymupdf,False,479,38,0,0,0,0
122,pymupdf,False,227,20,0,0,0,0
123,pymupdf,False,484,35,1,0,0,0
124,pymupdf,False,509,40,0,0,0,0
125,pymupdf,False,134,11,0,0,0,0
126,pymupdf,False,376,32,1,0,0,0
127,pymupdf,False,110,9,0,0,0,0
128,pymupdf,False,392,33,1,0,0,0
129,pymupdf,False,458,38,0,0,0,0
130,pymupdf,False,162,16,0,0,0,0
131,pymupdf,False,29,7,2,0,0,0
132,pymupdf,False,465,11,0,0,0,0
133,pymupdf,False,373,33,0,0,0,0
134,pymupdf,False,351,29,0,0,0,0
135,pymupdf,False,19,6,0,0,0,0
