paragraph_id,page,section,clean_text,evidence_type,scope_note
P0060,10,I. Proceso metodológico del empalme > Gente: La voluntad ciudadana que sostuvo el empalme,"y control interno y gestión del riesgo. Este equipo incorporó capacidades especializadas en auditoría forense, inteligencia de datos en contratación, ingeniería de plataforma y metodologías de inteligencia artificial.",author_acknowledgement_in_document,"States AI tools supported document organisation, analytic consolidation, prioritisation, traceability, information processing and 'organización de los insumos de los productos finales'; does not state whether AI tools drafted any text."
P0064,10,I. Proceso metodológico del empalme > Tecnología: La inteligencia artificial como garantía de escala y rigor,Tecnología: La inteligencia artificial como garantía de escala y rigor,author_acknowledgement_in_document,"States AI tools supported document organisation, analytic consolidation, prioritisation, traceability, information processing and 'organización de los insumos de los productos finales'; does not state whether AI tools drafted any text."
P0065,10,I. Proceso metodológico del empalme > Tecnología: La inteligencia artificial como garantía de escala y rigor,"La Metodología Operativa reconoce de manera explícita que un ejercicio de esta magnitud, sostenido por voluntariado ciudadano, no podía sostenerse exclusivamente en capacidad humana. Por ello incorporó, desde su diseño, el uso de herramientas tecnológicas, mecanismos digitales e instrumentos auxiliares de inteligencia artificial “para apoyar organización documental, consolidación analítica, priorización funcional, trazabilidad operativa y procesamiento general de información”.",author_acknowledgement_in_document,"States AI tools supported document organisation, analytic consolidation, prioritisation, traceability, information processing and 'organización de los insumos de los productos finales'; does not state whether AI tools drafted any text."
P0066,10,I. Proceso metodológico del empalme > Tecnología: La inteligencia artificial como garantía de escala y rigor,"Esta incorporación no fue una decisión periférica. Entre los seis lineamientos metodológicos exigidos a todos los equipos sectoriales se encuentra expresamente el de Aprovechamiento de Tecnología: ""aprovechar al máximo las herramientas de inteligencia artificial y demás tecnologías disponibles, siguiendo los lineamientos definidos por el equipo transversal."" Para hacer operativo este principio, el Equipo Transversal incorporó un rol dedicado a metodologías de inteligencia artificial y otro a ingeniería de plataforma, encargados de definir los estándares técnicos bajo los cuales se activaron el dashboard, el sistema de información y los demás instrumentos digitales del proceso.",author_acknowledgement_in_document,"States AI tools supported document organisation, analytic consolidation, prioritisation, traceability, information processing and 'organización de los insumos de los productos finales'; does not state whether AI tools drafted any text."
P0067,11,I. Proceso metodológico del empalme > Tecnología: La inteligencia artificial como garantía de escala y rigor,"La Plataforma de Inteligencia Artificial y las herramientas digitales asociadas cumplieron funciones concretas a lo largo de todo el ejercicio: activación temprana de plataformas y dashboard, consolidación de bases institucionales, apoyo al procesamiento de la revisión integral de información, y organización de los insumos de los productos finales. No obstante, la Metodología Operativa fue igualmente explícita en fijar su límite: “la utilización de herramientas tecnológicas no reemplaza responsabilidad humana de análisis, validación y toma de decisiones institucionales.” La inteligencia artificial operó, en consecuencia, como instrumento auxiliar de escala y consistencia, subordinado en todo momento al juicio y la responsabilidad de los equipos especializados y de sus líderes.",author_acknowledgement_in_document,"States AI tools supported document organisation, analytic consolidation, prioritisation, traceability, information processing and 'organización de los insumos de los productos finales'; does not state whether AI tools drafted any text."
P0073,12,I. Proceso metodológico del empalme > Proceso: La arquitectura metodológica,"En consecuencia, el proceso que este capítulo documenta no fue un empalme construido sobre la entrega voluntaria de información por parte de quien la poseía, sino un empalme construido por el Gobierno entrante, con sus propios medios y su propia arquitectura metodológica, mediante una estrategia de fuentes abiertas: cruce de información pública oficial (en particular del Sistema Electrónico para la Contratación Pública, SECOP), derechos de petición dirigidos directamente a las entidades, seguimiento periodístico y de fuentes públicas, e información aportada voluntariamente por servidores del Gobierno saliente. Gracias a esa información, capturada por los equipos sectoriales y procesada por la Plataforma de Inteligencia Artificial, fue posible identificar nueve comportamientos críticos nocivos para el Estado (uno de ellos de carácter transversal), cuya descripción detallada se desarrolla en la sección específica del Libro de la Verdad dedicada a esos comportamientos.",author_acknowledgement_in_document,"States AI tools supported document organisation, analytic consolidation, prioritisation, traceability, information processing and 'organización de los insumos de los productos finales'; does not state whether AI tools drafted any text."
P0299,38,"II. Comportamientos críticos nocivos para el Estado > Comportamiento 4. Parálisis operativa > Caso 17. Ciencia, Tecnología e Innovación","El proyecto aprobado corresponde a la Convocatoria 46, ""Colombia Inteligente: Infraestructura para el Desarrollo de la Inteligencia Artificial"", por valor de $630.000 millones. Una inspección sorpresa adelantada por el ente de control identificó varios hallazgos que comprometen la estructuración del proceso: una ventana de formulación inusualmente breve para un proyecto de esta complejidad, obstáculos que limitaron la participación efectiva de universidades como proponentes, una celeridad atípica en las acreditaciones de los centros de innovación, y posibles fallas en la evaluación de las propuestas. En conjunto, estos hallazgos configuran una amenaza a la legalidad del proceso y al uso transparente de estos recursos públicos.",author_acknowledgement_in_document,"States AI tools supported document organisation, analytic consolidation, prioritisation, traceability, information processing and 'organización de los insumos de los productos finales'; does not state whether AI tools drafted any text."
P0353,43,II. Comportamientos críticos nocivos para el Estado > Comportamiento 4. Parálisis operativa > Caso 25. Tecnologías de la Información y las Comunicaciones (TIC),"Centros PotencIA: 63 centros de inteligencia artificial prometidos, uno instalado y las obras paralizadas",author_acknowledgement_in_document,"States AI tools supported document organisation, analytic consolidation, prioritisation, traceability, information processing and 'organización de los insumos de los productos finales'; does not state whether AI tools drafted any text."
P0354,43,II. Comportamientos críticos nocivos para el Estado > Comportamiento 4. Parálisis operativa > Caso 25. Tecnologías de la Información y las Comunicaciones (TIC),"Centros PotencIA es una iniciativa impulsada por el Ministerio de Tecnologías de la Información y las Comunicaciones (MinTIC) para la formación y el acceso a herramientas de inteligencia artificial, a la que se destinaron $234.399 millones para la construcción de 63 centros. El Ministerio suscribió el Contrato Interadministrativo No. 1872 el 13 de septiembre de 2024, del cual se derivan contratos con la Financiera de Desarrollo Territorial (Findeter) y con consorcios constructores.",author_acknowledgement_in_document,"States AI tools supported document organisation, analytic consolidation, prioritisation, traceability, information processing and 'organización de los insumos de los productos finales'; does not state whether AI tools drafted any text."
P0355,44,II. Comportamientos críticos nocivos para el Estado > Comportamiento 4. Parálisis operativa > Caso 25. Tecnologías de la Información y las Comunicaciones (TIC),"En su informe de gestión de 2025, el Ministerio reportó la instalación de 1 de los 63 centros, y señaló que los demás se encontraban en proceso de viabilidad técnica y jurídica, con los centros de inteligencia artificial de la facultad de Zipaquirá y de Caldas en un avance de 22,3% y 28%, respectivamente. Sin embargo, con corte a abril de 2026 el avance físico real era de apenas 2,1%, frente al 17,71% de avance general reportado (cifra que corresponde únicamente a estudios y diseños). Las obras se encuentran paralizadas desde noviembre de 2025 por debilidades en la planeación, deficiencias en la viabilización de predios y falta de licencias de construcción, pese a que el Ministerio ya había desembolsado cerca de $4.000 millones en actividades de planeación y estudios técnicos. La Contraloría inició (en enero de 2026) un seguimiento permanente a los contratos relacionados con los Centros PotencIA.",author_acknowledgement_in_document,"States AI tools supported document organisation, analytic consolidation, prioritisation, traceability, information processing and 'organización de los insumos de los productos finales'; does not state whether AI tools drafted any text."
P0356,44,II. Comportamientos críticos nocivos para el Estado > Comportamiento 4. Parálisis operativa > Caso 25. Tecnologías de la Información y las Comunicaciones (TIC),"La parálisis de este proyecto tiene un costo ciudadano concreto: los recursos comprometidos aún no se traducen en servicios para las regiones donde se prometieron los centros. Los Centros PotencIA fueron concebidos para democratizar el acceso a herramientas de inteligencia artificial, reducir la brecha digital y ofrecer espacios de formación, innovación, productividad y desarrollo social en distintas regiones del país.",author_acknowledgement_in_document,"States AI tools supported document organisation, analytic consolidation, prioritisation, traceability, information processing and 'organización de los insumos de los productos finales'; does not state whether AI tools drafted any text."
P0713,86,"IV. Balance sectorial > Sector Ciencia, Tecnología e Innovación > Ciencia","Ese único proyecto es la Convocatoria 46, “Colombia Inteligente: Infraestructura para el Desarrollo de la Inteligencia Artificial”, por $630.000 millones. Una inspección sorpresa adelantado por la Procuraduría identificó hallazgos sobre la estructuración del proceso; una ventana de formulación inusualmente breve para un proyecto de esa complejidad, obstáculos que limitaron la participación de universidades como proponentes, una celeridad atípica en las acreditaciones de los centros de innovación y posibles fallas en la evaluación de las propuestas. Corresponde al organismo de control pronunciarse sobre el alcance de esos hallazgos.",author_acknowledgement_in_document,"States AI tools supported document organisation, analytic consolidation, prioritisation, traceability, information processing and 'organización de los insumos de los productos finales'; does not state whether AI tools drafted any text."
P0946,120,IV. Balance sectorial > Sector Tecnologías de la Información y las Comunicaciones > Colombia no puede seguir perdiendo tiempo tecnológico,"El diagnóstico inicial que hoy ponemos a consideración del país revela una preocupación profunda. Colombia ha perdido posicionamiento internacional en asuntos determinantes para su futuro, como el gobierno digital y las velocidades de banda ancha. Mientras el mundo acelera la adopción de inteligencia artificial, servicios digitales, conectividad avanzada, ciberseguridad y nuevas redes de infraestructura, nuestro país ha enfrentado años de dispersión, lentitud y oportunidades desaprovechadas.",author_acknowledgement_in_document,"States AI tools supported document organisation, analytic consolidation, prioritisation, traceability, information processing and 'organización de los insumos de los productos finales'; does not state whether AI tools drafted any text."
P0956,121,IV. Balance sectorial > Sector Tecnologías de la Información y las Comunicaciones > Colombia no puede seguir perdiendo tiempo tecnológico,"Amerita revisión de proyectos estratégicos del Sector TIC, tales como el de los Centros PotencIA, concebidos para ampliar la formación y el acceso ciudadano a herramientas de inteligencia artificial, se planearon 63 centros PotencIA, no obstante, a abril de 2026 el avance físico real reportado fue de apenas 2,09, y las obras paralizadas por dificultades de planeación, viabilidad predial y licencias.",author_acknowledgement_in_document,"States AI tools supported document organisation, analytic consolidation, prioritisation, traceability, information processing and 'organización de los insumos de los productos finales'; does not state whether AI tools drafted any text."
P0966,122,IV. Balance sectorial > Sector Tecnologías de la Información y las Comunicaciones > Colombia no puede seguir perdiendo tiempo tecnológico,"Recuperaremos el diálogo sectorial, actualizaremos las capacidades del Ministerio frente a las realidades tecnológicas y pondremos a los usuarios en el centro de las decisiones. Impulsaremos infraestructura sostenible y resiliente; una conectividad que llegue con calidad; un Estado digital que simplifique la vida; una agenda de inteligencia artificial con resultados; servicios postales renovados; medios públicos fortalecidos; y una institucionalidad que mida, publique y cumpla.",author_acknowledgement_in_document,"States AI tools supported document organisation, analytic consolidation, prioritisation, traceability, information processing and 'organización de los insumos de los productos finales'; does not state whether AI tools drafted any text."
