page,text,y0,size,reason
5,EL LIBRO DE LA VERDAD,53.3,8.0,running header/footer (margin line repeated on >=3 pages)
5,EL LIBRO DE LA VERDAD / 5,743.5,9.0,running header/footer (margin line repeated on >=3 pages)
6,EMPALME ANTICORRUPCIÓN 2026,56.3,8.0,running header/footer (margin line repeated on >=3 pages)
6,EL LIBRO DE LA VERDAD / 6,743.5,9.0,running header/footer (margin line repeated on >=3 pages)
7,EL LIBRO DE LA VERDAD,53.3,8.0,running header/footer (margin line repeated on >=3 pages)
7,EL LIBRO DE LA VERDAD / 7,743.5,9.0,running header/footer (margin line repeated on >=3 pages)
8,EMPALME ANTICORRUPCIÓN 2026,56.3,8.0,running header/footer (margin line repeated on >=3 pages)
8,EL LIBRO DE LA VERDAD / 8,743.5,9.0,running header/footer (margin line repeated on >=3 pages)
8,CAPÍTULO,64.5,9.0,running header/footer (margin line repeated on >=3 pages)
9,EL LIBRO DE LA VERDAD,53.3,8.0,running header/footer (margin line repeated on >=3 pages)
9,EL LIBRO DE LA VERDAD / 9,743.5,9.0,running header/footer (margin line repeated on >=3 pages)
10,EMPALME ANTICORRUPCIÓN 2026,56.3,8.0,running header/footer (margin line repeated on >=3 pages)
10,EL LIBRO DE LA VERDAD / 10,743.5,9.0,running header/footer (margin line repeated on >=3 pages)
11,EL LIBRO DE LA VERDAD,53.3,8.0,running header/footer (margin line repeated on >=3 pages)
11,EL LIBRO DE LA VERDAD / 11,743.5,9.0,running header/footer (margin line repeated on >=3 pages)
12,EMPALME ANTICORRUPCIÓN 2026,56.3,8.0,running header/footer (margin line repeated on >=3 pages)
12,EL LIBRO DE LA VERDAD / 12,743.5,9.0,running header/footer (margin line repeated on >=3 pages)
13,EL LIBRO DE LA VERDAD,53.3,8.0,running header/footer (margin line repeated on >=3 pages)
13,EL LIBRO DE LA VERDAD / 13,743.5,9.0,running header/footer (margin line repeated on >=3 pages)
13,CAPÍTULO,64.5,9.0,running header/footer (margin line repeated on >=3 pages)
14,EMPALME ANTICORRUPCIÓN 2026,56.3,8.0,running header/footer (margin line repeated on >=3 pages)
14,EL LIBRO DE LA VERDAD / 14,743.5,9.0,running header/footer (margin line repeated on >=3 pages)
15,EL LIBRO DE LA VERDAD,53.3,8.0,running header/footer (margin line repeated on >=3 pages)
15,EL LIBRO DE LA VERDAD / 15,743.5,9.0,running header/footer (margin line repeated on >=3 pages)
16,EMPALME ANTICORRUPCIÓN 2026,56.3,8.0,running header/footer (margin line repeated on >=3 pages)
16,EL LIBRO DE LA VERDAD / 16,743.5,9.0,running header/footer (margin line repeated on >=3 pages)
16,CAPÍTULO 02,51.7,14.0,running header/footer (margin line repeated on >=3 pages)
17,EL LIBRO DE LA VERDAD,53.3,8.0,running header/footer (margin line repeated on >=3 pages)
17,EL LIBRO DE LA VERDAD / 17,743.5,9.0,running header/footer (margin line repeated on >=3 pages)
17,CAPÍTULO 02,51.7,14.0,running header/footer (margin line repeated on >=3 pages)
18,EMPALME ANTICORRUPCIÓN 2026,56.3,8.0,running header/footer (margin line repeated on >=3 pages)
18,EL LIBRO DE LA VERDAD / 18,743.5,9.0,running header/footer (margin line repeated on >=3 pages)
18,CAPÍTULO 02,51.7,14.0,running header/footer (margin line repeated on >=3 pages)
19,EL LIBRO DE LA VERDAD,53.3,8.0,running header/footer (margin line repeated on >=3 pages)
19,EL LIBRO DE LA VERDAD / 19,743.5,9.0,running header/footer (margin line repeated on >=3 pages)
19,CAPÍTULO 02,51.7,14.0,running header/footer (margin line repeated on >=3 pages)
20,EMPALME ANTICORRUPCIÓN 2026,56.3,8.0,running header/footer (margin line repeated on >=3 pages)
20,EL LIBRO DE LA VERDAD / 20,743.5,9.0,running header/footer (margin line repeated on >=3 pages)
20,CAPÍTULO 02,51.7,14.0,running header/footer (margin line repeated on >=3 pages)
21,EL LIBRO DE LA VERDAD,53.3,8.0,running header/footer (margin line repeated on >=3 pages)
21,EL LIBRO DE LA VERDAD / 21,743.5,9.0,running header/footer (margin line repeated on >=3 pages)
21,CAPÍTULO 02,51.7,14.0,running header/footer (margin line repeated on >=3 pages)
22,EMPALME ANTICORRUPCIÓN 2026,56.3,8.0,running header/footer (margin line repeated on >=3 pages)
22,EL LIBRO DE LA VERDAD / 22,743.5,9.0,running header/footer (margin line repeated on >=3 pages)
22,CAPÍTULO 02,51.7,14.0,running header/footer (margin line repeated on >=3 pages)
23,EL LIBRO DE LA VERDAD,53.3,8.0,running header/footer (margin line repeated on >=3 pages)
23,EL LIBRO DE LA VERDAD / 23,743.5,9.0,running header/footer (margin line repeated on >=3 pages)
23,CAPÍTULO 02,51.7,14.0,running header/footer (margin line repeated on >=3 pages)
24,EMPALME ANTICORRUPCIÓN 2026,56.3,8.0,running header/footer (margin line repeated on >=3 pages)
24,EL LIBRO DE LA VERDAD / 24,743.5,9.0,running header/footer (margin line repeated on >=3 pages)
24,CAPÍTULO 02,51.7,14.0,running header/footer (margin line repeated on >=3 pages)
25,EL LIBRO DE LA VERDAD,53.3,8.0,running header/footer (margin line repeated on >=3 pages)
25,EL LIBRO DE LA VERDAD / 25,743.5,9.0,running header/footer (margin line repeated on >=3 pages)
26,EMPALME ANTICORRUPCIÓN 2026,56.3,8.0,running header/footer (margin line repeated on >=3 pages)
26,EL LIBRO DE LA VERDAD / 26,743.5,9.0,running header/footer (margin line repeated on >=3 pages)
27,EL LIBRO DE LA VERDAD,53.3,8.0,running header/footer (margin line repeated on >=3 pages)
27,EL LIBRO DE LA VERDAD / 27,743.5,9.0,running header/footer (margin line repeated on >=3 pages)
28,EMPALME ANTICORRUPCIÓN 2026,56.3,8.0,running header/footer (margin line repeated on >=3 pages)
28,EL LIBRO DE LA VERDAD / 28,743.5,9.0,running header/footer (margin line repeated on >=3 pages)
29,EL LIBRO DE LA VERDAD,53.3,8.0,running header/footer (margin line repeated on >=3 pages)
29,EL LIBRO DE LA VERDAD / 29,743.5,9.0,running header/footer (margin line repeated on >=3 pages)
30,EMPALME ANTICORRUPCIÓN 2026,56.3,8.0,running header/footer (margin line repeated on >=3 pages)
30,EL LIBRO DE LA VERDAD / 30,743.5,9.0,running header/footer (margin line repeated on >=3 pages)
31,EL LIBRO DE LA VERDAD,53.3,8.0,running header/footer (margin line repeated on >=3 pages)
31,EL LIBRO DE LA VERDAD / 31,743.5,9.0,running header/footer (margin line repeated on >=3 pages)
32,EMPALME ANTICORRUPCIÓN 2026,56.3,8.0,running header/footer (margin line repeated on >=3 pages)
32,EL LIBRO DE LA VERDAD / 32,743.5,9.0,running header/footer (margin line repeated on >=3 pages)
33,EL LIBRO DE LA VERDAD,53.3,8.0,running header/footer (margin line repeated on >=3 pages)
33,EL LIBRO DE LA VERDAD / 33,743.5,9.0,running header/footer (margin line repeated on >=3 pages)
34,EMPALME ANTICORRUPCIÓN 2026,56.3,8.0,running header/footer (margin line repeated on >=3 pages)
34,EL LIBRO DE LA VERDAD / 34,743.5,9.0,running header/footer (margin line repeated on >=3 pages)
35,EL LIBRO DE LA VERDAD,53.3,8.0,running header/footer (margin line repeated on >=3 pages)
35,EL LIBRO DE LA VERDAD / 35,743.5,9.0,running header/footer (margin line repeated on >=3 pages)
36,EMPALME ANTICORRUPCIÓN 2026,56.3,8.0,running header/footer (margin line repeated on >=3 pages)
36,EL LIBRO DE LA VERDAD / 36,743.5,9.0,running header/footer (margin line repeated on >=3 pages)
37,EL LIBRO DE LA VERDAD,53.3,8.0,running header/footer (margin line repeated on >=3 pages)
37,EL LIBRO DE LA VERDAD / 37,743.5,9.0,running header/footer (margin line repeated on >=3 pages)
38,EMPALME ANTICORRUPCIÓN 2026,56.3,8.0,running header/footer (margin line repeated on >=3 pages)
38,EL LIBRO DE LA VERDAD / 38,743.5,9.0,running header/footer (margin line repeated on >=3 pages)
39,EL LIBRO DE LA VERDAD,53.3,8.0,running header/footer (margin line repeated on >=3 pages)
39,EL LIBRO DE LA VERDAD / 39,743.5,9.0,running header/footer (margin line repeated on >=3 pages)
40,EMPALME ANTICORRUPCIÓN 2026,56.3,8.0,running header/footer (margin line repeated on >=3 pages)
40,EL LIBRO DE LA VERDAD / 40,743.5,9.0,running header/footer (margin line repeated on >=3 pages)
41,EL LIBRO DE LA VERDAD,53.3,8.0,running header/footer (margin line repeated on >=3 pages)
41,EL LIBRO DE LA VERDAD / 41,743.5,9.0,running header/footer (margin line repeated on >=3 pages)
42,EMPALME ANTICORRUPCIÓN 2026,56.3,8.0,running header/footer (margin line repeated on >=3 pages)
42,EL LIBRO DE LA VERDAD / 42,743.5,9.0,running header/footer (margin line repeated on >=3 pages)
43,EL LIBRO DE LA VERDAD,53.3,8.0,running header/footer (margin line repeated on >=3 pages)
43,EL LIBRO DE LA VERDAD / 43,743.5,9.0,running header/footer (margin line repeated on >=3 pages)
44,EMPALME ANTICORRUPCIÓN 2026,56.3,8.0,running header/footer (margin line repeated on >=3 pages)
44,EL LIBRO DE LA VERDAD / 44,743.5,9.0,running header/footer (margin line repeated on >=3 pages)
45,EL LIBRO DE LA VERDAD,53.3,8.0,running header/footer (margin line repeated on >=3 pages)
45,EL LIBRO DE LA VERDAD / 45,743.5,9.0,running header/footer (margin line repeated on >=3 pages)
46,EMPALME ANTICORRUPCIÓN 2026,56.3,8.0,running header/footer (margin line repeated on >=3 pages)
46,EL LIBRO DE LA VERDAD / 46,743.5,9.0,running header/footer (margin line repeated on >=3 pages)
47,EL LIBRO DE LA VERDAD,53.3,8.0,running header/footer (margin line repeated on >=3 pages)
47,EL LIBRO DE LA VERDAD / 47,743.5,9.0,running header/footer (margin line repeated on >=3 pages)
48,EMPALME ANTICORRUPCIÓN 2026,56.3,8.0,running header/footer (margin line repeated on >=3 pages)
48,EL LIBRO DE LA VERDAD / 48,743.5,9.0,running header/footer (margin line repeated on >=3 pages)
49,EL LIBRO DE LA VERDAD,53.3,8.0,running header/footer (margin line repeated on >=3 pages)
49,EL LIBRO DE LA VERDAD / 49,743.5,9.0,running header/footer (margin line repeated on >=3 pages)
50,EMPALME ANTICORRUPCIÓN 2026,56.3,8.0,running header/footer (margin line repeated on >=3 pages)
50,EL LIBRO DE LA VERDAD / 50,743.5,9.0,running header/footer (margin line repeated on >=3 pages)
51,EL LIBRO DE LA VERDAD,53.3,8.0,running header/footer (margin line repeated on >=3 pages)
51,EL LIBRO DE LA VERDAD / 51,743.5,9.0,running header/footer (margin line repeated on >=3 pages)
52,EMPALME ANTICORRUPCIÓN 2026,56.3,8.0,running header/footer (margin line repeated on >=3 pages)
52,EL LIBRO DE LA VERDAD / 52,743.5,9.0,running header/footer (margin line repeated on >=3 pages)
53,EL LIBRO DE LA VERDAD,53.3,8.0,running header/footer (margin line repeated on >=3 pages)
53,EL LIBRO DE LA VERDAD / 53,743.5,9.0,running header/footer (margin line repeated on >=3 pages)
54,EMPALME ANTICORRUPCIÓN 2026,56.3,8.0,running header/footer (margin line repeated on >=3 pages)
54,EL LIBRO DE LA VERDAD / 54,743.5,9.0,running header/footer (margin line repeated on >=3 pages)
55,EL LIBRO DE LA VERDAD,53.3,8.0,running header/footer (margin line repeated on >=3 pages)
55,EL LIBRO DE LA VERDAD / 55,743.5,9.0,running header/footer (margin line repeated on >=3 pages)
56,EMPALME ANTICORRUPCIÓN 2026,56.3,8.0,running header/footer (margin line repeated on >=3 pages)
56,EL LIBRO DE LA VERDAD / 56,743.5,9.0,running header/footer (margin line repeated on >=3 pages)
57,EL LIBRO DE LA VERDAD,53.3,8.0,running header/footer (margin line repeated on >=3 pages)
57,EL LIBRO DE LA VERDAD / 57,743.5,9.0,running header/footer (margin line repeated on >=3 pages)
58,EMPALME ANTICORRUPCIÓN 2026,56.3,8.0,running header/footer (margin line repeated on >=3 pages)
58,EL LIBRO DE LA VERDAD / 58,743.5,9.0,running header/footer (margin line repeated on >=3 pages)
59,EL LIBRO DE LA VERDAD,53.3,8.0,running header/footer (margin line repeated on >=3 pages)
59,EL LIBRO DE LA VERDAD / 59,743.5,9.0,running header/footer (margin line repeated on >=3 pages)
60,EMPALME ANTICORRUPCIÓN 2026,56.3,8.0,running header/footer (margin line repeated on >=3 pages)
60,EL LIBRO DE LA VERDAD / 60,743.5,9.0,running header/footer (margin line repeated on >=3 pages)
61,EL LIBRO DE LA VERDAD,53.3,8.0,running header/footer (margin line repeated on >=3 pages)
61,EL LIBRO DE LA VERDAD / 61,743.5,9.0,running header/footer (margin line repeated on >=3 pages)
62,EMPALME ANTICORRUPCIÓN 2026,56.3,8.0,running header/footer (margin line repeated on >=3 pages)
62,EL LIBRO DE LA VERDAD / 62,743.5,9.0,running header/footer (margin line repeated on >=3 pages)
63,EL LIBRO DE LA VERDAD,53.3,8.0,running header/footer (margin line repeated on >=3 pages)
63,EL LIBRO DE LA VERDAD / 63,743.5,9.0,running header/footer (margin line repeated on >=3 pages)
64,EMPALME ANTICORRUPCIÓN 2026,56.3,8.0,running header/footer (margin line repeated on >=3 pages)
64,EL LIBRO DE LA VERDAD / 64,743.5,9.0,running header/footer (margin line repeated on >=3 pages)
65,EL LIBRO DE LA VERDAD,53.3,8.0,running header/footer (margin line repeated on >=3 pages)
65,EL LIBRO DE LA VERDAD / 65,743.5,9.0,running header/footer (margin line repeated on >=3 pages)
66,EMPALME ANTICORRUPCIÓN 2026,56.3,8.0,running header/footer (margin line repeated on >=3 pages)
66,EL LIBRO DE LA VERDAD / 66,743.5,9.0,running header/footer (margin line repeated on >=3 pages)
66,CAPÍTULO,64.5,9.0,running header/footer (margin line repeated on >=3 pages)
67,EL LIBRO DE LA VERDAD,53.3,8.0,running header/footer (margin line repeated on >=3 pages)
67,EL LIBRO DE LA VERDAD / 67,743.5,9.0,running header/footer (margin line repeated on >=3 pages)
68,EMPALME ANTICORRUPCIÓN 2026,56.3,8.0,running header/footer (margin line repeated on >=3 pages)
68,EL LIBRO DE LA VERDAD / 68,743.5,9.0,running header/footer (margin line repeated on >=3 pages)
69,EL LIBRO DE LA VERDAD,53.3,8.0,running header/footer (margin line repeated on >=3 pages)
69,EL LIBRO DE LA VERDAD / 69,743.5,9.0,running header/footer (margin line repeated on >=3 pages)
70,EMPALME ANTICORRUPCIÓN 2026,56.3,8.0,running header/footer (margin line repeated on >=3 pages)
70,EL LIBRO DE LA VERDAD / 70,743.5,9.0,running header/footer (margin line repeated on >=3 pages)
71,EL LIBRO DE LA VERDAD,53.3,8.0,running header/footer (margin line repeated on >=3 pages)
71,EL LIBRO DE LA VERDAD / 71,743.5,9.0,running header/footer (margin line repeated on >=3 pages)
72,EMPALME ANTICORRUPCIÓN 2026,56.3,8.0,running header/footer (margin line repeated on >=3 pages)
72,EL LIBRO DE LA VERDAD / 72,743.5,9.0,running header/footer (margin line repeated on >=3 pages)
73,EL LIBRO DE LA VERDAD,53.3,8.0,running header/footer (margin line repeated on >=3 pages)
73,EL LIBRO DE LA VERDAD / 73,743.5,9.0,running header/footer (margin line repeated on >=3 pages)
74,EMPALME ANTICORRUPCIÓN 2026,56.3,8.0,running header/footer (margin line repeated on >=3 pages)
74,EL LIBRO DE LA VERDAD / 74,743.5,9.0,running header/footer (margin line repeated on >=3 pages)
75,EL LIBRO DE LA VERDAD,53.3,8.0,running header/footer (margin line repeated on >=3 pages)
75,EL LIBRO DE LA VERDAD / 75,743.5,9.0,running header/footer (margin line repeated on >=3 pages)
76,EMPALME ANTICORRUPCIÓN 2026,56.3,8.0,running header/footer (margin line repeated on >=3 pages)
76,EL LIBRO DE LA VERDAD / 76,743.5,9.0,running header/footer (margin line repeated on >=3 pages)
77,EL LIBRO DE LA VERDAD,53.3,8.0,running header/footer (margin line repeated on >=3 pages)
77,EL LIBRO DE LA VERDAD / 77,743.5,9.0,running header/footer (margin line repeated on >=3 pages)
78,EMPALME ANTICORRUPCIÓN 2026,56.3,8.0,running header/footer (margin line repeated on >=3 pages)
78,EL LIBRO DE LA VERDAD / 78,743.5,9.0,running header/footer (margin line repeated on >=3 pages)
79,EL LIBRO DE LA VERDAD,53.3,8.0,running header/footer (margin line repeated on >=3 pages)
79,EL LIBRO DE LA VERDAD / 79,743.5,9.0,running header/footer (margin line repeated on >=3 pages)
80,EMPALME ANTICORRUPCIÓN 2026,56.3,8.0,running header/footer (margin line repeated on >=3 pages)
80,EL LIBRO DE LA VERDAD / 80,743.5,9.0,running header/footer (margin line repeated on >=3 pages)
80,CAPÍTULO,64.5,9.0,running header/footer (margin line repeated on >=3 pages)
81,EL LIBRO DE LA VERDAD,53.3,8.0,running header/footer (margin line repeated on >=3 pages)
81,EL LIBRO DE LA VERDAD / 81,743.5,9.0,running header/footer (margin line repeated on >=3 pages)
82,EMPALME ANTICORRUPCIÓN 2026,56.3,8.0,running header/footer (margin line repeated on >=3 pages)
82,EL LIBRO DE LA VERDAD / 82,743.5,9.0,running header/footer (margin line repeated on >=3 pages)
83,EL LIBRO DE LA VERDAD,53.3,8.0,running header/footer (margin line repeated on >=3 pages)
83,EL LIBRO DE LA VERDAD / 83,743.5,9.0,running header/footer (margin line repeated on >=3 pages)
84,EMPALME ANTICORRUPCIÓN 2026,56.3,8.0,running header/footer (margin line repeated on >=3 pages)
84,EL LIBRO DE LA VERDAD / 84,743.5,9.0,running header/footer (margin line repeated on >=3 pages)
85,EL LIBRO DE LA VERDAD,53.3,8.0,running header/footer (margin line repeated on >=3 pages)
85,EL LIBRO DE LA VERDAD / 85,743.5,9.0,running header/footer (margin line repeated on >=3 pages)
86,EMPALME ANTICORRUPCIÓN 2026,56.3,8.0,running header/footer (margin line repeated on >=3 pages)
86,EL LIBRO DE LA VERDAD / 86,743.5,9.0,running header/footer (margin line repeated on >=3 pages)
87,EL LIBRO DE LA VERDAD,53.3,8.0,running header/footer (margin line repeated on >=3 pages)
87,EL LIBRO DE LA VERDAD / 87,743.5,9.0,running header/footer (margin line repeated on >=3 pages)
88,EMPALME ANTICORRUPCIÓN 2026,56.3,8.0,running header/footer (margin line repeated on >=3 pages)
88,EL LIBRO DE LA VERDAD / 88,743.5,9.0,running header/footer (margin line repeated on >=3 pages)
89,EL LIBRO DE LA VERDAD,53.3,8.0,running header/footer (margin line repeated on >=3 pages)
89,EL LIBRO DE LA VERDAD / 89,743.5,9.0,running header/footer (margin line repeated on >=3 pages)
90,EMPALME ANTICORRUPCIÓN 2026,56.3,8.0,running header/footer (margin line repeated on >=3 pages)
90,EL LIBRO DE LA VERDAD / 90,743.5,9.0,running header/footer (margin line repeated on >=3 pages)
91,EL LIBRO DE LA VERDAD,53.3,8.0,running header/footer (margin line repeated on >=3 pages)
91,EL LIBRO DE LA VERDAD / 91,743.5,9.0,running header/footer (margin line repeated on >=3 pages)
92,EMPALME ANTICORRUPCIÓN 2026,56.3,8.0,running header/footer (margin line repeated on >=3 pages)
92,EL LIBRO DE LA VERDAD / 92,743.5,9.0,running header/footer (margin line repeated on >=3 pages)
93,EL LIBRO DE LA VERDAD,53.3,8.0,running header/footer (margin line repeated on >=3 pages)
93,EL LIBRO DE LA VERDAD / 93,743.5,9.0,running header/footer (margin line repeated on >=3 pages)
94,EMPALME ANTICORRUPCIÓN 2026,56.3,8.0,running header/footer (margin line repeated on >=3 pages)
94,EL LIBRO DE LA VERDAD / 94,743.5,9.0,running header/footer (margin line repeated on >=3 pages)
95,EL LIBRO DE LA VERDAD,53.3,8.0,running header/footer (margin line repeated on >=3 pages)
95,EL LIBRO DE LA VERDAD / 95,743.5,9.0,running header/footer (margin line repeated on >=3 pages)
96,EMPALME ANTICORRUPCIÓN 2026,56.3,8.0,running header/footer (margin line repeated on >=3 pages)
96,EL LIBRO DE LA VERDAD / 96,743.5,9.0,running header/footer (margin line repeated on >=3 pages)
97,EL LIBRO DE LA VERDAD,53.3,8.0,running header/footer (margin line repeated on >=3 pages)
97,EL LIBRO DE LA VERDAD / 97,743.5,9.0,running header/footer (margin line repeated on >=3 pages)
98,EMPALME ANTICORRUPCIÓN 2026,56.3,8.0,running header/footer (margin line repeated on >=3 pages)
98,EL LIBRO DE LA VERDAD / 98,743.5,9.0,running header/footer (margin line repeated on >=3 pages)
99,EL LIBRO DE LA VERDAD,53.3,8.0,running header/footer (margin line repeated on >=3 pages)
99,EL LIBRO DE LA VERDAD / 99,743.5,9.0,running header/footer (margin line repeated on >=3 pages)
100,EMPALME ANTICORRUPCIÓN 2026,56.3,8.0,running header/footer (margin line repeated on >=3 pages)
100,EL LIBRO DE LA VERDAD / 100,743.5,9.0,running header/footer (margin line repeated on >=3 pages)
101,EL LIBRO DE LA VERDAD,53.3,8.0,running header/footer (margin line repeated on >=3 pages)
101,EL LIBRO DE LA VERDAD / 101,743.5,9.0,running header/footer (margin line repeated on >=3 pages)
102,EMPALME ANTICORRUPCIÓN 2026,56.3,8.0,running header/footer (margin line repeated on >=3 pages)
102,EL LIBRO DE LA VERDAD / 102,743.5,9.0,running header/footer (margin line repeated on >=3 pages)
103,EL LIBRO DE LA VERDAD,53.3,8.0,running header/footer (margin line repeated on >=3 pages)
103,EL LIBRO DE LA VERDAD / 103,743.5,9.0,running header/footer (margin line repeated on >=3 pages)
104,EMPALME ANTICORRUPCIÓN 2026,56.3,8.0,running header/footer (margin line repeated on >=3 pages)
104,EL LIBRO DE LA VERDAD / 104,743.5,9.0,running header/footer (margin line repeated on >=3 pages)
105,EL LIBRO DE LA VERDAD,53.3,8.0,running header/footer (margin line repeated on >=3 pages)
105,EL LIBRO DE LA VERDAD / 105,743.5,9.0,running header/footer (margin line repeated on >=3 pages)
106,EMPALME ANTICORRUPCIÓN 2026,56.3,8.0,running header/footer (margin line repeated on >=3 pages)
106,EL LIBRO DE LA VERDAD / 106,743.5,9.0,running header/footer (margin line repeated on >=3 pages)
107,EL LIBRO DE LA VERDAD,53.3,8.0,running header/footer (margin line repeated on >=3 pages)
107,EL LIBRO DE LA VERDAD / 107,743.5,9.0,running header/footer (margin line repeated on >=3 pages)
108,EMPALME ANTICORRUPCIÓN 2026,56.3,8.0,running header/footer (margin line repeated on >=3 pages)
108,EL LIBRO DE LA VERDAD / 108,743.5,9.0,running header/footer (margin line repeated on >=3 pages)
109,EL LIBRO DE LA VERDAD,53.3,8.0,running header/footer (margin line repeated on >=3 pages)
109,EL LIBRO DE LA VERDAD / 109,743.5,9.0,running header/footer (margin line repeated on >=3 pages)
110,EMPALME ANTICORRUPCIÓN 2026,56.3,8.0,running header/footer (margin line repeated on >=3 pages)
110,EL LIBRO DE LA VERDAD / 110,743.5,9.0,running header/footer (margin line repeated on >=3 pages)
111,EL LIBRO DE LA VERDAD,53.3,8.0,running header/footer (margin line repeated on >=3 pages)
111,EL LIBRO DE LA VERDAD / 111,743.5,9.0,running header/footer (margin line repeated on >=3 pages)
112,EMPALME ANTICORRUPCIÓN 2026,56.3,8.0,running header/footer (margin line repeated on >=3 pages)
112,EL LIBRO DE LA VERDAD / 112,743.5,9.0,running header/footer (margin line repeated on >=3 pages)
113,EL LIBRO DE LA VERDAD,53.3,8.0,running header/footer (margin line repeated on >=3 pages)
113,EL LIBRO DE LA VERDAD / 113,743.5,9.0,running header/footer (margin line repeated on >=3 pages)
114,EMPALME ANTICORRUPCIÓN 2026,56.3,8.0,running header/footer (margin line repeated on >=3 pages)
114,EL LIBRO DE LA VERDAD / 114,743.5,9.0,running header/footer (margin line repeated on >=3 pages)
115,EL LIBRO DE LA VERDAD,53.3,8.0,running header/footer (margin line repeated on >=3 pages)
115,EL LIBRO DE LA VERDAD / 115,743.5,9.0,running header/footer (margin line repeated on >=3 pages)
116,EMPALME ANTICORRUPCIÓN 2026,56.3,8.0,running header/footer (margin line repeated on >=3 pages)
116,EL LIBRO DE LA VERDAD / 116,743.5,9.0,running header/footer (margin line repeated on >=3 pages)
117,EL LIBRO DE LA VERDAD,53.3,8.0,running header/footer (margin line repeated on >=3 pages)
117,EL LIBRO DE LA VERDAD / 117,743.5,9.0,running header/footer (margin line repeated on >=3 pages)
118,EMPALME ANTICORRUPCIÓN 2026,56.3,8.0,running header/footer (margin line repeated on >=3 pages)
118,EL LIBRO DE LA VERDAD / 118,743.5,9.0,running header/footer (margin line repeated on >=3 pages)
119,EL LIBRO DE LA VERDAD,53.3,8.0,running header/footer (margin line repeated on >=3 pages)
119,EL LIBRO DE LA VERDAD / 119,743.5,9.0,running header/footer (margin line repeated on >=3 pages)
120,EMPALME ANTICORRUPCIÓN 2026,56.3,8.0,running header/footer (margin line repeated on >=3 pages)
120,EL LIBRO DE LA VERDAD / 120,743.5,9.0,running header/footer (margin line repeated on >=3 pages)
121,EL LIBRO DE LA VERDAD,53.3,8.0,running header/footer (margin line repeated on >=3 pages)
121,EL LIBRO DE LA VERDAD / 121,743.5,9.0,running header/footer (margin line repeated on >=3 pages)
122,EMPALME ANTICORRUPCIÓN 2026,56.3,8.0,running header/footer (margin line repeated on >=3 pages)
122,EL LIBRO DE LA VERDAD / 122,743.5,9.0,running header/footer (margin line repeated on >=3 pages)
123,EL LIBRO DE LA VERDAD,53.3,8.0,running header/footer (margin line repeated on >=3 pages)
123,EL LIBRO DE LA VERDAD / 123,743.5,9.0,running header/footer (margin line repeated on >=3 pages)
124,EMPALME ANTICORRUPCIÓN 2026,56.3,8.0,running header/footer (margin line repeated on >=3 pages)
124,EL LIBRO DE LA VERDAD / 124,743.5,9.0,running header/footer (margin line repeated on >=3 pages)
125,EL LIBRO DE LA VERDAD,53.3,8.0,running header/footer (margin line repeated on >=3 pages)
125,EL LIBRO DE LA VERDAD / 125,743.5,9.0,running header/footer (margin line repeated on >=3 pages)
126,EMPALME ANTICORRUPCIÓN 2026,56.3,8.0,running header/footer (margin line repeated on >=3 pages)
126,EL LIBRO DE LA VERDAD / 126,743.5,9.0,running header/footer (margin line repeated on >=3 pages)
127,EL LIBRO DE LA VERDAD,53.3,8.0,running header/footer (margin line repeated on >=3 pages)
127,EL LIBRO DE LA VERDAD / 127,743.5,9.0,running header/footer (margin line repeated on >=3 pages)
128,EMPALME ANTICORRUPCIÓN 2026,56.3,8.0,running header/footer (margin line repeated on >=3 pages)
128,EL LIBRO DE LA VERDAD / 128,743.5,9.0,running header/footer (margin line repeated on >=3 pages)
129,EL LIBRO DE LA VERDAD,53.3,8.0,running header/footer (margin line repeated on >=3 pages)
129,EL LIBRO DE LA VERDAD / 129,743.5,9.0,running header/footer (margin line repeated on >=3 pages)
130,EMPALME ANTICORRUPCIÓN 2026,56.3,8.0,running header/footer (margin line repeated on >=3 pages)
130,EL LIBRO DE LA VERDAD / 130,743.5,9.0,running header/footer (margin line repeated on >=3 pages)
131,EL LIBRO DE LA VERDAD,53.3,8.0,running header/footer (margin line repeated on >=3 pages)
131,EL LIBRO DE LA VERDAD / 131,743.5,9.0,running header/footer (margin line repeated on >=3 pages)
131,CAPÍTULO,64.5,9.0,running header/footer (margin line repeated on >=3 pages)
132,EMPALME ANTICORRUPCIÓN 2026,56.3,8.0,running header/footer (margin line repeated on >=3 pages)
132,EL LIBRO DE LA VERDAD / 132,743.5,9.0,running header/footer (margin line repeated on >=3 pages)
133,EL LIBRO DE LA VERDAD,53.3,8.0,running header/footer (margin line repeated on >=3 pages)
133,EL LIBRO DE LA VERDAD / 133,743.5,9.0,running header/footer (margin line repeated on >=3 pages)
134,EMPALME ANTICORRUPCIÓN 2026,56.3,8.0,running header/footer (margin line repeated on >=3 pages)
134,EL LIBRO DE LA VERDAD / 134,743.5,9.0,running header/footer (margin line repeated on >=3 pages)
