feature,PC1,PC2,PC3,abs_pc1
avg_word_length,0.2405,-0.0602,-0.0238,0.2405
fernandez_huerta,-0.239,0.0722,0.0228,0.239
share_words_10p,0.2363,-0.0239,-0.0142,0.2363
szigriszt_inflesz,-0.2253,-0.0388,-0.0332,0.2253
pos_ADJ,0.2031,-0.0601,-0.05,0.2031
share_words_1_3,-0.1924,0.1468,0.0983,0.1924
lexical_density,0.1849,-0.1312,-0.1439,0.1849
share_words_4_6,-0.1818,-0.0278,-0.0212,0.1818
fw_es,-0.1759,-0.0315,-0.0263,0.1759
semantic_continuity,0.1752,0.0406,0.1221,0.1752
numbers_per_1k,-0.1735,0.1763,-0.1002,0.1735
pos_NUM,-0.1663,0.1948,-0.0841,0.1663
pos_ADV,-0.1649,-0.1063,-0.0193,0.1649
pos_AUX,-0.1569,-0.1068,0.1183,0.1569
pos_PRON,-0.1537,-0.1564,0.1262,0.1537
fw_no,-0.1432,-0.1202,-0.0029,0.1432
fw_está,-0.1422,-0.044,-0.0197,0.1422
pos_NOUN,0.1419,-0.0554,-0.1778,0.1419
fw_en,-0.134,0.0968,-0.1046,0.134
fw_la,0.1337,0.0153,0.1284,0.1337
punct_percent_per_1k_chars,-0.1309,0.0855,-0.1469,0.1309
fw_que,-0.1302,-0.1477,0.1883,0.1302
fw_hay,-0.126,-0.0874,0.0042,0.126
fw_lo,-0.124,-0.0531,0.0924,0.124
fw_un,-0.1235,-0.0041,-0.0304,0.1235
