,G001,G002,G003,G004,G005,G006,G007,G008,G009,G010,G011,G012,G013,G014,G015,G016,G017,G018,G019,G020,G021,G022,G023,G024,G025,G026,G027,G028,G029,G030,G031,G032,G033,G034,G035,G036,G037,G038,G039,G040,G041,G042,G043,G044,G045,G046,G047,G048,G049,G050,G051,G052,G053,G054,G055,G056,G057,G058,G059,G060,G061
G001,0.0,0.08256,0.08685,0.098,0.13496,0.08869,0.09166,0.06253,0.08242,0.06961,0.08497,0.10486,0.10317,0.10132,0.06269,0.10091,0.0903,0.09004,0.11729,0.07381,0.07148,0.08157,0.11836,0.09311,0.11076,0.09043,0.09035,0.07711,0.08788,0.08121,0.07855,0.11986,0.11364,0.11707,0.08253,0.12148,0.08197,0.07204,0.07322,0.07213,0.06279,0.07561,0.06217,0.06945,0.08997,0.08257,0.05401,0.07172,0.07682,0.09754,0.10521,0.08129,0.09329,0.07051,0.10666,0.0808,0.07194,0.07168,0.06777,0.06547,0.08296
G002,0.08256,0.0,0.06401,0.09072,0.11431,0.10591,0.08193,0.07305,0.09154,0.0912,0.07889,0.10763,0.0956,0.08497,0.0824,0.08319,0.0873,0.0853,0.12103,0.09512,0.07938,0.06825,0.09631,0.08875,0.09419,0.08614,0.07418,0.10631,0.07543,0.08933,0.07986,0.11855,0.0962,0.10156,0.07859,0.10747,0.11512,0.0886,0.06993,0.11552,0.08834,0.07898,0.09354,0.11312,0.06999,0.08047,0.07899,0.08729,0.0831,0.09776,0.09667,0.06794,0.08221,0.0893,0.10281,0.07736,0.05261,0.07914,0.07432,0.08003,0.09859
G003,0.08685,0.06401,0.0,0.07639,0.09538,0.07295,0.07064,0.08588,0.08003,0.08176,0.07271,0.09343,0.1007,0.09469,0.05462,0.08388,0.09067,0.08495,0.08522,0.09871,0.08099,0.06777,0.07447,0.08895,0.09512,0.07516,0.05234,0.0944,0.09164,0.06582,0.05502,0.07614,0.07275,0.06843,0.06832,0.0906,0.09374,0.08957,0.07472,0.12063,0.09407,0.08466,0.10099,0.10933,0.07231,0.1034,0.08258,0.08725,0.08239,0.09243,0.09947,0.06813,0.05224,0.08288,0.09479,0.07821,0.06545,0.05701,0.10541,0.09519,0.06893
G004,0.098,0.09072,0.07639,0.0,0.04872,0.08317,0.06855,0.08183,0.09485,0.07906,0.07642,0.09178,0.10027,0.07815,0.08462,0.09072,0.08917,0.07875,0.10103,0.08809,0.11709,0.07898,0.09272,0.05926,0.09504,0.09144,0.07861,0.09951,0.09722,0.0699,0.07824,0.096,0.10041,0.08388,0.06932,0.10304,0.09505,0.09459,0.08764,0.11597,0.12329,0.09531,0.09273,0.11404,0.09832,0.09531,0.10585,0.0879,0.0892,0.11214,0.11225,0.06631,0.07649,0.08274,0.10602,0.07984,0.10832,0.08834,0.10054,0.09025,0.07562
G005,0.13496,0.11431,0.09538,0.04872,0.0,0.08498,0.08024,0.11065,0.13622,0.10861,0.08786,0.14023,0.10723,0.09805,0.11266,0.0958,0.11044,0.09726,0.11665,0.10756,0.15705,0.10524,0.09692,0.08194,0.10631,0.09389,0.08011,0.12392,0.11564,0.07953,0.0931,0.08246,0.1012,0.08727,0.09328,0.10388,0.12224,0.12609,0.09386,0.1483,0.1546,0.12536,0.11824,0.15434,0.12492,0.13208,0.12519,0.12709,0.12311,0.12285,0.1113,0.0664,0.08895,0.11086,0.12352,0.10033,0.11886,0.11902,0.11531,0.11251,0.09376
G006,0.08869,0.10591,0.07295,0.08317,0.08498,0.0,0.05212,0.06477,0.0825,0.07832,0.06537,0.1157,0.06421,0.0612,0.05112,0.06393,0.07016,0.05444,0.04824,0.07108,0.09769,0.09517,0.08195,0.07501,0.07991,0.07734,0.07403,0.068,0.08238,0.06349,0.07759,0.07256,0.07833,0.07149,0.07433,0.08377,0.0722,0.06455,0.05813,0.09064,0.08373,0.0808,0.09398,0.07554,0.07608,0.08918,0.07434,0.09244,0.06932,0.09354,0.10086,0.07056,0.06194,0.0652,0.06437,0.08389,0.09173,0.07256,0.09115,0.11206,0.08809
G007,0.09166,0.08193,0.07064,0.06855,0.08024,0.05212,0.0,0.06315,0.08252,0.08483,0.06007,0.10239,0.08473,0.06953,0.06303,0.07923,0.076,0.07501,0.0767,0.08576,0.08948,0.08622,0.08868,0.05799,0.06987,0.08065,0.07759,0.09517,0.08912,0.06094,0.06782,0.06817,0.08432,0.07624,0.06857,0.0915,0.08625,0.07747,0.06575,0.10849,0.07798,0.0871,0.07571,0.09311,0.08757,0.08568,0.09074,0.07817,0.06142,0.078,0.08684,0.06588,0.05415,0.08186,0.08684,0.0716,0.08017,0.07523,0.08912,0.10865,0.08328
G008,0.06253,0.07305,0.08588,0.08183,0.11065,0.06477,0.06315,0.0,0.07878,0.06468,0.05737,0.09669,0.08141,0.06064,0.06098,0.06816,0.07593,0.05933,0.08163,0.05665,0.0817,0.07843,0.07637,0.06288,0.08362,0.07014,0.07365,0.06465,0.07812,0.06746,0.06421,0.08281,0.09061,0.08665,0.06973,0.10132,0.06209,0.06276,0.06095,0.08739,0.06073,0.07244,0.0735,0.07423,0.07086,0.04913,0.07214,0.07027,0.0643,0.06364,0.07581,0.05931,0.07108,0.05344,0.08441,0.07735,0.08426,0.06533,0.07173,0.09511,0.07548
G009,0.08242,0.09154,0.08003,0.09485,0.13622,0.0825,0.08252,0.07878,0.0,0.06258,0.07502,0.07085,0.1009,0.07289,0.05278,0.10798,0.05276,0.08035,0.09508,0.08748,0.07448,0.07488,0.10483,0.07736,0.08049,0.08056,0.07025,0.08615,0.09897,0.07605,0.07665,0.09931,0.10492,0.11278,0.09118,0.09758,0.08689,0.05867,0.07808,0.07188,0.07121,0.07265,0.08609,0.09256,0.07367,0.0746,0.06874,0.06518,0.06147,0.10636,0.08732,0.09638,0.07216,0.07751,0.09024,0.08209,0.08211,0.0623,0.07805,0.08464,0.09318
G010,0.06961,0.0912,0.08176,0.07906,0.10861,0.07832,0.08483,0.06468,0.06258,0.0,0.06732,0.08695,0.10114,0.0505,0.06913,0.0899,0.06332,0.07867,0.08921,0.06033,0.08671,0.06821,0.09211,0.06549,0.06659,0.06744,0.07746,0.04741,0.08992,0.07846,0.07933,0.10681,0.11113,0.09932,0.0894,0.11605,0.06509,0.06496,0.06356,0.06917,0.06646,0.05311,0.078,0.08373,0.08413,0.08586,0.05449,0.0547,0.0665,0.10046,0.09139,0.08441,0.0612,0.06488,0.07412,0.08795,0.0932,0.07045,0.09225,0.09426,0.08709
G011,0.08497,0.07889,0.07271,0.07642,0.08786,0.06537,0.06007,0.05737,0.07502,0.06732,0.0,0.08934,0.08988,0.06763,0.07663,0.07038,0.06663,0.06204,0.06787,0.06966,0.07973,0.06181,0.07924,0.0654,0.07615,0.07581,0.06312,0.08263,0.08721,0.07048,0.07793,0.08869,0.09208,0.08691,0.07456,0.12394,0.05558,0.06805,0.06023,0.09494,0.06799,0.08527,0.08815,0.0863,0.065,0.05779,0.07274,0.05997,0.05795,0.09541,0.07435,0.05322,0.05453,0.05514,0.07718,0.07591,0.07517,0.05269,0.07745,0.08763,0.09387
G012,0.10486,0.10763,0.09343,0.09178,0.14023,0.1157,0.10239,0.09669,0.07085,0.08695,0.08934,0.0,0.10573,0.0741,0.07519,0.09255,0.08049,0.08106,0.08987,0.08463,0.11519,0.07363,0.09681,0.08479,0.10058,0.09049,0.10085,0.10234,0.10521,0.08919,0.09179,0.13347,0.10736,0.13136,0.09715,0.12051,0.10035,0.07789,0.07506,0.08774,0.09182,0.06397,0.08738,0.10364,0.06509,0.06267,0.09119,0.09072,0.08332,0.10823,0.09164,0.10046,0.08651,0.07675,0.11498,0.08576,0.10688,0.07124,0.07342,0.09068,0.11494
G013,0.10317,0.0956,0.1007,0.10027,0.10723,0.06421,0.08473,0.08141,0.1009,0.10114,0.08988,0.10573,0.0,0.06954,0.07075,0.07321,0.06942,0.0631,0.07036,0.07548,0.09655,0.08824,0.09923,0.09034,0.07894,0.07754,0.08872,0.0955,0.06955,0.06831,0.08321,0.09368,0.09158,0.08762,0.09445,0.10086,0.11899,0.06654,0.04913,0.10007,0.0843,0.08468,0.11392,0.10765,0.06714,0.08156,0.06299,0.10173,0.08562,0.08674,0.09352,0.06899,0.08359,0.09152,0.10268,0.10564,0.0905,0.09329,0.07594,0.09062,0.13351
G014,0.10132,0.08497,0.09469,0.07815,0.09805,0.0612,0.06953,0.06064,0.07289,0.0505,0.06763,0.0741,0.06954,0.0,0.07149,0.05621,0.04901,0.0496,0.06886,0.05033,0.09645,0.06725,0.0697,0.04565,0.05285,0.07076,0.0861,0.07439,0.08751,0.07337,0.08593,0.10246,0.10621,0.10203,0.0927,0.11363,0.06408,0.04805,0.04709,0.07713,0.082,0.04668,0.08054,0.06571,0.06728,0.05983,0.06807,0.07562,0.0506,0.07876,0.08899,0.06953,0.06247,0.0397,0.0528,0.08015,0.09581,0.06308,0.08269,0.1002,0.09107
G015,0.06269,0.0824,0.05462,0.08462,0.11266,0.05112,0.06303,0.06098,0.05278,0.06913,0.07663,0.07519,0.07075,0.07149,0.0,0.07342,0.06394,0.0627,0.07135,0.08493,0.06749,0.07457,0.08693,0.06751,0.08352,0.07171,0.05751,0.08297,0.08458,0.05925,0.04709,0.07768,0.06894,0.06963,0.06114,0.06951,0.09055,0.06181,0.05688,0.07502,0.06651,0.06264,0.07843,0.0848,0.06808,0.07558,0.04253,0.08234,0.05888,0.08026,0.07433,0.06804,0.07712,0.06727,0.07558,0.08394,0.07113,0.06105,0.08036,0.07268,0.08735
G016,0.10091,0.08319,0.08388,0.09072,0.0958,0.06393,0.07923,0.06816,0.10798,0.0899,0.07038,0.09255,0.07321,0.05621,0.07342,0.0,0.07962,0.0528,0.06053,0.07346,0.09707,0.08019,0.06457,0.07037,0.07687,0.07251,0.08521,0.075,0.07531,0.08315,0.08241,0.08686,0.09615,0.092,0.08487,0.10818,0.08211,0.08703,0.05819,0.09287,0.09242,0.06534,0.07981,0.08004,0.07741,0.08771,0.08177,0.08354,0.06378,0.07609,0.08379,0.06093,0.06811,0.07271,0.09705,0.07815,0.09238,0.06639,0.07234,0.0879,0.09273
G017,0.0903,0.0873,0.09067,0.08917,0.11044,0.07016,0.076,0.07593,0.05276,0.06332,0.06663,0.08049,0.06942,0.04901,0.06394,0.07962,0.0,0.0657,0.086,0.07955,0.07947,0.07085,0.09974,0.06417,0.05216,0.07939,0.09499,0.07824,0.10674,0.08478,0.07869,0.09951,0.09969,0.10851,0.08352,0.09665,0.09704,0.06671,0.06607,0.08206,0.06828,0.06256,0.10465,0.09012,0.07949,0.07773,0.05646,0.06694,0.04766,0.10675,0.08801,0.07026,0.06146,0.07452,0.08931,0.07864,0.07946,0.07051,0.08968,0.10039,0.09553
G018,0.09004,0.0853,0.08495,0.07875,0.09726,0.05444,0.07501,0.05933,0.08035,0.07867,0.06204,0.08106,0.0631,0.0496,0.0627,0.0528,0.0657,0.0,0.06321,0.06688,0.09688,0.07995,0.06723,0.06843,0.06627,0.06638,0.07133,0.07666,0.07347,0.06349,0.06599,0.08923,0.08374,0.08681,0.0856,0.09819,0.06837,0.05485,0.04841,0.1007,0.07609,0.07846,0.08784,0.07157,0.05817,0.06931,0.06693,0.07723,0.05827,0.08224,0.06592,0.05272,0.06506,0.05896,0.08592,0.07723,0.08033,0.06669,0.05804,0.08035,0.07142
G019,0.11729,0.12103,0.08522,0.10103,0.11665,0.04824,0.0767,0.08163,0.09508,0.08921,0.06787,0.08987,0.07036,0.06886,0.07135,0.06053,0.086,0.06321,0.0,0.07669,0.10496,0.07913,0.07044,0.07479,0.08409,0.08554,0.09903,0.08845,0.0868,0.07904,0.09894,0.10868,0.10924,0.10601,0.10796,0.13178,0.09509,0.07023,0.06588,0.0796,0.08886,0.09281,0.11032,0.09479,0.08982,0.10441,0.10224,0.09413,0.07992,0.09838,0.10746,0.0964,0.06251,0.08303,0.09576,0.09378,0.10833,0.06604,0.10146,0.1259,0.10954
G020,0.07381,0.09512,0.09871,0.08809,0.10756,0.07108,0.08576,0.05665,0.08748,0.06033,0.06966,0.08463,0.07548,0.05033,0.08493,0.07346,0.07955,0.06688,0.07669,0.0,0.10581,0.06196,0.07612,0.06643,0.08742,0.07666,0.0861,0.07957,0.06527,0.07119,0.10002,0.12406,0.11154,0.11293,0.09119,0.12491,0.07929,0.05264,0.06155,0.06728,0.06777,0.06177,0.06695,0.06608,0.06392,0.06823,0.07281,0.07504,0.07415,0.09225,0.10575,0.09163,0.06709,0.0579,0.07121,0.09433,0.09402,0.06384,0.06683,0.11242,0.08846
G021,0.07148,0.07938,0.08099,0.11709,0.15705,0.09769,0.08948,0.0817,0.07448,0.08671,0.07973,0.11519,0.09655,0.09645,0.06749,0.09707,0.07947,0.09688,0.10496,0.10581,0.0,0.076,0.11894,0.10453,0.09112,0.10474,0.08671,0.10002,0.09453,0.09256,0.07066,0.09657,0.09302,0.09462,0.08328,0.10418,0.09351,0.07364,0.06736,0.09053,0.05948,0.08532,0.10788,0.08507,0.08154,0.09157,0.06821,0.0744,0.06585,0.11348,0.09602,0.07696,0.06818,0.08757,0.10998,0.1059,0.03601,0.06161,0.08397,0.08443,0.10597
G022,0.08157,0.06825,0.06777,0.07898,0.10524,0.09517,0.08622,0.07843,0.07488,0.06821,0.06181,0.07363,0.08824,0.06725,0.07457,0.08019,0.07085,0.07995,0.07913,0.06196,0.076,0.0,0.09035,0.05306,0.0854,0.07593,0.074,0.07183,0.0668,0.07759,0.07905,0.1189,0.11404,0.10403,0.07191,0.12874,0.10935,0.06137,0.05623,0.07212,0.06871,0.072,0.07365,0.08687,0.07087,0.08148,0.07089,0.0791,0.05878,0.09106,0.10781,0.06553,0.06322,0.07676,0.08935,0.08787,0.06384,0.05463,0.08271,0.09899,0.08709
G023,0.11836,0.09631,0.07447,0.09272,0.09692,0.08195,0.08868,0.07637,0.10483,0.09211,0.07924,0.09681,0.09923,0.0697,0.08693,0.06457,0.09974,0.06723,0.07044,0.07612,0.11894,0.09035,0.0,0.06183,0.08259,0.0815,0.06885,0.10085,0.08677,0.07423,0.0842,0.0998,0.10607,0.08467,0.09696,0.10404,0.08288,0.06981,0.07358,0.11044,0.10837,0.09075,0.09942,0.10059,0.08546,0.10215,0.10342,0.10577,0.10371,0.06939,0.06578,0.08874,0.0807,0.08007,0.08355,0.11587,0.10329,0.08699,0.10623,0.1195,0.08977
G024,0.09311,0.08875,0.08895,0.05926,0.08194,0.07501,0.05799,0.06288,0.07736,0.06549,0.0654,0.08479,0.09034,0.04565,0.06751,0.07037,0.06417,0.06843,0.07479,0.06643,0.10453,0.05306,0.06183,0.0,0.07506,0.04862,0.06994,0.08873,0.07757,0.07223,0.08556,0.09975,0.10926,0.10065,0.07823,0.11748,0.07479,0.06505,0.06064,0.08102,0.09083,0.07333,0.07035,0.0933,0.08083,0.09106,0.07018,0.06655,0.06071,0.06507,0.08491,0.05931,0.07925,0.05545,0.07299,0.07734,0.08791,0.06942,0.09444,0.09825,0.07872
G025,0.11076,0.09419,0.09512,0.09504,0.10631,0.07991,0.06987,0.08362,0.08049,0.06659,0.07615,0.10058,0.07894,0.05285,0.08352,0.07687,0.05216,0.06627,0.08409,0.08742,0.09112,0.0854,0.08259,0.07506,0.0,0.08728,0.09297,0.09694,0.10459,0.07475,0.09202,0.07643,0.11083,0.09341,0.0954,0.10612,0.09736,0.08238,0.06633,0.11921,0.07708,0.08749,0.11675,0.0976,0.09451,0.08901,0.07526,0.06829,0.06749,0.08341,0.08581,0.07942,0.06366,0.08037,0.09465,0.11125,0.09505,0.0888,0.09786,0.12874,0.08933
G026,0.09043,0.08614,0.07516,0.09144,0.09389,0.07734,0.08065,0.07014,0.08056,0.06744,0.07581,0.09049,0.07754,0.07076,0.07171,0.07251,0.07939,0.06638,0.08554,0.07666,0.10474,0.07593,0.0815,0.04862,0.08728,0.0,0.05702,0.07641,0.06497,0.086,0.08392,0.0807,0.10226,0.09813,0.09608,0.11455,0.08259,0.08502,0.05971,0.0954,0.08706,0.0762,0.07543,0.10964,0.06539,0.09744,0.05608,0.06676,0.07289,0.0721,0.07031,0.0531,0.07773,0.06816,0.09993,0.06938,0.08248,0.06867,0.07409,0.09013,0.06535
G027,0.09035,0.07418,0.05234,0.07861,0.08011,0.07403,0.07759,0.07365,0.07025,0.07746,0.06312,0.10085,0.08872,0.0861,0.05751,0.08521,0.09499,0.07133,0.09903,0.0861,0.08671,0.074,0.06885,0.06994,0.09297,0.05702,0.0,0.08184,0.07899,0.06019,0.06715,0.06813,0.07266,0.06837,0.06666,0.07713,0.09006,0.08096,0.06455,0.11528,0.09639,0.08903,0.08556,0.12153,0.06901,0.08027,0.08027,0.09202,0.08248,0.07804,0.07385,0.0637,0.0695,0.08132,0.07031,0.1066,0.07489,0.05951,0.08579,0.09324,0.08147
G028,0.07711,0.10631,0.0944,0.09951,0.12392,0.068,0.09517,0.06465,0.08615,0.04741,0.08263,0.10234,0.0955,0.07439,0.08297,0.075,0.07824,0.07666,0.08845,0.07957,0.10002,0.07183,0.10085,0.08873,0.09694,0.07641,0.08184,0.0,0.0924,0.10252,0.08443,0.11056,0.13174,0.11405,0.08987,0.13035,0.07874,0.07891,0.06836,0.07771,0.07352,0.07119,0.07871,0.07267,0.08426,0.08411,0.07987,0.07553,0.06879,0.09314,0.10702,0.08993,0.06874,0.08328,0.09947,0.09391,0.10948,0.07483,0.09303,0.1116,0.098
G029,0.08788,0.07543,0.09164,0.09722,0.11564,0.08238,0.08912,0.07812,0.09897,0.08992,0.08721,0.10521,0.06955,0.08751,0.08458,0.07531,0.10674,0.07347,0.0868,0.06527,0.09453,0.0668,0.08677,0.07757,0.10459,0.06497,0.07899,0.0924,0.0,0.07254,0.09393,0.10961,0.11572,0.10162,0.09579,0.11676,0.10467,0.07831,0.05045,0.07972,0.08947,0.08362,0.08642,0.09652,0.07547,0.10339,0.07226,0.10474,0.09126,0.08675,0.09077,0.07396,0.09592,0.09259,0.12475,0.09842,0.07399,0.09174,0.0729,0.07956,0.10331
G030,0.08121,0.08933,0.06582,0.0699,0.07953,0.06349,0.06094,0.06746,0.07605,0.07846,0.07048,0.08919,0.06831,0.07337,0.05925,0.08315,0.08478,0.06349,0.07904,0.07119,0.09256,0.07759,0.07423,0.07223,0.07475,0.086,0.06019,0.10252,0.07254,0.0,0.04449,0.07077,0.05338,0.05811,0.05709,0.06282,0.08508,0.06411,0.06897,0.11059,0.0876,0.08666,0.10311,0.10015,0.07795,0.08497,0.08174,0.09696,0.08287,0.08099,0.09118,0.07258,0.06367,0.08215,0.08542,0.09514,0.07369,0.07776,0.07451,0.08536,0.09133
G031,0.07855,0.07986,0.05502,0.07824,0.0931,0.07759,0.06782,0.06421,0.07665,0.07933,0.07793,0.09179,0.08321,0.08593,0.04709,0.08241,0.07869,0.06599,0.09894,0.10002,0.07066,0.07905,0.0842,0.08556,0.09202,0.08392,0.06715,0.08443,0.09393,0.04449,0.0,0.05413,0.0375,0.03978,0.03953,0.04933,0.08062,0.07762,0.06839,0.10787,0.07882,0.07915,0.09418,0.095,0.07578,0.08702,0.07105,0.09028,0.0701,0.07721,0.06631,0.05065,0.0535,0.08375,0.09946,0.07848,0.05526,0.06831,0.07655,0.06844,0.07904
G032,0.11986,0.11855,0.07614,0.096,0.08246,0.07256,0.06817,0.08281,0.09931,0.10681,0.08869,0.13347,0.09368,0.10246,0.07768,0.08686,0.09951,0.08923,0.10868,0.12406,0.09657,0.1189,0.0998,0.09975,0.07643,0.0807,0.06813,0.11056,0.10961,0.07077,0.05413,0.0,0.06139,0.03792,0.05251,0.05258,0.08599,0.11617,0.08631,0.15415,0.11502,0.1199,0.12601,0.12656,0.11313,0.11343,0.09399,0.11221,0.09918,0.08623,0.08781,0.06038,0.06146,0.10241,0.11155,0.11096,0.08633,0.09229,0.10153,0.11674,0.08045
G033,0.11364,0.0962,0.07275,0.10041,0.1012,0.07833,0.08432,0.09061,0.10492,0.11113,0.09208,0.10736,0.09158,0.10621,0.06894,0.09615,0.09969,0.08374,0.10924,0.11154,0.09302,0.11404,0.10607,0.10926,0.11083,0.10226,0.07266,0.13174,0.11572,0.05338,0.0375,0.06139,0.0,0.04082,0.05096,0.03702,0.10357,0.10525,0.08152,0.14156,0.10695,0.09538,0.11044,0.12909,0.09424,0.10887,0.09455,0.12395,0.10309,0.11758,0.10466,0.06913,0.06455,0.09692,0.08643,0.1173,0.06423,0.08362,0.08726,0.09038,0.10104
G034,0.11707,0.10156,0.06843,0.08388,0.08727,0.07149,0.07624,0.08665,0.11278,0.09932,0.08691,0.13136,0.08762,0.10203,0.06963,0.092,0.10851,0.08681,0.10601,0.11293,0.09462,0.10403,0.08467,0.10065,0.09341,0.09813,0.06837,0.11405,0.10162,0.05811,0.03978,0.03792,0.04082,0.0,0.03634,0.04647,0.0957,0.10717,0.08659,0.14264,0.11468,0.10827,0.11407,0.11814,0.09623,0.11648,0.09581,0.12581,0.1027,0.10358,0.09103,0.05796,0.06345,0.10977,0.08652,0.11736,0.07973,0.09259,0.10622,0.10163,0.09422
G035,0.08253,0.07859,0.06832,0.06932,0.09328,0.07433,0.06857,0.06973,0.09118,0.0894,0.07456,0.09715,0.09445,0.0927,0.06114,0.08487,0.08352,0.0856,0.10796,0.09119,0.08328,0.07191,0.09696,0.07823,0.0954,0.09608,0.06666,0.08987,0.09579,0.05709,0.03953,0.05251,0.05096,0.03634,0.0,0.04884,0.09639,0.08764,0.08797,0.10768,0.10017,0.08659,0.08878,0.09906,0.08492,0.08697,0.08273,0.09904,0.07632,0.09246,0.09718,0.05382,0.06084,0.08388,0.07621,0.08807,0.07142,0.07783,0.07736,0.09135,0.08791
G036,0.12148,0.10747,0.0906,0.10304,0.10388,0.08377,0.0915,0.10132,0.09758,0.11605,0.12394,0.12051,0.10086,0.11363,0.06951,0.10818,0.09665,0.09819,0.13178,0.12491,0.10418,0.12874,0.10404,0.11748,0.10612,0.11455,0.07713,0.13035,0.11676,0.06282,0.04933,0.05258,0.03702,0.04647,0.04884,0.0,0.12027,0.11113,0.10284,0.14726,0.13023,0.11362,0.11928,0.13336,0.1095,0.10937,0.10101,0.14049,0.12022,0.11422,0.0969,0.08955,0.09216,0.12122,0.09799,0.13354,0.0851,0.11539,0.09824,0.11049,0.10054
G037,0.08197,0.11512,0.09374,0.09505,0.12224,0.0722,0.08625,0.06209,0.08689,0.06509,0.05558,0.10035,0.11899,0.06408,0.09055,0.08211,0.09704,0.06837,0.09509,0.07929,0.09351,0.10935,0.08288,0.07479,0.09736,0.08259,0.09006,0.07874,0.10467,0.08508,0.08062,0.08599,0.10357,0.0957,0.09639,0.12027,0.0,0.06619,0.07192,0.10548,0.09654,0.09312,0.09718,0.07131,0.07845,0.07981,0.07829,0.06691,0.07856,0.1,0.09075,0.08712,0.06792,0.05044,0.08871,0.09096,0.0936,0.06476,0.09332,0.09559,0.08941
G038,0.07204,0.0886,0.08957,0.09459,0.12609,0.06455,0.07747,0.06276,0.05867,0.06496,0.06805,0.07789,0.06654,0.04805,0.06181,0.08703,0.06671,0.05485,0.07023,0.05264,0.07364,0.06137,0.06981,0.06505,0.08238,0.08502,0.08096,0.07891,0.07831,0.06411,0.07762,0.11617,0.10525,0.10717,0.08764,0.11113,0.06619,0.0,0.04959,0.06275,0.07782,0.07826,0.08687,0.06722,0.05981,0.05813,0.06234,0.07686,0.05901,0.09991,0.08938,0.08236,0.07242,0.05702,0.07591,0.10147,0.07409,0.05797,0.06977,0.08815,0.09208
G039,0.07322,0.06993,0.07472,0.08764,0.09386,0.05813,0.06575,0.06095,0.07808,0.06356,0.06023,0.07506,0.04913,0.04709,0.05688,0.05819,0.06607,0.04841,0.06588,0.06155,0.06736,0.05623,0.07358,0.06064,0.06633,0.05971,0.06455,0.06836,0.05045,0.06897,0.06839,0.08631,0.08152,0.08659,0.08797,0.10284,0.07192,0.04959,0.0,0.08182,0.06174,0.056,0.07817,0.07721,0.0595,0.07034,0.05004,0.07132,0.04377,0.07709,0.07755,0.05185,0.05157,0.06258,0.08621,0.08925,0.0582,0.06219,0.07064,0.07117,0.0933
G040,0.07213,0.11552,0.12063,0.11597,0.1483,0.09064,0.10849,0.08739,0.07188,0.06917,0.09494,0.08774,0.10007,0.07713,0.07502,0.09287,0.08206,0.1007,0.0796,0.06728,0.09053,0.07212,0.11044,0.08102,0.11921,0.0954,0.11528,0.07771,0.07972,0.11059,0.10787,0.15415,0.14156,0.14264,0.10768,0.14726,0.10548,0.06275,0.08182,0.0,0.07518,0.05699,0.06996,0.06391,0.07605,0.08837,0.07343,0.07752,0.08846,0.12427,0.11925,0.10428,0.09603,0.07761,0.11209,0.0981,0.10124,0.08479,0.08883,0.08417,0.11631
G041,0.06279,0.08834,0.09407,0.12329,0.1546,0.08373,0.07798,0.06073,0.07121,0.06646,0.06799,0.09182,0.0843,0.082,0.06651,0.09242,0.06828,0.07609,0.08886,0.06777,0.05948,0.06871,0.10837,0.09083,0.07708,0.08706,0.09639,0.07352,0.08947,0.0876,0.07882,0.11502,0.10695,0.11468,0.10017,0.13023,0.09654,0.07782,0.06174,0.07518,0.0,0.05648,0.0885,0.07484,0.0634,0.07079,0.048,0.06101,0.06241,0.09036,0.0867,0.08324,0.06753,0.07473,0.10641,0.09002,0.06262,0.05991,0.07588,0.10556,0.10984
G042,0.07561,0.07898,0.08466,0.09531,0.12536,0.0808,0.0871,0.07244,0.07265,0.05311,0.08527,0.06397,0.08468,0.04668,0.06264,0.06534,0.06256,0.07846,0.09281,0.06177,0.08532,0.072,0.09075,0.07333,0.08749,0.0762,0.08903,0.07119,0.08362,0.08666,0.07915,0.1199,0.09538,0.10827,0.08659,0.11362,0.09312,0.07826,0.056,0.05699,0.05648,0.0,0.05684,0.07242,0.05829,0.0793,0.05547,0.06464,0.06265,0.09197,0.10185,0.07814,0.06832,0.05605,0.08769,0.071,0.0814,0.07403,0.06839,0.07715,0.09804
G043,0.06217,0.09354,0.10099,0.09273,0.11824,0.09398,0.07571,0.0735,0.08609,0.078,0.08815,0.08738,0.11392,0.08054,0.07843,0.07981,0.10465,0.08784,0.11032,0.06695,0.10788,0.07365,0.09942,0.07035,0.11675,0.07543,0.08556,0.07871,0.08642,0.10311,0.09418,0.12601,0.11044,0.11407,0.08878,0.11928,0.09718,0.08687,0.07817,0.06996,0.0885,0.05684,0.0,0.07885,0.08482,0.08656,0.08013,0.08482,0.07972,0.0899,0.1055,0.07706,0.09159,0.06937,0.08409,0.08296,0.09284,0.0733,0.06804,0.08654,0.07591
G044,0.06945,0.11312,0.10933,0.11404,0.15434,0.07554,0.09311,0.07423,0.09256,0.08373,0.0863,0.10364,0.10765,0.06571,0.0848,0.08004,0.09012,0.07157,0.09479,0.06608,0.08507,0.08687,0.10059,0.0933,0.0976,0.10964,0.12153,0.07267,0.09652,0.10015,0.095,0.12656,0.12909,0.11814,0.09906,0.13336,0.07131,0.06722,0.07721,0.06391,0.07484,0.07242,0.07885,0.0,0.0733,0.07135,0.07711,0.08042,0.06938,0.10314,0.11972,0.09328,0.08138,0.05656,0.10031,0.0972,0.09637,0.07745,0.08655,0.09832,0.0979
G045,0.08997,0.06999,0.07231,0.09832,0.12492,0.07608,0.08757,0.07086,0.07367,0.08413,0.065,0.06509,0.06714,0.06728,0.06808,0.07741,0.07949,0.05817,0.08982,0.06392,0.08154,0.07087,0.08546,0.08083,0.09451,0.06539,0.06901,0.08426,0.07547,0.07795,0.07578,0.11313,0.09424,0.09623,0.08492,0.1095,0.07845,0.05981,0.0595,0.07605,0.0634,0.05829,0.08482,0.0733,0.0,0.0487,0.05753,0.05836,0.06708,0.09727,0.07473,0.0609,0.06736,0.05016,0.09967,0.08134,0.06815,0.05363,0.07292,0.08485,0.10289
G046,0.08257,0.08047,0.1034,0.09531,0.13208,0.08918,0.08568,0.04913,0.0746,0.08586,0.05779,0.06267,0.08156,0.05983,0.07558,0.08771,0.07773,0.06931,0.10441,0.06823,0.09157,0.08148,0.10215,0.09106,0.08901,0.09744,0.08027,0.08411,0.10339,0.08497,0.08702,0.11343,0.10887,0.11648,0.08697,0.10937,0.07981,0.05813,0.07034,0.08837,0.07079,0.0793,0.08656,0.07135,0.0487,0.0,0.07618,0.07861,0.06801,0.08529,0.08736,0.07862,0.08779,0.05756,0.08505,0.09479,0.09798,0.06204,0.05985,0.09242,0.11045
G047,0.05401,0.07899,0.08258,0.10585,0.12519,0.07434,0.09074,0.07214,0.06874,0.05449,0.07274,0.09119,0.06299,0.06807,0.04253,0.08177,0.05646,0.06693,0.10224,0.07281,0.06821,0.07089,0.10342,0.07018,0.07526,0.05608,0.08027,0.07987,0.07226,0.08174,0.07105,0.09399,0.09455,0.09581,0.08273,0.10101,0.07829,0.06234,0.05004,0.07343,0.048,0.05547,0.08013,0.07711,0.05753,0.07618,0.0,0.05803,0.05737,0.08687,0.07736,0.06355,0.08753,0.05287,0.0916,0.08346,0.06106,0.06683,0.07298,0.07197,0.09625
G048,0.07172,0.08729,0.08725,0.0879,0.12709,0.09244,0.07817,0.07027,0.06518,0.0547,0.05997,0.09072,0.10173,0.07562,0.08234,0.08354,0.06694,0.07723,0.09413,0.07504,0.0744,0.0791,0.10577,0.06655,0.06829,0.06676,0.09202,0.07553,0.10474,0.09696,0.09028,0.11221,0.12395,0.12581,0.09904,0.14049,0.06691,0.07686,0.07132,0.07752,0.06101,0.06464,0.08482,0.08042,0.05836,0.07861,0.05803,0.0,0.04306,0.10843,0.09739,0.0834,0.06635,0.05734,0.10767,0.08244,0.08231,0.06825,0.0873,0.0934,0.08787
G049,0.07682,0.0831,0.08239,0.0892,0.12311,0.06932,0.06142,0.0643,0.06147,0.0665,0.05795,0.08332,0.08562,0.0506,0.05888,0.06378,0.04766,0.05827,0.07992,0.07415,0.06585,0.05878,0.10371,0.06071,0.06749,0.07289,0.08248,0.06879,0.09126,0.08287,0.0701,0.09918,0.10309,0.1027,0.07632,0.12022,0.07856,0.05901,0.04377,0.08846,0.06241,0.06265,0.07972,0.06938,0.06708,0.06801,0.05737,0.04306,0.0,0.09805,0.09479,0.06155,0.05484,0.0605,0.08566,0.07316,0.07206,0.04432,0.07979,0.09342,0.09402
G050,0.09754,0.09776,0.09243,0.11214,0.12285,0.09354,0.078,0.06364,0.10636,0.10046,0.09541,0.10823,0.08674,0.07876,0.08026,0.07609,0.10675,0.08224,0.09838,0.09225,0.11348,0.09106,0.06939,0.06507,0.08341,0.0721,0.07804,0.09314,0.08675,0.08099,0.07721,0.08623,0.11758,0.10358,0.09246,0.11422,0.1,0.09991,0.07709,0.12427,0.09036,0.09197,0.0899,0.10314,0.09727,0.08529,0.08687,0.10843,0.09805,0.0,0.06131,0.08077,0.09505,0.08428,0.10006,0.08889,0.1021,0.09561,0.08654,0.1234,0.10146
G051,0.10521,0.09667,0.09947,0.11225,0.1113,0.10086,0.08684,0.07581,0.08732,0.09139,0.07435,0.09164,0.09352,0.08899,0.07433,0.08379,0.08801,0.06592,0.10746,0.10575,0.09602,0.10781,0.06578,0.08491,0.08581,0.07031,0.07385,0.10702,0.09077,0.09118,0.06631,0.08781,0.10466,0.09103,0.09718,0.0969,0.09075,0.08938,0.07755,0.11925,0.0867,0.10185,0.1055,0.11972,0.07473,0.08736,0.07736,0.09739,0.09479,0.06131,0.0,0.06546,0.09732,0.08223,0.11516,0.08571,0.0854,0.09255,0.07982,0.08809,0.10912
G052,0.08129,0.06794,0.06813,0.06631,0.0664,0.07056,0.06588,0.05931,0.09638,0.08441,0.05322,0.10046,0.06899,0.06953,0.06804,0.06093,0.07026,0.05272,0.0964,0.09163,0.07696,0.06553,0.08874,0.05931,0.07942,0.0531,0.0637,0.08993,0.07396,0.07258,0.05065,0.06038,0.06913,0.05796,0.05382,0.08955,0.08712,0.08236,0.05185,0.10428,0.08324,0.07814,0.07706,0.09328,0.0609,0.07862,0.06355,0.0834,0.06155,0.08077,0.06546,0.0,0.06334,0.05992,0.10278,0.05699,0.04808,0.0633,0.06922,0.0623,0.0677
G053,0.09329,0.08221,0.05224,0.07649,0.08895,0.06194,0.05415,0.07108,0.07216,0.0612,0.05453,0.08651,0.08359,0.06247,0.07712,0.06811,0.06146,0.06506,0.06251,0.06709,0.06818,0.06322,0.0807,0.07925,0.06366,0.07773,0.0695,0.06874,0.09592,0.06367,0.0535,0.06146,0.06455,0.06345,0.06084,0.09216,0.06792,0.07242,0.05157,0.09603,0.06753,0.06832,0.09159,0.08138,0.06736,0.08779,0.08753,0.06635,0.05484,0.09505,0.09732,0.06334,0.0,0.0783,0.08496,0.0809,0.06233,0.04434,0.08635,0.10514,0.07192
G054,0.07051,0.0893,0.08288,0.08274,0.11086,0.0652,0.08186,0.05344,0.07751,0.06488,0.05514,0.07675,0.09152,0.0397,0.06727,0.07271,0.07452,0.05896,0.08303,0.0579,0.08757,0.07676,0.08007,0.05545,0.08037,0.06816,0.08132,0.08328,0.09259,0.08215,0.08375,0.10241,0.09692,0.10977,0.08388,0.12122,0.05044,0.05702,0.06258,0.07761,0.07473,0.05605,0.06937,0.05656,0.05016,0.05756,0.05287,0.05734,0.0605,0.08428,0.08223,0.05992,0.0783,0.0,0.0685,0.0732,0.08274,0.04731,0.07806,0.09515,0.08291
G055,0.10666,0.10281,0.09479,0.10602,0.12352,0.06437,0.08684,0.08441,0.09024,0.07412,0.07718,0.11498,0.10268,0.0528,0.07558,0.09705,0.08931,0.08592,0.09576,0.07121,0.10998,0.08935,0.08355,0.07299,0.09465,0.09993,0.07031,0.09947,0.12475,0.08542,0.09946,0.11155,0.08643,0.08652,0.07621,0.09799,0.08871,0.07591,0.08621,0.11209,0.10641,0.08769,0.08409,0.10031,0.09967,0.08505,0.0916,0.10767,0.08566,0.10006,0.11516,0.10278,0.08496,0.0685,0.0,0.12518,0.11543,0.0764,0.10497,0.12881,0.11124
G056,0.0808,0.07736,0.07821,0.07984,0.10033,0.08389,0.0716,0.07735,0.08209,0.08795,0.07591,0.08576,0.10564,0.08015,0.08394,0.07815,0.07864,0.07723,0.09378,0.09433,0.1059,0.08787,0.11587,0.07734,0.11125,0.06938,0.1066,0.09391,0.09842,0.09514,0.07848,0.11096,0.1173,0.11736,0.08807,0.13354,0.09096,0.10147,0.08925,0.0981,0.09002,0.071,0.08296,0.0972,0.08134,0.09479,0.08346,0.08244,0.07316,0.08889,0.08571,0.05699,0.0809,0.0732,0.12518,0.0,0.08577,0.07525,0.06622,0.07356,0.08532
G057,0.07194,0.05261,0.06545,0.10832,0.11886,0.09173,0.08017,0.08426,0.08211,0.0932,0.07517,0.10688,0.0905,0.09581,0.07113,0.09238,0.07946,0.08033,0.10833,0.09402,0.03601,0.06384,0.10329,0.08791,0.09505,0.08248,0.07489,0.10948,0.07399,0.07369,0.05526,0.08633,0.06423,0.07973,0.07142,0.0851,0.0936,0.07409,0.0582,0.10124,0.06262,0.0814,0.09284,0.09637,0.06815,0.09798,0.06106,0.08231,0.07206,0.1021,0.0854,0.04808,0.06233,0.08274,0.11543,0.08577,0.0,0.05888,0.07161,0.07348,0.09263
G058,0.07168,0.07914,0.05701,0.08834,0.11902,0.07256,0.07523,0.06533,0.0623,0.07045,0.05269,0.07124,0.09329,0.06308,0.06105,0.06639,0.07051,0.06669,0.06604,0.06384,0.06161,0.05463,0.08699,0.06942,0.0888,0.06867,0.05951,0.07483,0.09174,0.07776,0.06831,0.09229,0.08362,0.09259,0.07783,0.11539,0.06476,0.05797,0.06219,0.08479,0.05991,0.07403,0.0733,0.07745,0.05363,0.06204,0.06683,0.06825,0.04432,0.09561,0.09255,0.0633,0.04434,0.04731,0.0764,0.07525,0.05888,0.0,0.07254,0.09688,0.07864
G059,0.06777,0.07432,0.10541,0.10054,0.11531,0.09115,0.08912,0.07173,0.07805,0.09225,0.07745,0.07342,0.07594,0.08269,0.08036,0.07234,0.08968,0.05804,0.10146,0.06683,0.08397,0.08271,0.10623,0.09444,0.09786,0.07409,0.08579,0.09303,0.0729,0.07451,0.07655,0.10153,0.08726,0.10622,0.07736,0.09824,0.09332,0.06977,0.07064,0.08883,0.07588,0.06839,0.06804,0.08655,0.07292,0.05985,0.07298,0.0873,0.07979,0.08654,0.07982,0.06922,0.08635,0.07806,0.10497,0.06622,0.07161,0.07254,0.0,0.05429,0.08265
G060,0.06547,0.08003,0.09519,0.09025,0.11251,0.11206,0.10865,0.09511,0.08464,0.09426,0.08763,0.09068,0.09062,0.1002,0.07268,0.0879,0.10039,0.08035,0.1259,0.11242,0.08443,0.09899,0.1195,0.09825,0.12874,0.09013,0.09324,0.1116,0.07956,0.08536,0.06844,0.11674,0.09038,0.10163,0.09135,0.11049,0.09559,0.08815,0.07117,0.08417,0.10556,0.07715,0.08654,0.09832,0.08485,0.09242,0.07197,0.0934,0.09342,0.1234,0.08809,0.0623,0.10514,0.09515,0.12881,0.07356,0.07348,0.09688,0.05429,0.0,0.10598
G061,0.08296,0.09859,0.06893,0.07562,0.09376,0.08809,0.08328,0.07548,0.09318,0.08709,0.09387,0.11494,0.13351,0.09107,0.08735,0.09273,0.09553,0.07142,0.10954,0.08846,0.10597,0.08709,0.08977,0.07872,0.08933,0.06535,0.08147,0.098,0.10331,0.09133,0.07904,0.08045,0.10104,0.09422,0.08791,0.10054,0.08941,0.09208,0.0933,0.11631,0.10984,0.09804,0.07591,0.0979,0.10289,0.11045,0.09625,0.08787,0.09402,0.10146,0.10912,0.0677,0.07192,0.08291,0.11124,0.08532,0.09263,0.07864,0.08265,0.10598,0.0
