segment_id,avg_sentence_length,sentence_length_var,sentence_length_cv,avg_word_length,share_words_1_3,share_words_4_6,share_words_7_9,share_words_10p,type_token_ratio,mattr_100,hapax_ratio,avg_paragraph_length,lexical_density,stopword_ratio,mean_dependency_depth,max_dependency_depth,fernandez_huerta,szigriszt_inflesz,first_person_per_1k,passive_per_1k,connectors_per_1k,modal_per_1k,hedging_per_1k,certainty_per_1k,numbers_per_1k,semantic_continuity,pos_NOUN,pos_VERB,pos_ADJ,pos_ADV,pos_PROPN,pos_ADP,pos_DET,pos_PRON,pos_AUX,pos_CCONJ,pos_SCONJ,pos_NUM,punct_comma_per_1k_chars,punct_semicolon_per_1k_chars,punct_colon_per_1k_chars,punct_paren_per_1k_chars,punct_emdash_per_1k_chars,punct_guillemet_per_1k_chars,punct_curly_quote_per_1k_chars,punct_percent_per_1k_chars,fw_de,fw_la,fw_que,fw_el,fw_en,fw_y,fw_a,fw_los,fw_se,fw_del,fw_las,fw_un,fw_por,fw_con,fw_no,fw_una,fw_su,fw_para,fw_es,fw_al,fw_lo,fw_como,fw_más,fw_o,fw_pero,fw_sus,fw_le,fw_ha,fw_me,fw_si,fw_sin,fw_sobre,fw_este,fw_ya,fw_entre,fw_cuando,fw_todo,fw_esta,fw_ser,fw_son,fw_dos,fw_también,fw_fue,fw_había,fw_era,fw_muy,fw_hasta,fw_desde,fw_está,fw_mi,fw_porque,fw_qué,fw_sólo,fw_solo,fw_han,fw_yo,fw_hay,fw_vez,fw_puede,fw_todos,pattern_no_x_sino_y_per_1k,pattern_no_solo_sino_per_1k,pattern_headline_colon_per_1k,pattern_em_dash_per_1k,pattern_triad_list_per_1k,pattern_stock_phrases_per_1k
G001,27.81,232.44,0.5482,5.345,0.4221,0.232,0.2098,0.1361,0.4281,0.7246,0.3176,41.79,0.4966,0.5151,5.857,12,69.92,40.66,17.123,9.418,2.568,5.137,1.712,5.137,5.137,0.7026,0.2094,0.1094,0.0846,0.0282,0.065,0.1752,0.1658,0.0692,0.0291,0.0393,0.0205,0.0034,8.36,0.133,1.327,0.133,0.0,0.133,0.0,0.0,0.05565,0.04452,0.04024,0.03425,0.02055,0.02997,0.01969,0.01712,0.01284,0.0137,0.00685,0.01027,0.00856,0.0137,0.01284,0.00771,0.00514,0.01027,0.00942,0.00599,0.00856,0.00086,0.00257,0.00086,0.00086,0.00514,0.00086,0.00086,0.00086,0.00086,0.00342,0.00942,0.00856,0.0,0.00086,0.00171,0.0,0.00171,0.00086,0.0,0.0,0.0,0.00257,0.0,0.0,0.0,0.00086,0.00514,0.0,0.00171,0.00428,0.00171,0.0,0.00257,0.0,0.0,0.00171,0.0,0.00086,0.00086,0.856,0.0,2.568,0.0,4.281,0.0
G002,31.773,247.267,0.4949,5.671,0.4206,0.1602,0.2375,0.1817,0.4878,0.6997,0.3777,47.87,0.5288,0.4221,6.182,13,60.8,26.75,0.0,4.292,1.431,4.292,2.861,0.0,22.89,0.7852,0.2637,0.0603,0.1234,0.0126,0.0687,0.1893,0.1487,0.0393,0.0168,0.0505,0.0098,0.0168,12.208,1.241,1.241,0.414,0.0,0.0,0.828,0.0,0.08584,0.04149,0.02146,0.02432,0.03004,0.04435,0.01001,0.01144,0.00286,0.02432,0.01288,0.01574,0.01001,0.01288,0.00715,0.00572,0.00715,0.00715,0.00858,0.00286,0.01001,0.00715,0.00143,0.00143,0.0,0.00286,0.0,0.0,0.0,0.0,0.00143,0.0,0.00715,0.0,0.0,0.00143,0.00286,0.00286,0.00143,0.0,0.0,0.0,0.00143,0.0,0.0,0.0,0.0,0.0,0.0,0.0,0.0,0.0,0.0,0.0,0.0,0.0,0.0,0.00143,0.00143,0.0,0.0,0.0,0.0,0.0,8.584,0.0
G003,38.571,426.054,0.5351,6.3914,0.3679,0.1444,0.216,0.2716,0.4481,0.7274,0.3012,58.5,0.5707,0.394,5.952,9,43.68,1.59,0.0,6.173,9.877,3.704,1.235,1.235,13.58,0.7965,0.2669,0.0517,0.171,0.0234,0.0578,0.1734,0.1476,0.0295,0.0123,0.0492,0.0049,0.0111,12.076,0.49,1.305,0.816,0.0,0.0,0.326,0.0,0.07778,0.04198,0.00617,0.0321,0.01481,0.0358,0.01235,0.01358,0.00864,0.01235,0.01111,0.00864,0.01481,0.00741,0.01358,0.00617,0.00741,0.00741,0.00123,0.00494,0.00123,0.00247,0.0,0.0,0.0,0.00247,0.0,0.0,0.0,0.0,0.0037,0.00494,0.00247,0.0,0.00247,0.00123,0.00247,0.00247,0.00123,0.0,0.00123,0.0,0.00617,0.0,0.0,0.0,0.0,0.00123,0.0,0.0,0.0,0.0,0.0,0.0,0.0,0.0,0.0,0.00123,0.0,0.00123,0.0,0.0,1.235,0.0,8.642,0.0
G004,26.679,177.647,0.4996,5.8648,0.4123,0.1325,0.2691,0.1861,0.4578,0.6994,0.3213,39.53,0.5446,0.4207,5.857,15,58.68,30.29,0.0,6.693,1.339,1.339,2.677,0.0,14.726,0.7545,0.3036,0.0985,0.1079,0.0146,0.02,0.1798,0.1478,0.0346,0.008,0.0599,0.0093,0.016,7.269,0.765,0.765,0.191,0.0,0.0,0.0,0.0,0.08568,0.0589,0.02142,0.02544,0.02811,0.04016,0.01606,0.02276,0.00803,0.00669,0.00937,0.00535,0.01339,0.00535,0.00669,0.00669,0.00134,0.01071,0.00134,0.00268,0.00134,0.00402,0.0,0.01473,0.0,0.00268,0.0,0.0,0.0,0.0,0.00402,0.00402,0.00268,0.0,0.00134,0.00268,0.0,0.0,0.0,0.0,0.0,0.0,0.0,0.0,0.0,0.0,0.0,0.0,0.0,0.0,0.0,0.00535,0.0,0.0,0.00268,0.0,0.0,0.0,0.0,0.00268,0.0,0.0,0.0,0.0,4.016,0.0
G005,31.909,236.81,0.4823,5.8732,0.3974,0.161,0.2464,0.1952,0.4858,0.6808,0.3618,35.8,0.5424,0.4172,6.455,10,57.23,22.9,0.0,2.849,1.425,2.849,2.849,0.0,22.792,0.7178,0.2962,0.0932,0.1168,0.0111,0.025,0.1739,0.1391,0.032,0.007,0.0737,0.0056,0.0236,11.082,1.007,0.604,0.201,0.0,0.0,0.0,0.604,0.09259,0.06125,0.01425,0.02279,0.01282,0.05556,0.02137,0.02564,0.00427,0.00712,0.01709,0.00427,0.00855,0.00285,0.00427,0.00285,0.00142,0.01852,0.00142,0.00285,0.00142,0.00285,0.0,0.01567,0.0,0.00142,0.0,0.0,0.0,0.0,0.00142,0.00142,0.0,0.0,0.00285,0.0,0.0,0.0,0.0,0.0,0.0,0.0,0.0,0.00285,0.0,0.0,0.0,0.00142,0.0,0.0,0.00142,0.0,0.0,0.00142,0.0,0.0,0.0,0.0,0.0,0.0,0.0,0.0,1.425,0.0,8.547,0.0
G006,32.818,415.603,0.6212,5.5859,0.428,0.1731,0.2382,0.1607,0.482,0.6776,0.3684,69.0,0.4817,0.4523,5.864,14,63.79,28.71,0.0,13.85,1.385,1.385,1.385,0.0,55.402,0.7553,0.2421,0.0772,0.0864,0.0236,0.0524,0.2081,0.1335,0.034,0.0262,0.038,0.0183,0.055,9.23,0.0,1.404,0.201,0.0,0.0,0.201,0.602,0.0928,0.0374,0.01801,0.03878,0.01939,0.03047,0.01939,0.02909,0.01247,0.01524,0.01524,0.00554,0.01247,0.0097,0.00693,0.00554,0.0,0.01385,0.00416,0.00416,0.00139,0.00416,0.00554,0.00139,0.00139,0.0,0.00139,0.00277,0.0,0.0,0.01524,0.00277,0.00139,0.0,0.00831,0.0,0.0,0.00277,0.0,0.0,0.00139,0.0,0.00277,0.00277,0.0,0.0,0.00139,0.00139,0.0,0.0,0.0,0.00139,0.0,0.00139,0.0,0.0,0.0,0.0,0.0,0.0,0.0,0.0,2.77,0.0,4.155,0.0
G007,51.429,1139.245,0.6563,5.3514,0.4639,0.1431,0.2431,0.15,0.4569,0.659,0.3403,74.3,0.4987,0.4712,7.857,12,70.19,15.58,0.0,18.056,4.167,1.389,6.944,0.0,41.667,0.8108,0.2265,0.0791,0.0938,0.0241,0.0751,0.1944,0.1408,0.0496,0.0147,0.0469,0.0121,0.0429,5.486,0.422,0.633,0.844,0.0,0.0,0.0,0.0,0.10278,0.05694,0.025,0.04583,0.02083,0.04167,0.01111,0.01389,0.01806,0.0125,0.01111,0.00694,0.01389,0.0125,0.00833,0.00278,0.00278,0.01111,0.00139,0.00278,0.00694,0.00417,0.00139,0.00556,0.0,0.0,0.00278,0.00417,0.0,0.0,0.00556,0.0,0.0,0.0,0.00139,0.00139,0.0,0.00139,0.0,0.0,0.00417,0.0,0.00278,0.0,0.0,0.0,0.00278,0.00139,0.0,0.0,0.0,0.0,0.0,0.00139,0.00278,0.0,0.0,0.0,0.0,0.0,0.0,0.0,2.778,0.0,4.167,0.0
G008,30.913,239.819,0.501,5.5049,0.4248,0.1941,0.2293,0.1519,0.4951,0.6982,0.3797,73.8,0.5384,0.4211,5.87,15,67.84,35.02,0.0,11.252,5.626,1.406,9.845,0.0,33.755,0.768,0.245,0.0834,0.0956,0.0256,0.0888,0.1736,0.1319,0.0485,0.0108,0.0444,0.0108,0.0377,9.917,0.826,0.826,0.826,0.0,0.0,0.0,0.413,0.07032,0.04923,0.0225,0.03094,0.02672,0.03938,0.01547,0.0225,0.01828,0.02672,0.00844,0.01125,0.00422,0.01688,0.00703,0.00703,0.00281,0.00281,0.00703,0.00141,0.00281,0.0,0.00422,0.00141,0.0,0.00281,0.00141,0.00141,0.0,0.00141,0.00422,0.00141,0.00141,0.0,0.00281,0.00141,0.0,0.0,0.0,0.0,0.0,0.0,0.00141,0.0,0.0,0.0,0.00141,0.0,0.0,0.0,0.0,0.00141,0.00141,0.00281,0.0,0.0,0.0,0.0,0.0,0.0,0.0,0.0,2.813,0.0,7.032,0.0
G009,29.417,125.16,0.3803,4.9858,0.4448,0.2408,0.2153,0.0992,0.4419,0.687,0.3017,64.77,0.5217,0.4719,5.583,11,78.44,47.7,0.0,7.082,5.666,5.666,5.666,0.0,36.827,0.7896,0.231,0.087,0.0978,0.0408,0.0652,0.1739,0.1508,0.0408,0.0217,0.0326,0.019,0.0285,9.674,0.45,1.35,1.125,0.0,0.0,0.0,1.35,0.08357,0.05524,0.03399,0.04108,0.02691,0.02266,0.01416,0.01133,0.00992,0.01133,0.0085,0.01275,0.017,0.00708,0.017,0.01133,0.00283,0.00142,0.0085,0.00567,0.00142,0.00567,0.00283,0.0,0.00567,0.00283,0.0,0.0,0.0,0.0,0.00708,0.00142,0.0,0.0,0.00283,0.0,0.0,0.00142,0.0,0.0,0.0,0.0,0.00425,0.0,0.0,0.0,0.0,0.0,0.00283,0.0,0.0,0.0,0.0,0.00567,0.00142,0.0,0.0,0.0,0.00283,0.00283,2.833,1.416,2.833,0.0,2.833,0.0
G010,37.737,293.983,0.4544,5.2259,0.4547,0.1813,0.2315,0.1325,0.4505,0.6771,0.3375,66.5,0.4793,0.4811,7.263,15,74.35,34.33,0.0,9.763,2.789,9.763,1.395,4.184,33.473,0.7666,0.243,0.0801,0.0721,0.0254,0.0587,0.1923,0.1469,0.0547,0.032,0.0387,0.016,0.0401,8.569,0.214,1.071,0.857,0.0,0.0,0.0,0.0,0.08787,0.0516,0.02789,0.03347,0.03208,0.02929,0.0265,0.01674,0.01116,0.00697,0.00976,0.00837,0.01116,0.00558,0.01116,0.00697,0.00697,0.00697,0.00837,0.00139,0.00558,0.0,0.00139,0.00139,0.0,0.00418,0.00139,0.0,0.0,0.00418,0.01255,0.00418,0.0,0.00139,0.00418,0.0,0.00139,0.00139,0.0,0.00279,0.0,0.0,0.00139,0.0,0.0,0.0,0.0,0.0,0.0,0.0,0.0,0.00139,0.0,0.00139,0.0,0.0,0.00279,0.0,0.00558,0.00139,0.0,0.0,1.395,0.0,2.789,0.0
G011,35.75,155.988,0.3494,5.4881,0.4182,0.1986,0.2308,0.1524,0.4839,0.7095,0.365,48.12,0.4981,0.4155,6.7,14,68.8,30.71,0.0,4.196,4.196,8.392,4.196,1.399,60.14,0.753,0.2177,0.0512,0.1063,0.0243,0.0986,0.1844,0.128,0.0282,0.023,0.0538,0.0077,0.0627,11.605,2.557,1.574,1.574,0.197,0.0,0.0,2.754,0.08252,0.05315,0.01678,0.03217,0.02797,0.04476,0.00979,0.01678,0.0042,0.01399,0.01119,0.00699,0.01259,0.01259,0.00559,0.00699,0.0042,0.00559,0.00699,0.0028,0.0042,0.0,0.0028,0.0042,0.0014,0.0,0.0,0.0,0.0,0.0,0.00839,0.00559,0.0,0.0028,0.00559,0.0042,0.0,0.0,0.0014,0.0,0.0014,0.0,0.0014,0.0,0.0,0.0014,0.0028,0.0014,0.0014,0.0,0.0,0.0,0.0,0.0028,0.0,0.0,0.0,0.0,0.0014,0.0,0.0,0.0,2.797,1.399,9.79,0.0
G012,32.955,162.68,0.387,5.0841,0.4497,0.2207,0.2193,0.1103,0.4414,0.6971,0.3145,66.33,0.5026,0.4836,6.409,10,76.38,41.63,0.0,11.034,2.759,2.759,6.897,0.0,57.931,0.7047,0.2487,0.1029,0.069,0.0599,0.0221,0.1732,0.1458,0.043,0.0195,0.0391,0.0208,0.0469,10.874,0.426,2.559,0.213,0.426,0.0,0.0,1.706,0.06897,0.04276,0.03172,0.03172,0.03448,0.0331,0.01655,0.01379,0.01241,0.01103,0.0069,0.02759,0.02069,0.00828,0.01517,0.01793,0.00552,0.00276,0.00138,0.00414,0.0,0.00552,0.0069,0.00552,0.00138,0.00414,0.0,0.0,0.0,0.0,0.00138,0.00276,0.0,0.00414,0.0069,0.00276,0.00138,0.0,0.0,0.00276,0.00414,0.00138,0.00138,0.0,0.0,0.0,0.0,0.0,0.00138,0.0,0.00138,0.0,0.0,0.0,0.00138,0.0,0.00414,0.0,0.0,0.00138,0.0,0.0,8.276,2.759,5.517,0.0
G013,35.35,473.728,0.6157,5.5262,0.4116,0.1952,0.232,0.1612,0.495,0.7021,0.3847,66.67,0.5225,0.4204,5.9,13,66.47,28.73,0.0,5.658,4.243,1.414,8.487,0.0,60.82,0.7794,0.2798,0.0769,0.0862,0.0332,0.0464,0.2162,0.118,0.0305,0.008,0.0332,0.0066,0.0623,10.014,0.409,1.635,1.635,0.0,0.0,0.0,0.613,0.08204,0.02829,0.01414,0.02829,0.0297,0.02687,0.02546,0.02263,0.00707,0.02263,0.00707,0.01697,0.01556,0.01273,0.00283,0.01273,0.00141,0.02546,0.00283,0.00707,0.00283,0.00141,0.00707,0.00424,0.0,0.0,0.00141,0.0,0.0,0.0,0.00707,0.0,0.00141,0.0,0.00141,0.0,0.0,0.00141,0.0,0.0,0.00141,0.00283,0.00141,0.0,0.0,0.0,0.0,0.0,0.0,0.0,0.00141,0.0,0.0,0.0099,0.0,0.0,0.0,0.0,0.0,0.00141,0.0,0.0,5.658,0.0,4.243,0.0
G014,33.909,203.81,0.421,5.2842,0.4263,0.2185,0.2131,0.1421,0.4853,0.7091,0.3579,48.0,0.5211,0.4061,5.818,10,72.25,36.3,0.0,10.724,2.681,0.0,8.043,5.362,64.343,0.6502,0.2308,0.0695,0.0893,0.0422,0.0893,0.1824,0.1166,0.0447,0.0136,0.0397,0.0136,0.0596,11.56,1.371,2.155,1.567,1.567,0.0,0.196,1.567,0.08713,0.03619,0.01743,0.02681,0.03619,0.03217,0.02011,0.0134,0.02011,0.01072,0.01072,0.01206,0.00804,0.00402,0.00938,0.00804,0.00134,0.00804,0.0067,0.00268,0.00536,0.00268,0.00804,0.00268,0.0,0.0,0.0,0.0,0.0,0.0,0.00938,0.0,0.0,0.00134,0.00402,0.0,0.00134,0.0,0.0,0.00134,0.0,0.0,0.0,0.0,0.0,0.0,0.0,0.0,0.00134,0.0,0.0,0.00134,0.0,0.00134,0.0,0.0,0.00134,0.0,0.0,0.0,1.34,0.0,5.362,10.724,9.383,0.0
G015,29.417,177.326,0.4527,5.2918,0.4278,0.2323,0.2224,0.1176,0.4759,0.7046,0.3456,55.93,0.5128,0.4393,6.125,10,71.05,40.02,0.0,8.499,1.416,5.666,2.833,0.0,41.076,0.7224,0.2362,0.0805,0.0913,0.0322,0.0725,0.1812,0.153,0.0403,0.0228,0.0295,0.0067,0.0443,6.191,0.0,2.348,2.135,0.0,0.0,0.0,1.708,0.08215,0.04674,0.02408,0.04108,0.02833,0.02408,0.01133,0.01983,0.01558,0.01558,0.01416,0.01275,0.01983,0.00567,0.01133,0.0085,0.00142,0.01133,0.00708,0.00283,0.0,0.00142,0.00283,0.0,0.00142,0.00283,0.00142,0.00142,0.0,0.0,0.00283,0.00283,0.00425,0.0,0.00142,0.0,0.00142,0.00142,0.0,0.0,0.00142,0.00142,0.00425,0.0,0.00142,0.0,0.00142,0.00142,0.0,0.0,0.0,0.0,0.0,0.00283,0.0,0.0,0.00142,0.0,0.0,0.00142,0.0,0.0,8.499,0.0,0.0,0.0
G016,28.72,181.882,0.4696,5.3552,0.4345,0.2033,0.2047,0.1574,0.4819,0.6903,0.376,58.64,0.4954,0.4382,5.72,11,69.83,39.55,1.393,13.928,8.357,0.0,8.357,0.0,38.997,0.6889,0.2437,0.0711,0.0949,0.0277,0.058,0.191,0.1331,0.0369,0.0171,0.0487,0.0198,0.0408,8.496,1.036,0.829,1.658,0.0,0.0,0.0,2.694,0.08914,0.02925,0.01811,0.03203,0.02368,0.04875,0.01671,0.02646,0.0195,0.01114,0.01114,0.01253,0.00975,0.01811,0.00557,0.00836,0.00418,0.01811,0.00557,0.00139,0.0,0.00418,0.00418,0.00139,0.0,0.0,0.0,0.0,0.0,0.00139,0.00418,0.0,0.00418,0.00418,0.00557,0.00418,0.00139,0.00139,0.0,0.00139,0.0,0.0,0.0,0.00139,0.00139,0.00139,0.0,0.00139,0.00139,0.0,0.0,0.0,0.0,0.00279,0.0,0.0,0.0,0.0,0.0,0.0,0.0,0.0,2.786,0.0,4.178,0.0
G017,33.952,202.426,0.419,5.3843,0.4376,0.1851,0.2539,0.1234,0.4572,0.6797,0.3296,76.4,0.5123,0.4108,5.762,9,70.71,34.65,1.403,8.415,1.403,2.805,7.013,5.61,60.309,0.7715,0.2607,0.0778,0.0869,0.0246,0.0623,0.1933,0.131,0.0285,0.022,0.0272,0.0182,0.0636,11.268,0.0,1.639,1.024,2.049,0.0,0.0,0.82,0.08555,0.05049,0.02945,0.03506,0.03647,0.02525,0.02384,0.00982,0.00701,0.01262,0.00281,0.01403,0.01543,0.00421,0.00982,0.00982,0.00421,0.00561,0.00982,0.00281,0.0014,0.00421,0.00281,0.00281,0.0,0.0,0.0,0.0,0.0,0.0,0.01403,0.0,0.0014,0.00281,0.00281,0.0,0.0,0.0,0.0,0.0,0.0,0.0014,0.00421,0.0014,0.0,0.0,0.0,0.00281,0.0,0.0,0.0,0.0,0.0,0.00421,0.0,0.0,0.0,0.0,0.0,0.0,1.403,0.0,2.805,14.025,4.208,0.0
G018,36.8,338.06,0.4996,5.5149,0.428,0.159,0.2636,0.1495,0.4348,0.6578,0.3098,64.21,0.5246,0.4355,7.45,12,67.03,27.74,0.0,12.228,0.0,5.435,4.076,1.359,39.402,0.7371,0.2409,0.0687,0.1114,0.0311,0.0725,0.1969,0.1334,0.0324,0.0181,0.0389,0.0104,0.0427,8.809,0.0,1.401,0.801,0.0,0.0,0.0,0.4,0.08832,0.04484,0.01766,0.03397,0.01902,0.03668,0.0231,0.02174,0.01359,0.0163,0.00543,0.01087,0.01087,0.00815,0.00543,0.0163,0.00136,0.01359,0.00815,0.00408,0.0,0.00408,0.01223,0.00136,0.00136,0.0,0.00136,0.0,0.0,0.0,0.00543,0.00136,0.00136,0.00136,0.00136,0.00136,0.0,0.0,0.00136,0.00136,0.0,0.0,0.0,0.0,0.0,0.0,0.00272,0.0,0.0,0.0,0.0,0.0,0.0,0.0,0.0,0.0,0.0,0.0,0.00136,0.0,0.0,0.0,4.076,0.0,6.793,0.0
G019,33.571,220.912,0.4427,5.583,0.4113,0.2014,0.2128,0.1745,0.4596,0.6792,0.3305,71.08,0.5195,0.3943,6.571,10,65.08,29.22,0.0,4.255,0.0,0.0,2.837,1.418,60.993,0.6641,0.2409,0.0586,0.1081,0.0195,0.0924,0.1927,0.1159,0.0247,0.0156,0.0391,0.0117,0.0664,9.333,0.0,1.589,2.979,0.596,0.0,0.0,1.986,0.08511,0.0227,0.00709,0.04823,0.02411,0.03546,0.0156,0.0227,0.01135,0.01702,0.00851,0.00709,0.01702,0.01418,0.00709,0.00567,0.0,0.00993,0.00567,0.00142,0.0,0.00567,0.00426,0.00284,0.00142,0.0,0.0,0.00142,0.0,0.00142,0.01135,0.00284,0.0,0.00142,0.00426,0.00142,0.0,0.0,0.0,0.00284,0.00284,0.0,0.00284,0.0,0.0,0.00142,0.0,0.0,0.0,0.0,0.00142,0.0,0.0,0.00284,0.0,0.0,0.00142,0.0,0.0,0.00142,0.0,0.0,1.418,4.255,4.255,0.0
G020,31.217,147.127,0.3886,5.4276,0.422,0.1797,0.2577,0.1407,0.4944,0.7061,0.376,61.54,0.513,0.4282,5.913,10,68.28,35.14,0.0,6.964,2.786,2.786,5.571,4.178,57.103,0.6512,0.2526,0.0881,0.0855,0.0298,0.057,0.171,0.1321,0.0453,0.0168,0.0479,0.0091,0.0609,7.576,1.229,1.843,1.024,0.0,0.0,0.0,0.819,0.06267,0.03203,0.01811,0.0376,0.02786,0.04178,0.02925,0.01811,0.01532,0.01532,0.01114,0.00975,0.00836,0.00557,0.00279,0.00557,0.00696,0.00696,0.00557,0.00696,0.00836,0.00418,0.00836,0.00557,0.00139,0.00418,0.00557,0.0,0.0,0.00139,0.00696,0.00418,0.00139,0.00139,0.00557,0.00139,0.0,0.0,0.0,0.00139,0.0,0.0,0.00139,0.0,0.0,0.0,0.0,0.0,0.00279,0.0,0.0,0.00139,0.0,0.00557,0.0,0.0,0.00139,0.0,0.0,0.0,0.0,0.0,5.571,0.0,2.786,0.0
G021,38.316,753.795,0.7166,5.1442,0.4808,0.1731,0.2266,0.1195,0.3777,0.65,0.2486,76.45,0.4632,0.4603,5.684,10,75.85,35.28,0.0,12.363,5.495,4.121,2.747,2.747,86.538,0.6733,0.2122,0.0699,0.0649,0.0362,0.0799,0.2122,0.1311,0.0487,0.0262,0.0237,0.0087,0.0849,8.441,0.206,0.824,1.029,0.0,0.0,0.824,0.206,0.08791,0.04258,0.02747,0.03846,0.0261,0.02473,0.01236,0.01374,0.01374,0.03434,0.00687,0.00824,0.0261,0.0206,0.01374,0.00962,0.00549,0.00824,0.01236,0.00687,0.00962,0.00137,0.0,0.0,0.0,0.0,0.0,0.00137,0.0,0.00137,0.00275,0.00412,0.00137,0.00549,0.0,0.0,0.0,0.00275,0.00137,0.0,0.0,0.00275,0.00275,0.0,0.00137,0.0,0.0,0.00275,0.00412,0.0,0.0,0.00137,0.0,0.00137,0.0,0.0,0.0,0.0,0.00137,0.00275,0.0,0.0,5.495,0.0,4.121,0.0
G022,36.0,264.0,0.4513,5.5389,0.4292,0.1875,0.2097,0.1736,0.4611,0.6746,0.3347,76.27,0.5019,0.4253,5.9,9,65.51,27.03,0.0,6.944,0.0,2.778,5.556,0.0,75.0,0.7151,0.2209,0.0639,0.1124,0.0166,0.0881,0.1852,0.1354,0.0307,0.0217,0.0383,0.0115,0.0677,8.478,1.38,0.789,1.38,0.394,0.0,0.0,1.183,0.08194,0.02917,0.01806,0.05139,0.04028,0.03472,0.01806,0.01806,0.00556,0.01389,0.00833,0.01389,0.0125,0.00833,0.01111,0.00833,0.00278,0.00417,0.00417,0.00833,0.00556,0.00278,0.0,0.00556,0.0,0.00278,0.0,0.0,0.0,0.0,0.00139,0.00556,0.00139,0.00139,0.00139,0.00139,0.00278,0.0,0.00139,0.00694,0.0,0.0,0.00139,0.0,0.0,0.0,0.0,0.00139,0.00139,0.0,0.0,0.0,0.0,0.00417,0.0,0.0,0.0,0.0,0.00139,0.0,1.389,1.389,1.389,2.778,2.778,0.0
G023,30.375,253.484,0.5242,5.3471,0.4102,0.2332,0.2181,0.1385,0.4993,0.7046,0.3663,90.67,0.5366,0.4114,5.792,11,68.75,36.56,0.0,4.115,4.115,1.372,2.743,0.0,60.357,0.7718,0.2773,0.0822,0.0834,0.0347,0.0591,0.1874,0.1207,0.0205,0.0077,0.0616,0.018,0.0411,12.977,0.599,1.198,2.196,0.0,0.0,0.0,1.397,0.08642,0.03704,0.00823,0.03841,0.03018,0.05624,0.02195,0.01372,0.01235,0.01372,0.0096,0.00274,0.00823,0.00823,0.00686,0.00274,0.00274,0.00686,0.00412,0.00274,0.0,0.00412,0.01235,0.0,0.0,0.00137,0.0,0.0,0.0,0.00137,0.00137,0.00412,0.0,0.00137,0.00549,0.00274,0.00137,0.00137,0.0,0.0,0.0,0.00274,0.0,0.0,0.0,0.0,0.0,0.0,0.0,0.0,0.00137,0.0,0.0,0.00137,0.00137,0.0,0.0,0.00274,0.0,0.0,1.372,0.0,2.743,0.0,6.859,0.0
G024,29.417,162.16,0.4329,5.3924,0.4334,0.1742,0.2422,0.1501,0.4858,0.6852,0.3527,86.0,0.5332,0.4059,6.042,12,69.94,38.88,0.0,4.249,8.499,0.0,0.0,0.0,53.824,0.7663,0.2753,0.0851,0.0851,0.0239,0.0638,0.1809,0.121,0.0293,0.0133,0.0519,0.0146,0.0479,11.813,1.451,1.036,2.073,0.0,0.0,0.0,2.073,0.08782,0.03824,0.02125,0.03258,0.04249,0.04249,0.017,0.01416,0.01558,0.00708,0.01558,0.00567,0.00708,0.00425,0.0085,0.00708,0.00283,0.00567,0.00567,0.00283,0.00142,0.00283,0.00283,0.00425,0.0,0.00142,0.0,0.00283,0.0,0.0,0.00567,0.00283,0.0,0.0,0.0,0.00283,0.0,0.0,0.0,0.00425,0.0,0.00142,0.0,0.0,0.0,0.0,0.0,0.00142,0.0,0.0,0.0,0.0,0.0,0.00425,0.00142,0.0,0.0,0.0,0.0,0.0,1.416,1.416,2.833,0.0,2.833,0.0
G025,25.667,401.111,0.7803,5.544,0.4343,0.1789,0.2525,0.1342,0.4921,0.6722,0.381,85.3,0.5172,0.3967,4.815,9,65.03,38.05,0.0,10.101,4.329,0.0,5.772,0.0,86.58,0.5841,0.2427,0.0712,0.0858,0.0211,0.0963,0.2005,0.1214,0.0317,0.0092,0.0317,0.0106,0.0778,10.423,1.022,1.431,1.226,0.0,0.409,0.0,0.613,0.11544,0.05772,0.01732,0.03319,0.02886,0.0303,0.01876,0.01299,0.01154,0.0101,0.0,0.00722,0.01299,0.00866,0.00144,0.00722,0.00289,0.00433,0.00722,0.00577,0.00433,0.00289,0.00577,0.00144,0.0,0.0,0.0,0.0,0.0,0.00144,0.00577,0.0,0.0,0.00144,0.00144,0.0,0.00144,0.00289,0.0,0.00144,0.00144,0.0,0.0,0.00144,0.0,0.0,0.0,0.00144,0.0,0.0,0.0,0.0,0.0,0.00289,0.0,0.0,0.00144,0.0,0.0,0.00144,0.0,0.0,1.443,0.0,2.886,0.0
G026,37.0,586.0,0.6543,5.6358,0.4225,0.1935,0.2006,0.1835,0.4936,0.6934,0.3798,49.62,0.527,0.431,6.316,9,64.45,24.85,0.0,8.535,0.0,4.267,2.845,1.422,38.407,0.7501,0.2466,0.0903,0.1213,0.0296,0.0391,0.1644,0.1509,0.0283,0.0162,0.0526,0.0108,0.0418,7.949,1.223,1.427,0.204,0.408,0.0,0.0,1.631,0.06686,0.04552,0.01707,0.03414,0.01707,0.05121,0.01991,0.01707,0.00853,0.01422,0.01707,0.01138,0.00711,0.01138,0.00711,0.01707,0.00853,0.00853,0.00284,0.00569,0.0,0.00142,0.00284,0.00142,0.0,0.00284,0.0,0.00142,0.0,0.0,0.01422,0.00142,0.0,0.0,0.0,0.0,0.00142,0.00142,0.0,0.00284,0.0,0.00142,0.0,0.0,0.0,0.0,0.0,0.00142,0.0,0.0,0.0,0.0,0.0,0.00569,0.00142,0.0,0.00142,0.0,0.00142,0.0,0.0,0.0,4.267,2.845,8.535,0.0
G027,35.524,173.488,0.3708,5.7158,0.4035,0.1702,0.2574,0.1689,0.4893,0.7203,0.3606,86.0,0.5206,0.4297,6.762,11,63.3,25.25,2.681,4.021,4.021,5.362,1.34,2.681,40.214,0.7713,0.2404,0.0771,0.0913,0.0231,0.0887,0.1979,0.1504,0.0244,0.0116,0.0398,0.009,0.045,9.766,1.34,0.766,0.383,0.0,0.0,0.0,0.0,0.08713,0.04692,0.01743,0.02949,0.02011,0.03753,0.01743,0.01475,0.0067,0.02413,0.02279,0.01072,0.0134,0.00402,0.00536,0.00536,0.00402,0.00804,0.00134,0.0067,0.0,0.00134,0.00134,0.0,0.0,0.00402,0.0,0.0,0.0,0.0,0.00268,0.00536,0.0,0.0,0.00134,0.00134,0.0,0.00402,0.0,0.0,0.0,0.0,0.0,0.0,0.0,0.0,0.00268,0.00134,0.00134,0.0,0.0,0.0,0.0,0.00268,0.0,0.0,0.0,0.00134,0.00268,0.00134,0.0,0.0,1.34,0.0,9.383,0.0
G028,32.773,299.994,0.5285,4.9334,0.4591,0.2191,0.2413,0.0804,0.4202,0.6744,0.2885,63.23,0.493,0.4394,6.636,14,80.23,45.83,0.0,2.774,2.774,6.935,8.322,0.0,61.026,0.7434,0.244,0.094,0.0712,0.0356,0.0483,0.1881,0.1436,0.0343,0.0191,0.0292,0.0152,0.0699,10.266,0.0,1.529,0.874,0.0,0.0,0.0,1.747,0.08183,0.0319,0.03051,0.04438,0.0208,0.03051,0.02635,0.02219,0.00832,0.01387,0.00555,0.0208,0.00693,0.00971,0.01942,0.00416,0.00277,0.0111,0.00416,0.00693,0.00139,0.0,0.00139,0.00139,0.0,0.00277,0.0,0.00139,0.0,0.00832,0.01387,0.00277,0.00139,0.00139,0.00693,0.00139,0.00139,0.00139,0.0,0.00139,0.0,0.0,0.0,0.00139,0.0,0.0,0.00277,0.0,0.0,0.0,0.0,0.00277,0.0,0.00277,0.0,0.0,0.0,0.0,0.00416,0.0,0.0,0.0,4.161,0.0,1.387,0.0
G029,34.45,103.547,0.2954,5.6255,0.4194,0.1509,0.2627,0.1669,0.463,0.7066,0.328,59.08,0.5389,0.4457,6.8,11,64.55,27.71,0.0,7.257,1.451,8.708,7.257,0.0,17.417,0.7884,0.2744,0.0919,0.1047,0.0269,0.041,0.1895,0.133,0.0354,0.0269,0.041,0.0113,0.0198,8.296,0.0,0.851,0.638,0.0,0.0,0.0,0.425,0.07402,0.03048,0.02177,0.03193,0.02612,0.03628,0.01597,0.02032,0.00581,0.02758,0.01451,0.00435,0.00581,0.01306,0.00581,0.01451,0.00145,0.01742,0.0029,0.00726,0.0029,0.0029,0.0029,0.0029,0.00145,0.00581,0.00435,0.0,0.0,0.00145,0.00581,0.00145,0.00145,0.0029,0.0,0.00145,0.0029,0.00435,0.00145,0.00435,0.0,0.0,0.00145,0.0,0.0,0.0,0.0,0.0,0.00145,0.0,0.00145,0.0,0.0,0.00435,0.00435,0.0,0.0,0.00145,0.0,0.0,0.0,0.0,1.451,0.0,7.257,0.0
G030,38.25,305.488,0.4569,5.8105,0.4013,0.183,0.2235,0.1922,0.4641,0.714,0.3359,60.92,0.5101,0.4513,6.45,11,61.04,19.96,1.307,15.686,0.0,1.307,1.307,0.0,37.908,0.8017,0.2481,0.073,0.1108,0.0227,0.0554,0.1914,0.1612,0.0416,0.0126,0.0277,0.0164,0.0378,10.002,0.0,0.556,0.185,0.0,0.0,0.0,0.0,0.09542,0.04575,0.02353,0.04444,0.01961,0.02353,0.01176,0.01961,0.01569,0.01699,0.01176,0.00392,0.01176,0.00523,0.00131,0.01046,0.00392,0.01307,0.00131,0.00523,0.00261,0.00131,0.00654,0.00392,0.0,0.00392,0.0,0.0,0.0,0.0,0.00131,0.00261,0.0,0.0,0.00392,0.00131,0.0,0.00131,0.00131,0.0,0.0,0.0,0.00523,0.0,0.0,0.0,0.0,0.0,0.0,0.0,0.00261,0.0,0.0,0.00131,0.0,0.0,0.0,0.0,0.0,0.00131,0.0,0.0,0.0,0.0,7.843,0.0
G031,31.435,125.376,0.3562,5.7054,0.4163,0.1687,0.2296,0.1853,0.4813,0.7011,0.3638,53.0,0.5307,0.4345,6.522,10,60.44,26.76,0.0,13.831,6.916,0.0,2.766,0.0,29.046,0.7951,0.2413,0.08,0.108,0.0373,0.064,0.1867,0.16,0.0373,0.0107,0.028,0.0147,0.032,7.564,0.398,0.0,0.398,0.0,0.0,0.0,0.0,0.0899,0.05809,0.02628,0.04841,0.0166,0.02766,0.01245,0.01245,0.01245,0.01521,0.01107,0.01107,0.01383,0.01107,0.0083,0.00968,0.00277,0.0166,0.00138,0.00415,0.00138,0.0,0.00138,0.0,0.0,0.00138,0.0,0.0,0.0,0.00138,0.0,0.00277,0.00277,0.0,0.00277,0.0,0.0,0.0,0.00138,0.0,0.0,0.00277,0.00277,0.0,0.0,0.0,0.0,0.0,0.0,0.0,0.0,0.0,0.0,0.0,0.0,0.0,0.0,0.0,0.0,0.0,0.0,0.0,0.0,0.0,2.766,0.0
G032,30.375,116.568,0.3554,5.6722,0.4239,0.1687,0.2236,0.1838,0.4746,0.6968,0.369,46.56,0.5134,0.4644,6.708,13,60.19,27.67,0.0,15.089,1.372,0.0,4.115,0.0,31.55,0.8409,0.2279,0.0818,0.0965,0.0188,0.0885,0.2078,0.1622,0.0282,0.0107,0.0308,0.0188,0.0268,5.425,0.0,0.0,0.402,0.0,0.0,0.0,0.0,0.10425,0.08093,0.01783,0.02743,0.01235,0.02743,0.01372,0.01646,0.01646,0.01646,0.01372,0.00686,0.00686,0.0192,0.00274,0.00686,0.00137,0.01097,0.0,0.01235,0.0,0.00137,0.0,0.0,0.0,0.0,0.0,0.0,0.0,0.00137,0.00412,0.00137,0.0,0.0,0.00274,0.0,0.0,0.00137,0.0,0.0,0.00137,0.00137,0.00137,0.00137,0.00137,0.0,0.0,0.00137,0.0,0.0,0.0,0.0,0.0,0.00274,0.0,0.0,0.0,0.0,0.0,0.0,1.372,1.372,0.0,0.0,0.0,0.0
G033,29.458,101.915,0.3427,5.8982,0.4031,0.1697,0.2475,0.1796,0.4526,0.7118,0.3267,42.29,0.5267,0.423,6.458,13,59.02,27.49,0.0,16.973,0.0,2.829,4.243,0.0,26.874,0.7622,0.251,0.0837,0.096,0.0233,0.0727,0.1907,0.1619,0.0302,0.0165,0.0192,0.0206,0.0329,5.768,0.0,0.398,1.591,0.0,0.0,0.0,0.199,0.08487,0.05375,0.02546,0.0297,0.01273,0.0198,0.01839,0.01839,0.01273,0.02405,0.02405,0.00849,0.0198,0.0099,0.00141,0.00849,0.00707,0.01132,0.0,0.00141,0.00141,0.00283,0.00283,0.0,0.0,0.0,0.0,0.0,0.0,0.0,0.0,0.00424,0.00141,0.0,0.00283,0.0,0.0,0.0,0.00141,0.0,0.00141,0.00283,0.00424,0.00141,0.0,0.00141,0.0,0.0,0.0,0.0,0.0,0.0,0.0,0.0,0.0,0.0,0.0,0.0,0.0,0.0,0.0,0.0,2.829,0.0,0.0,0.0
G034,33.81,136.535,0.3456,5.9366,0.4014,0.1535,0.2239,0.2211,0.4746,0.7277,0.3521,41.88,0.5588,0.4264,7.619,19,55.43,18.94,0.0,7.042,2.817,0.0,2.817,1.408,7.042,0.8414,0.2717,0.0728,0.1218,0.0154,0.077,0.2087,0.1569,0.028,0.0042,0.0266,0.0112,0.0056,4.793,0.599,0.599,1.598,0.0,0.0,0.0,0.0,0.09014,0.06338,0.01549,0.0338,0.02254,0.02535,0.01549,0.01972,0.01127,0.01549,0.01831,0.00423,0.01268,0.01408,0.0,0.00563,0.00141,0.01549,0.0,0.00563,0.00141,0.00141,0.0,0.0,0.0,0.0,0.0,0.0,0.0,0.00141,0.00141,0.00423,0.00141,0.0,0.00423,0.0,0.00141,0.00141,0.0,0.0,0.0,0.00563,0.00282,0.0,0.0,0.0,0.00141,0.0,0.0,0.0,0.0,0.0,0.0,0.0,0.0,0.0,0.0,0.0,0.0,0.0,0.0,0.0,2.817,0.0,2.817,0.0
G035,31.261,73.149,0.2736,5.8206,0.4159,0.1641,0.2267,0.1933,0.4868,0.7215,0.3755,45.56,0.5233,0.4598,7.043,11,58.21,24.63,0.0,15.299,2.782,1.391,2.782,1.391,18.081,0.85,0.2466,0.0822,0.111,0.0192,0.0644,0.2027,0.1658,0.0342,0.0137,0.0233,0.0192,0.0178,5.406,0.0,0.2,0.2,0.0,0.0,0.0,0.0,0.08901,0.05563,0.02643,0.03894,0.02782,0.02086,0.01391,0.01669,0.01113,0.01391,0.01947,0.01113,0.01252,0.01391,0.00278,0.00556,0.00139,0.00695,0.0,0.00695,0.00417,0.00278,0.0,0.00139,0.0,0.00417,0.0,0.0,0.0,0.00139,0.00278,0.00278,0.00417,0.0,0.00417,0.00278,0.0,0.0,0.00139,0.0,0.0,0.00556,0.00139,0.00139,0.00139,0.0,0.00139,0.00139,0.0,0.0,0.0,0.0,0.0,0.0,0.0,0.0,0.0,0.0,0.0,0.0,0.0,0.0,1.391,0.0,1.391,0.0
G036,37.062,136.684,0.3154,5.8449,0.4148,0.1754,0.2091,0.2007,0.4671,0.711,0.3272,43.0,0.5297,0.4611,7.875,13,58.19,18.28,0.0,15.177,1.686,0.0,10.118,1.686,15.177,0.8544,0.2343,0.0825,0.1106,0.0215,0.0809,0.2013,0.1584,0.0264,0.0182,0.0182,0.0248,0.0231,4.823,0.0,0.0,0.0,0.0,0.0,0.0,0.0,0.08432,0.06914,0.02867,0.02867,0.01855,0.01518,0.0253,0.01349,0.0118,0.02192,0.01855,0.00337,0.02024,0.0118,0.00337,0.00337,0.00169,0.0118,0.0,0.00675,0.0,0.00337,0.00337,0.0,0.0,0.00337,0.0,0.0,0.0,0.0,0.0,0.0,0.00169,0.0,0.00337,0.0,0.0,0.00169,0.0,0.0,0.0,0.00337,0.00506,0.00337,0.00169,0.0,0.0,0.0,0.0,0.0,0.0,0.0,0.0,0.0,0.0,0.0,0.0,0.0,0.0,0.0,0.0,0.0,0.0,0.0,3.373,0.0
G037,21.143,109.037,0.4939,5.8595,0.4,0.1568,0.2486,0.1946,0.5284,0.7446,0.4189,58.0,0.5424,0.4367,4.886,9,57.77,35.92,2.703,12.162,2.703,4.054,0.0,2.703,25.676,0.7091,0.2613,0.0889,0.1034,0.0464,0.0424,0.1684,0.13,0.0557,0.0199,0.0438,0.0159,0.0239,6.306,0.573,0.573,0.0,0.0,0.0,0.0,0.191,0.07432,0.05811,0.02297,0.01892,0.01622,0.03649,0.01081,0.01351,0.02162,0.01081,0.01081,0.00676,0.00405,0.01081,0.01216,0.00676,0.0027,0.00811,0.00676,0.00541,0.0027,0.0,0.00946,0.00135,0.00135,0.0,0.0,0.00135,0.0,0.00135,0.01081,0.01216,0.0,0.00135,0.00541,0.0027,0.0,0.00135,0.0,0.00135,0.0,0.00135,0.00135,0.0,0.0,0.00135,0.0,0.0,0.00135,0.0,0.0,0.00135,0.0,0.0,0.0,0.0,0.0,0.0,0.00135,0.0,0.0,0.0,2.703,0.0,5.405,0.0
G038,22.219,180.608,0.6049,5.315,0.4276,0.1955,0.256,0.121,0.512,0.7198,0.4023,58.85,0.515,0.4495,4.969,9,69.51,46.79,0.0,7.032,4.219,7.032,0.0,2.813,75.949,0.6241,0.2229,0.0926,0.0887,0.0469,0.0639,0.1747,0.1291,0.0508,0.0196,0.0339,0.0117,0.0639,8.706,0.415,1.036,0.207,0.207,0.0,0.0,1.036,0.06892,0.04079,0.01969,0.04079,0.03235,0.03235,0.01406,0.01547,0.01547,0.01828,0.00563,0.01125,0.01828,0.00563,0.01406,0.00844,0.0,0.00844,0.00844,0.00422,0.00703,0.00422,0.01266,0.00141,0.0,0.00141,0.00281,0.0,0.0,0.0,0.00563,0.00422,0.0,0.0,0.00422,0.00141,0.0,0.00141,0.00141,0.00141,0.0,0.00281,0.00141,0.0,0.0,0.0,0.0,0.0,0.00141,0.0,0.00141,0.00141,0.0,0.00422,0.0,0.0,0.0,0.0,0.00281,0.0,0.0,0.0,1.406,1.406,4.219,1.406
G039,29.167,412.639,0.6965,5.55,0.4186,0.1857,0.2329,0.1629,0.5029,0.7287,0.3914,75.3,0.5339,0.4408,5.708,13,66.37,35.45,1.429,7.143,1.429,1.429,1.429,0.0,30.0,0.7006,0.2794,0.0719,0.0927,0.029,0.0609,0.1909,0.1355,0.0401,0.0166,0.0429,0.0069,0.0304,7.791,1.053,1.685,0.632,0.0,0.0,0.211,0.421,0.07429,0.03571,0.02143,0.03286,0.02857,0.03286,0.01857,0.01714,0.00857,0.02,0.01,0.01429,0.01,0.01143,0.01,0.00857,0.00286,0.01571,0.00714,0.00429,0.00286,0.00143,0.00429,0.00143,0.0,0.0,0.00286,0.0,0.0,0.0,0.00429,0.00571,0.0,0.00143,0.0,0.0,0.00143,0.00143,0.0,0.00143,0.00286,0.0,0.0,0.00143,0.0,0.0,0.0,0.0,0.00143,0.0,0.00143,0.0,0.0,0.00143,0.0,0.0,0.0,0.0,0.0,0.0,0.0,0.0,5.714,0.0,4.286,0.0
G040,22.935,116.899,0.4714,5.3741,0.4121,0.2082,0.263,0.1167,0.4993,0.7189,0.3741,56.0,0.5297,0.4382,5.355,11,69.73,46.16,2.813,7.032,2.813,5.626,7.032,2.813,52.039,0.6752,0.218,0.1096,0.0938,0.0489,0.0594,0.1506,0.1242,0.0515,0.0304,0.041,0.0145,0.0515,9.759,0.415,1.453,0.0,0.415,0.0,0.0,1.038,0.05204,0.0225,0.03516,0.04079,0.03235,0.03657,0.01969,0.0225,0.01266,0.01406,0.00985,0.00703,0.00985,0.00563,0.01828,0.00703,0.0,0.00703,0.00703,0.00141,0.00703,0.00281,0.00281,0.00141,0.00281,0.00422,0.0,0.0,0.0,0.00422,0.00844,0.00141,0.00422,0.00281,0.00281,0.0,0.0,0.0,0.0,0.00281,0.00141,0.00281,0.00281,0.0,0.0,0.0,0.0,0.00141,0.00422,0.0,0.00141,0.0,0.0,0.00563,0.00141,0.0,0.00141,0.0,0.00281,0.00141,0.0,0.0,7.032,2.813,8.439,0.0
G041,24.345,214.64,0.6018,5.0864,0.4547,0.2167,0.211,0.1176,0.4844,0.6939,0.3824,65.33,0.4893,0.4745,5.0,10,73.64,48.54,5.666,8.499,0.0,4.249,1.416,2.833,59.49,0.6964,0.2507,0.0933,0.0867,0.0333,0.0253,0.1867,0.1427,0.0627,0.0187,0.032,0.0053,0.0533,8.766,0.0,1.972,0.0,0.0,0.0,0.0,1.315,0.07932,0.02833,0.03116,0.04816,0.0255,0.03116,0.02125,0.01133,0.01275,0.02125,0.00425,0.00708,0.01275,0.01133,0.00992,0.017,0.00992,0.00283,0.00992,0.00708,0.00708,0.0,0.00142,0.00142,0.00142,0.0,0.00142,0.00142,0.0,0.00142,0.00283,0.00283,0.00425,0.00283,0.00283,0.0,0.0,0.00142,0.0,0.0,0.00425,0.0,0.00142,0.0,0.0,0.0,0.00142,0.0,0.0,0.0,0.0,0.0,0.0,0.00567,0.0,0.0,0.00142,0.0,0.00142,0.0,0.0,0.0,4.249,0.0,1.416,0.0
G042,33.619,340.045,0.5485,5.0581,0.4533,0.221,0.204,0.1218,0.5028,0.6795,0.3994,62.42,0.482,0.4745,6.143,14,76.41,40.94,12.748,9.915,2.833,4.249,5.666,0.0,63.739,0.7458,0.2157,0.0919,0.0799,0.0373,0.0573,0.1917,0.1425,0.0666,0.0226,0.0306,0.0133,0.0479,9.217,0.439,1.097,0.219,0.0,0.0,0.0,0.439,0.08215,0.02975,0.03683,0.03683,0.03399,0.02833,0.02975,0.01841,0.01841,0.01275,0.00992,0.01416,0.0085,0.0085,0.01416,0.01133,0.00992,0.00992,0.00425,0.0,0.00567,0.00283,0.00142,0.00142,0.00142,0.00283,0.0,0.0,0.0,0.0,0.00708,0.00142,0.00283,0.00283,0.00425,0.0,0.00142,0.00142,0.0,0.0,0.00142,0.00142,0.0,0.0,0.0,0.0,0.0,0.0,0.00283,0.0,0.0,0.0,0.0,0.00142,0.0,0.0,0.00425,0.00142,0.0,0.0,0.0,0.0,1.416,0.0,2.833,0.0
G043,32.409,424.151,0.6355,5.3633,0.4278,0.2048,0.2132,0.1543,0.4965,0.7144,0.3787,88.0,0.5075,0.4623,6.273,10,68.71,34.27,25.245,9.818,4.208,2.805,2.805,0.0,33.661,0.6828,0.2266,0.1085,0.0678,0.0393,0.0651,0.175,0.1452,0.0665,0.0231,0.0366,0.0136,0.0312,8.716,0.425,1.276,0.213,0.0,0.0,0.0,0.213,0.05891,0.04208,0.03226,0.03226,0.02384,0.03366,0.02945,0.01823,0.01683,0.00982,0.01262,0.01122,0.00842,0.01683,0.01403,0.00281,0.00701,0.01262,0.00281,0.0014,0.00701,0.00561,0.00281,0.0014,0.0014,0.00421,0.0,0.0014,0.0,0.0,0.0014,0.00421,0.00281,0.0,0.00281,0.0014,0.0014,0.0,0.0,0.00281,0.0,0.0,0.0,0.0,0.0,0.0,0.00561,0.0014,0.00281,0.0,0.0,0.0,0.0,0.00561,0.00701,0.0,0.00281,0.0,0.0014,0.0,0.0,0.0,5.61,0.0,4.208,0.0
G044,21.909,188.446,0.6266,5.2324,0.4343,0.1992,0.242,0.1245,0.5035,0.7056,0.3942,55.21,0.502,0.4688,5.152,13,72.06,49.81,0.0,15.214,0.0,2.766,2.766,0.0,45.643,0.6139,0.2265,0.1033,0.0861,0.0371,0.049,0.1748,0.1192,0.0755,0.0238,0.0424,0.0146,0.0464,7.609,0.423,0.845,0.211,0.0,0.0,0.0,0.211,0.06501,0.02766,0.03458,0.04149,0.02351,0.03596,0.02213,0.02213,0.02213,0.00968,0.00415,0.00553,0.00692,0.01245,0.01245,0.0083,0.00138,0.01107,0.01383,0.01245,0.01107,0.00277,0.00692,0.0,0.00138,0.00138,0.0,0.0,0.0,0.00138,0.00692,0.00138,0.00138,0.00138,0.00415,0.00138,0.00138,0.0,0.0,0.00138,0.00138,0.00138,0.00277,0.0,0.0,0.00138,0.00415,0.00138,0.00277,0.0,0.0,0.00553,0.0,0.0,0.0,0.0,0.0,0.0,0.0,0.0,0.0,0.0,2.766,0.0,4.149,0.0
G045,27.423,210.013,0.5285,5.6634,0.4081,0.1935,0.2244,0.1739,0.4881,0.7208,0.359,72.27,0.521,0.4407,6.0,11,63.51,34.45,0.0,11.22,4.208,2.805,4.208,0.0,72.931,0.667,0.2507,0.0669,0.1102,0.0367,0.0564,0.1864,0.1247,0.0315,0.0131,0.0591,0.0039,0.0604,10.859,0.0,1.185,0.79,0.0,0.0,0.0,0.197,0.07293,0.02945,0.01683,0.02805,0.03086,0.04628,0.01403,0.01543,0.00982,0.02244,0.00701,0.01262,0.01403,0.00842,0.00982,0.01683,0.00982,0.00842,0.00281,0.00701,0.00281,0.0014,0.00701,0.00281,0.00281,0.00281,0.0,0.0,0.0,0.0,0.00561,0.0014,0.00281,0.0,0.00421,0.0,0.0,0.00281,0.0,0.0014,0.0014,0.00421,0.0014,0.0,0.0,0.0,0.00281,0.0,0.00561,0.0,0.0,0.0,0.0,0.0,0.0,0.0,0.0,0.0,0.0014,0.0,0.0,0.0,5.61,0.0,8.415,0.0
G046,28.96,392.598,0.6842,4.9199,0.4655,0.2169,0.2224,0.0953,0.4765,0.6844,0.3743,78.64,0.4824,0.4569,5.52,13,80.17,50.01,1.381,8.287,4.144,4.144,5.525,1.381,80.11,0.6793,0.2406,0.0932,0.0592,0.0378,0.0516,0.1851,0.1373,0.0403,0.0239,0.0428,0.0139,0.0743,8.565,0.857,1.071,0.0,0.0,0.0,0.0,2.355,0.06906,0.04972,0.03177,0.0221,0.03591,0.04282,0.01657,0.01657,0.01243,0.02486,0.00691,0.01934,0.01796,0.01105,0.00829,0.01105,0.00138,0.00414,0.00829,0.00967,0.00414,0.0,0.00967,0.00276,0.0,0.00276,0.0,0.0,0.0,0.0,0.00276,0.0,0.00138,0.0,0.00829,0.00414,0.0,0.0,0.0,0.0,0.00414,0.0,0.00138,0.0,0.0,0.0,0.00276,0.0,0.00552,0.0,0.0,0.00138,0.0,0.00138,0.0,0.0,0.00138,0.0,0.00138,0.0,0.0,0.0,4.144,0.0,1.381,0.0
G047,23.226,194.497,0.6005,5.2625,0.4417,0.2014,0.2389,0.1181,0.4861,0.7133,0.3819,55.21,0.4987,0.4602,4.839,8,71.36,47.5,6.944,5.556,1.389,1.389,2.778,1.389,61.111,0.6477,0.235,0.0822,0.0888,0.0339,0.0587,0.1945,0.1358,0.047,0.0248,0.0313,0.0078,0.0587,9.822,0.836,1.254,0.418,0.0,0.0,0.0,1.463,0.08194,0.04306,0.03056,0.02917,0.02639,0.02639,0.02361,0.0125,0.00972,0.01667,0.00972,0.00972,0.01111,0.00833,0.00972,0.01944,0.00556,0.0125,0.01389,0.00556,0.00417,0.0,0.00417,0.00139,0.00139,0.00139,0.00139,0.0,0.0,0.0,0.00694,0.00417,0.00417,0.0,0.00139,0.0,0.00278,0.00278,0.0,0.00139,0.00139,0.00417,0.00139,0.0,0.00278,0.0,0.0,0.00417,0.0,0.0,0.0,0.0,0.0,0.00556,0.0,0.0,0.00139,0.0,0.00139,0.0,0.0,0.0,4.167,0.0,2.778,0.0
G048,29.5,166.75,0.4377,5.3432,0.4435,0.1751,0.2387,0.1427,0.476,0.69,0.3602,73.83,0.5047,0.4354,5.792,11,70.92,39.8,4.237,11.299,2.825,4.237,7.062,1.412,46.61,0.7053,0.2409,0.0861,0.0902,0.0269,0.0606,0.183,0.1373,0.0458,0.0202,0.0511,0.0094,0.0471,8.9,1.271,0.848,0.212,0.0,0.0,0.0,0.424,0.08475,0.0452,0.02825,0.03531,0.02119,0.04237,0.01695,0.01271,0.01695,0.00847,0.00282,0.00989,0.01554,0.01412,0.00989,0.00706,0.01271,0.00282,0.00989,0.00282,0.00424,0.0,0.00282,0.00565,0.00282,0.00141,0.0,0.0,0.0,0.00141,0.01695,0.00282,0.00282,0.0,0.0,0.00141,0.0,0.00141,0.0,0.00141,0.00141,0.00141,0.0,0.0,0.0,0.0,0.0,0.00141,0.00282,0.0,0.0,0.0,0.0,0.00141,0.0,0.0,0.0,0.0,0.00282,0.00141,0.0,0.0,1.412,0.0,5.65,0.0
G049,24.621,191.615,0.5622,5.0168,0.4692,0.1989,0.2241,0.1078,0.4986,0.6803,0.409,53.07,0.4869,0.4608,5.586,12,77.15,51.86,0.0,12.605,1.401,0.0,2.801,1.401,43.417,0.6294,0.2533,0.0879,0.0735,0.0262,0.0459,0.1982,0.1404,0.0486,0.0197,0.0354,0.0118,0.0499,6.322,1.09,1.308,0.654,0.0,0.0,0.0,2.398,0.09104,0.04062,0.03221,0.05042,0.02801,0.03221,0.0112,0.0084,0.01821,0.01261,0.007,0.01681,0.02101,0.01401,0.0098,0.0112,0.0042,0.0084,0.01401,0.0042,0.0028,0.0014,0.0014,0.0028,0.0,0.0,0.0014,0.0,0.0,0.0,0.01401,0.0028,0.0014,0.0,0.0014,0.0014,0.0014,0.0,0.0,0.0014,0.0,0.0,0.0,0.0014,0.0,0.0,0.0014,0.0014,0.0042,0.0,0.0,0.0,0.0,0.0014,0.0,0.0,0.0,0.0,0.0,0.0,0.0,0.0,5.602,0.0,1.401,0.0
G050,27.462,152.633,0.4499,5.1064,0.4566,0.1877,0.2423,0.1134,0.4286,0.6923,0.2885,54.12,0.5107,0.4555,5.346,11,72.37,43.6,4.202,12.605,1.401,5.602,9.804,0.0,54.622,0.6894,0.2567,0.0749,0.0989,0.0374,0.0428,0.2059,0.1471,0.0374,0.0214,0.0334,0.0067,0.0374,8.462,0.434,1.953,0.0,0.868,0.0,0.0,2.387,0.09244,0.04062,0.0112,0.04202,0.03361,0.03501,0.02241,0.01401,0.01681,0.01401,0.0112,0.01541,0.0014,0.01541,0.0056,0.0112,0.0028,0.01261,0.0056,0.0098,0.0014,0.0,0.0056,0.0,0.0,0.0042,0.0,0.0056,0.0,0.0014,0.0,0.0,0.0,0.0,0.0014,0.0042,0.0,0.0014,0.0,0.0,0.0014,0.0,0.0,0.0,0.0,0.0,0.0,0.0028,0.0,0.0,0.0,0.0,0.0,0.0028,0.0028,0.0,0.0014,0.0014,0.0,0.0,0.0,0.0,8.403,5.602,1.401,0.0
G051,23.267,108.862,0.4484,5.6461,0.4112,0.1504,0.2794,0.159,0.5057,0.7307,0.3754,43.06,0.575,0.407,4.967,9,59.16,34.78,2.865,4.298,4.298,4.298,2.865,0.0,20.057,0.731,0.2847,0.094,0.1206,0.0281,0.0477,0.1767,0.1374,0.0266,0.0126,0.0505,0.0056,0.014,10.449,0.0,0.627,0.418,0.0,0.0,0.0,0.0,0.08023,0.05587,0.01289,0.02722,0.02579,0.04585,0.01576,0.0043,0.00716,0.01289,0.01003,0.01003,0.01146,0.01433,0.00573,0.01576,0.00287,0.01003,0.00573,0.00287,0.0,0.0,0.00573,0.0,0.00287,0.00287,0.00143,0.00143,0.0,0.00143,0.0,0.0,0.0,0.0043,0.00287,0.0,0.0,0.00143,0.0,0.0,0.0,0.00287,0.0,0.0,0.0,0.0,0.00143,0.00143,0.0,0.0,0.00143,0.0,0.0,0.00143,0.00143,0.0,0.0,0.0,0.00143,0.0,0.0,0.0,2.865,0.0,14.327,0.0
G052,27.481,304.398,0.6349,5.5863,0.4178,0.1644,0.2534,0.1644,0.4892,0.6843,0.3787,45.94,0.5212,0.4196,5.407,14,63.8,34.69,14.825,2.695,1.348,6.739,1.348,2.695,40.431,0.7404,0.278,0.0798,0.0927,0.0206,0.0502,0.1905,0.148,0.0309,0.0167,0.0502,0.0051,0.0373,11.463,0.583,1.749,0.389,0.389,0.0,0.0,1.36,0.07547,0.05526,0.02022,0.02561,0.031,0.04852,0.01482,0.02022,0.00809,0.01617,0.01213,0.00809,0.00943,0.01617,0.00674,0.01752,0.00404,0.01617,0.0027,0.00404,0.0027,0.00135,0.0,0.00135,0.0,0.0,0.0,0.0,0.0,0.0,0.0027,0.00135,0.00135,0.0,0.00135,0.0,0.0,0.0,0.0027,0.00135,0.0,0.00135,0.0,0.00135,0.0,0.0,0.0027,0.0027,0.0,0.0,0.0,0.0,0.0,0.00135,0.0,0.0,0.0,0.0,0.0,0.0,1.348,0.0,4.043,2.695,8.086,0.0
G053,27.115,143.025,0.4411,5.4326,0.4284,0.1759,0.2525,0.1433,0.4936,0.7074,0.3773,65.42,0.504,0.4294,5.692,9,67.93,39.39,2.837,12.766,0.0,4.255,5.674,0.0,60.993,0.7384,0.2374,0.1021,0.0836,0.0199,0.061,0.191,0.1406,0.0371,0.0106,0.0398,0.0146,0.0623,7.92,0.208,0.834,0.417,0.0,0.0,0.208,0.834,0.08936,0.04681,0.0156,0.04539,0.02128,0.03546,0.01702,0.01418,0.0156,0.0156,0.00567,0.01277,0.01277,0.00993,0.00567,0.00567,0.00709,0.00993,0.00142,0.00567,0.00426,0.00567,0.0,0.00142,0.0,0.0,0.0,0.0,0.0,0.00284,0.00851,0.00567,0.0,0.00142,0.00284,0.0,0.0,0.0,0.0,0.0,0.00142,0.0,0.00284,0.00142,0.0,0.00142,0.0,0.0,0.00142,0.0,0.0,0.0,0.0,0.0,0.0,0.0,0.0,0.0,0.00142,0.0,0.0,0.0,1.418,0.0,2.837,0.0
G054,24.966,226.033,0.6022,5.4917,0.4171,0.192,0.232,0.1588,0.5193,0.7265,0.4006,66.92,0.532,0.4234,5.414,12,67.01,40.92,2.762,13.812,4.144,1.381,6.906,0.0,63.536,0.6416,0.2405,0.0797,0.0876,0.0392,0.085,0.1778,0.1111,0.0484,0.0183,0.0458,0.0065,0.0588,9.37,1.196,1.196,0.598,0.0,0.0,0.0,0.399,0.08702,0.03591,0.01796,0.01934,0.02486,0.03591,0.01657,0.01243,0.01796,0.01243,0.01243,0.00829,0.00691,0.01105,0.01381,0.01105,0.00414,0.00414,0.00829,0.00276,0.00414,0.00138,0.00967,0.00276,0.00138,0.00276,0.0,0.0,0.0,0.0,0.00691,0.00414,0.00138,0.0,0.00414,0.0,0.0,0.0,0.00138,0.00138,0.00138,0.00138,0.0,0.0,0.0,0.00138,0.00138,0.00276,0.00138,0.0,0.0,0.00414,0.0,0.00138,0.0,0.0,0.00138,0.0,0.0,0.0,1.381,0.0,2.762,0.0,6.906,0.0
G055,31.565,278.246,0.5285,4.9614,0.5014,0.1901,0.1942,0.1143,0.3733,0.5921,0.2617,89.78,0.4543,0.4677,5.435,10,81.21,48.18,0.0,11.019,4.132,4.132,1.377,1.377,75.758,0.747,0.2128,0.0738,0.0738,0.0263,0.0676,0.2203,0.1477,0.0451,0.0163,0.0213,0.0113,0.0763,11.956,0.213,0.427,0.213,0.0,0.0,0.0,1.708,0.10193,0.04408,0.01653,0.03444,0.04132,0.02204,0.03168,0.01515,0.01515,0.01102,0.03994,0.01102,0.01791,0.00689,0.00413,0.00138,0.00275,0.00413,0.00413,0.00413,0.00689,0.00275,0.01377,0.0,0.0,0.0,0.0,0.00138,0.0,0.0,0.00826,0.00413,0.00138,0.0,0.00551,0.00138,0.00138,0.0,0.0,0.0,0.0,0.0,0.00138,0.0,0.0,0.0,0.00138,0.00138,0.00138,0.0,0.0,0.00138,0.0,0.00138,0.0,0.0,0.00138,0.0,0.00275,0.0,0.0,0.0,1.377,0.0,5.51,0.0
G056,31.478,226.076,0.4777,5.8287,0.3909,0.1892,0.2238,0.1961,0.5387,0.7565,0.424,55.87,0.5676,0.3911,6.739,12,59.07,25.29,12.431,5.525,2.762,2.762,0.0,1.381,19.337,0.8005,0.2649,0.0959,0.1365,0.027,0.0432,0.1459,0.1405,0.0378,0.0216,0.0541,0.0108,0.0189,15.228,0.976,1.562,0.0,0.0,0.0,0.0,0.39,0.06354,0.04006,0.02486,0.03315,0.01796,0.04696,0.01381,0.00829,0.00691,0.00691,0.01105,0.01243,0.00414,0.01657,0.01381,0.01934,0.00414,0.01243,0.00552,0.00138,0.00276,0.00552,0.0,0.00414,0.00276,0.00138,0.0,0.00414,0.0,0.0,0.00691,0.0,0.00138,0.0,0.00552,0.00138,0.0,0.0,0.00138,0.0,0.0,0.0,0.00138,0.0,0.0,0.0,0.0,0.00138,0.0,0.0,0.0,0.0,0.0,0.0,0.0,0.0,0.00138,0.0,0.0,0.00138,0.0,0.0,2.762,0.0,19.337,0.0
G057,33.905,466.943,0.6373,5.4803,0.4508,0.1517,0.2388,0.1587,0.4579,0.6868,0.3567,69.27,0.4771,0.4446,5.952,10,66.64,30.48,14.045,19.663,2.809,8.427,1.404,1.404,68.82,0.7318,0.2163,0.076,0.0931,0.0262,0.0655,0.1913,0.1429,0.0459,0.0315,0.0354,0.0118,0.0629,10.803,1.223,0.0,0.0,0.0,0.0,0.611,0.204,0.07865,0.04635,0.02669,0.03652,0.02388,0.03511,0.01264,0.01124,0.01264,0.0323,0.01264,0.00843,0.01685,0.01545,0.00983,0.01124,0.00983,0.01264,0.00843,0.00843,0.00843,0.00421,0.0,0.0014,0.0014,0.0,0.0,0.0,0.0,0.0,0.0,0.00421,0.0014,0.0014,0.0,0.0,0.0,0.00281,0.00421,0.0014,0.0,0.00281,0.00421,0.0014,0.0,0.0,0.0,0.0014,0.0,0.0,0.0,0.0,0.0,0.0014,0.0,0.0,0.0,0.0014,0.0014,0.0,0.0,0.0,0.0,0.0,8.427,0.0
G058,29.167,251.556,0.5438,5.55,0.4186,0.18,0.2514,0.15,0.5243,0.7225,0.42,69.0,0.5186,0.4178,5.625,9,65.26,34.29,2.857,10.0,0.0,2.857,1.429,2.857,62.857,0.694,0.244,0.0782,0.1048,0.0318,0.0597,0.1883,0.1247,0.0345,0.0199,0.0398,0.0119,0.0597,8.802,1.024,1.024,0.0,0.409,0.0,0.205,0.819,0.08429,0.03429,0.01714,0.03286,0.02143,0.03857,0.01,0.01,0.01429,0.02,0.01143,0.01286,0.01857,0.01,0.01429,0.01286,0.00714,0.00571,0.00571,0.00714,0.00143,0.00571,0.00143,0.00143,0.0,0.0,0.0,0.0,0.0,0.00143,0.00429,0.00857,0.00143,0.0,0.00429,0.00143,0.0,0.0,0.0,0.00143,0.0,0.0,0.00286,0.0,0.0,0.00143,0.00143,0.00143,0.00286,0.0,0.0,0.00143,0.0,0.00286,0.0,0.0,0.00286,0.0,0.00143,0.0,0.0,0.0,2.857,2.857,7.143,0.0
G059,20.167,107.75,0.5147,5.4793,0.4215,0.1956,0.2438,0.1391,0.4931,0.7219,0.3678,51.47,0.5166,0.4418,5.139,11,66.16,45.85,24.793,4.132,4.132,4.132,1.377,1.377,33.058,0.6734,0.255,0.1169,0.0757,0.0359,0.0332,0.158,0.1514,0.0558,0.0279,0.0345,0.0212,0.0345,11.394,0.814,1.221,0.0,0.0,0.0,0.0,1.221,0.06474,0.04132,0.03306,0.02617,0.0124,0.0303,0.01791,0.02204,0.00826,0.01515,0.00964,0.01377,0.0124,0.01791,0.00413,0.01515,0.00413,0.00964,0.00551,0.00826,0.00413,0.00689,0.00413,0.00138,0.00138,0.00275,0.00138,0.00138,0.0,0.0,0.00138,0.0,0.00138,0.00138,0.00275,0.00413,0.0,0.0,0.00275,0.0,0.0,0.00138,0.0,0.0,0.0,0.0,0.0,0.0,0.00275,0.0,0.00138,0.0,0.0,0.00275,0.0,0.0,0.00413,0.0,0.00275,0.0,0.0,0.0,1.377,0.0,5.51,0.0
G060,30.591,529.06,0.7519,5.6389,0.3982,0.1828,0.2734,0.1456,0.474,0.7131,0.3462,52.07,0.5303,0.4619,5.455,10,63.27,30.63,7.429,10.401,2.972,1.486,0.0,5.944,8.915,0.739,0.2378,0.1049,0.1019,0.0458,0.0399,0.1551,0.1654,0.0547,0.0236,0.0399,0.0251,0.0059,8.555,1.755,0.658,0.0,0.0,0.0,0.0,0.0,0.06092,0.04903,0.04012,0.01783,0.01932,0.03715,0.01337,0.0208,0.00743,0.0104,0.01337,0.0104,0.01337,0.0104,0.01189,0.01932,0.00297,0.02377,0.00446,0.00149,0.00446,0.00149,0.00149,0.0,0.00297,0.00149,0.0,0.0,0.0,0.0,0.00149,0.00149,0.00297,0.00149,0.0,0.00297,0.00149,0.0,0.00149,0.0,0.0,0.00297,0.00149,0.0,0.0,0.0,0.0,0.0,0.00149,0.00149,0.00446,0.0,0.0,0.00149,0.0,0.0,0.0,0.0,0.00149,0.00297,0.0,0.0,0.0,0.0,10.401,0.0
G061,32.2,457.131,0.664,5.4073,0.4268,0.1801,0.2547,0.1384,0.3718,0.6632,0.2511,40.25,0.528,0.4552,5.4,12,68.71,34.5,0.0,7.986,0.0,0.887,0.0,1.775,10.648,0.8103,0.2564,0.0701,0.1313,0.0151,0.055,0.1606,0.1863,0.0479,0.0124,0.0453,0.0169,0.0027,8.703,1.904,1.088,0.952,0.0,0.0,0.0,0.0,0.06566,0.08429,0.01597,0.04082,0.01331,0.04348,0.02484,0.0213,0.01597,0.01508,0.00444,0.00266,0.00621,0.00799,0.00976,0.0071,0.00532,0.00621,0.00177,0.00532,0.00089,0.01154,0.00089,0.0,0.0,0.00266,0.0,0.00177,0.0,0.0,0.00532,0.00266,0.00355,0.0,0.00089,0.00089,0.00089,0.0,0.00177,0.00266,0.0,0.0,0.0,0.0,0.0,0.0,0.0,0.00266,0.00089,0.0,0.0,0.00177,0.0,0.00089,0.0,0.0,0.00089,0.0,0.00089,0.0,0.0,0.0,1.775,0.0,6.211,0.0
