term,count,relative_per_10k,n_sentences
millón,288,130.41,218
recurso,169,76.52,165
público,160,72.45,142
billón,140,63.39,113
proceso,139,62.94,134
Estado,120,54.34,120
proyecto,119,53.88,109
contrato,115,52.07,101
entidad,105,47.54,98
año,97,43.92,87
país,89,40.3,86
decisión,86,38.94,84
Gobierno,86,38.94,83
control,84,38.03,81
capacidad,84,38.03,75
servicio,84,38.03,82
frente,83,37.58,78
ejecución,83,37.58,80
sector,81,36.68,79
Ministerio,81,36.68,77
riesgo,74,33.51,72
nuevo,71,32.15,69
Nacional,69,31.24,67
caso,69,31.24,63
fiscal,67,30.34,63
Colombia,65,29.43,64
institucional,63,28.53,59
contratación,63,28.53,63
gobierno,62,28.07,59
colombiano,62,28.07,61
Contraloría,62,28.07,62
hallazgo,61,27.62,59
técnico,61,27.62,60
empalme,60,27.17,59
información,59,26.71,54
recibir,56,25.36,56
gestión,56,25.36,53
cerca,54,24.45,53
resultado,53,24.0,53
General,53,24.0,51
programa,53,24.0,53
comprometer,50,22.64,49
tiempo,49,22.19,49
administrativo,49,22.19,47
ejecutar,47,21.28,47
parte,46,20.83,46
pagar,46,20.83,46
infraestructura,46,20.83,42
inversión,46,20.83,44
equipo,45,20.38,44
presentar,45,20.38,44
financiero,44,19.92,44
contractual,44,19.92,44
Élite,43,19.47,43
exigir,42,19.02,42
julio,42,19.02,41
obra,42,19.02,42
quedar,40,18.11,39
mayor,40,18.11,38
presupuesto,40,18.11,38
sumar,40,18.11,40
persona,39,17.66,37
jurídico,39,17.66,38
operación,39,17.66,39
valor,39,17.66,36
dejar,39,17.66,37
pasar,39,17.66,37
presupuestal,38,17.21,38
sistema,38,17.21,36
cifra,38,17.21,37
salud,37,16.75,32
ciudadano,36,16.3,35
comunidad,36,16.3,35
saliente,36,16.3,36
condición,36,16.3,35
junio,36,16.3,34
Decreto,36,16.3,22
llegar,35,15.85,34
Equipo,35,15.85,35
nacional,35,15.85,35
costo,35,15.85,35
social,35,15.85,35
registrar,34,15.4,34
política,34,15.4,33
empresa,34,15.4,32
propio,33,14.94,33
mes,33,14.94,31
seguridad,33,14.94,33
destinado,33,14.94,33
autoridad,32,14.49,32
disponible,32,14.49,31
familia,32,14.49,31
vigencia,32,14.49,32
transparencia,31,14.04,31
total,31,14.04,30
Fondo,31,14.04,31
relacionado,31,14.04,31
pago,31,14.04,29
territorio,30,13.58,30
Procuraduría,30,13.58,29
responsabilidad,29,13.13,29
perder,29,13.13,28
identificar,29,13.13,29
tecnológico,29,13.13,29
problema,29,13.13,29
actuación,29,13.13,28
garantizar,29,13.13,28
desarrollo,29,13.13,29
disciplinario,29,13.13,29
terminar,29,13.13,29
identificado,28,12.68,28
encontrar,28,12.68,28
obligación,28,12.68,27
seguir,28,12.68,28
agosto,28,12.68,27
prestación,28,12.68,28
efectivo,28,12.68,27
oportunidad,28,12.68,27
pesos,28,12.68,28
pendiente,28,12.68,27
crítico,27,12.23,27
deber,27,12.23,27
alto,27,12.23,27
competencia,27,12.23,27
Nación,27,12.23,27
trámite,27,12.23,26
reducir,27,12.23,27
enfrentar,27,12.23,27
financiar,27,12.23,27
empleo,27,12.23,26
cuenta,27,12.23,27
convenio,27,12.23,24
esperar,27,12.23,23
República,26,11.77,26
ejercicio,26,11.77,25
responder,26,11.77,26
situación,26,11.77,25
cargo,26,11.77,22
estratégico,26,11.77,26
recuperar,26,11.77,26
planeación,26,11.77,25
auditoría,26,11.77,26
real,26,11.77,26
verificable,25,11.32,25
fondo,25,11.32,24
único,25,11.32,25
judicial,25,11.32,25
comprometido,25,11.32,25
vida,25,11.32,25
afectar,25,11.32,24
atención,25,11.32,23
sectorial,24,10.87,23
función,24,10.87,24
necesitar,24,10.87,21
compromiso,24,10.87,24
mecanismo,24,10.87,24
región,24,10.87,24
análisis,24,10.87,22
Salud,24,10.87,19
evidenciar,24,10.87,22
deuda,24,10.87,22
corresponder,23,10.41,23
principio,23,10.41,21
momento,23,10.41,23
haber,23,10.41,22
impacto,23,10.41,23
intervención,23,10.41,23
revisar,23,10.41,22
gas,23,10.41,23
confianza,22,9.96,22
convertir,22,9.96,22
poder,22,9.96,22
cumplir,22,9.96,22
abrir,22,9.96,22
administración,22,9.96,22
laboral,22,9.96,18
derecho,22,9.96,21
patrón,22,9.96,22
proteger,22,9.96,21
hectárea,22,9.96,19
vivienda,22,9.96,19
bien,21,9.51,21
corrupción,21,9.51,21
fuente,21,9.51,20
operativo,21,9.51,19
resolver,21,9.51,21
operar,21,9.51,21
seguimiento,21,9.51,21
personal,21,9.51,19
respuesta,21,9.51,21
concentrar,21,9.51,21
fortalecer,21,9.51,21
ingreso,21,9.51,20
Superintendencia,21,9.51,19
presunto,21,9.51,20
medida,21,9.51,21
ambiental,21,9.51,20
comportamiento,20,9.06,18
cerrar,20,9.06,20
revisión,20,9.06,20
magnitud,20,9.06,20
trazabilidad,20,9.06,19
soporte,20,9.06,20
falta,20,9.06,20
medicamento,20,9.06,17
implementación,20,9.06,20
energía,20,9.06,19
evaluar,20,9.06,20
Libro,19,8.6,19
competente,19,8.6,19
interés,19,8.6,18
Patria,19,8.6,18
entregar,19,8.6,18
permitir,19,8.6,19
calidad,19,8.6,18
base,19,8.6,18
ordenar,19,8.6,19
Sistema,19,8.6,19
diciembre,19,8.6,19
peso,19,8.6,17
EPS,19,8.6,17
generar,19,8.6,19
verificar,19,8.6,19
cercano,19,8.6,19
protección,19,8.6,18
producción,19,8.6,18
futuro,18,8.15,18
poner,18,8.15,18
cambio,18,8.15,18
distinto,18,8.15,18
informe,18,8.15,16
legal,18,8.15,18
sostener,18,8.15,18
medio,18,8.15,17
humano,18,8.15,17
investigación,18,8.15,16
cuyo,18,8.15,18
forma,18,8.15,18
mil,18,8.15,18
esencial,18,8.15,18
ley,18,8.15,18
pérdida,18,8.15,18
regla,18,8.15,18
correspondiente,18,8.15,18
advertir,18,8.15,18
nivel,18,8.15,18
reportar,18,8.15,18
alerta,18,8.15,18
crecer,18,8.15,18
administrar,18,8.15,18
reforma,18,8.15,18
trabajador,18,8.15,16
suspensión,18,8.15,17
activo,18,8.15,18
periodo,18,8.15,18
convocatoria,18,8.15,18
cupo,18,8.15,17
municipio,18,8.15,18
Trabajo,18,8.15,15
construir,17,7.7,15
adelantado,17,7.7,17
consecuencia,17,7.7,17
capítulo,17,7.7,16
rigor,17,7.7,17
acción,17,7.7,17
acto,17,7.7,16
documento,17,7.7,17
digital,17,7.7,17
necesario,17,7.7,17
subsidio,17,7.7,16
demanda,17,7.7,17
asignación,17,7.7,17
registro,17,7.7,17
último,17,7.7,17
estudio,17,7.7,17
directo,17,7.7,17
generación,17,7.7,15
oferta,17,7.7,17
realidad,17,7.7,17
tierra,17,7.7,17
representar,17,7.7,17
aprobar,17,7.7,17
solicitud,17,7.7,17
educación,17,7.7,17
deterioro,17,7.7,17
déficit,17,7.7,14
Empalme,16,7.24,15
hecho,16,7.24,16
debilitar,16,7.24,16
constituir,16,7.24,16
acceder,16,7.24,15
entrega,16,7.24,15
Ministro,16,7.24,15
contar,16,7.24,16
reserva,16,7.24,16
interno,16,7.24,15
concreto,16,7.24,16
cierre,16,7.24,16
importante,16,7.24,15
ausencia,16,7.24,16
traducir,16,7.24,16
pasivo,16,7.24,16
necesidad,16,7.24,16
esquema,16,7.24,16
aumentar,16,7.24,15
Social,16,7.24,15
Desarrollo,16,7.24,16
únicamente,16,7.24,16
Resolución,16,7.24,13
adelantar,16,7.24,16
crecimiento,16,7.24,16
USD,16,7.24,6
depender,16,7.24,16
contratista,16,7.24,15
territorial,16,7.24,16
organismo,16,7.24,16
regalía,16,7.24,16
ciencia,16,7.24,15
centro,16,7.24,15
hogar,16,7.24,16
denuncia,16,7.24,15
solicitar,16,7.24,15
gobernar,15,6.79,15
patrimonio,15,6.79,15
cartera,15,6.79,14
herramienta,15,6.79,15
criterio,15,6.79,15
vía,15,6.79,15
práctica,15,6.79,15
completo,15,6.79,15
proveedor,15,6.79,14
falla,15,6.79,15
evaluación,15,6.79,15
menor,15,6.79,15
economía,15,6.79,15
ilegal,15,6.79,15
atender,15,6.79,15
actividad,15,6.79,15
requerir,15,6.79,14
cuatrienio,15,6.79,15
caja,15,6.79,14
pasaporte,15,6.79,15
reto,15,6.79,15
reglamentación,15,6.79,13
transición,14,6.34,14
diagnóstico,14,6.34,14
Milagro,14,6.34,14
establecer,14,6.34,14
significar,14,6.34,14
funcionamiento,14,6.34,14
plataforma,14,6.34,14
adicional,14,6.34,14
relación,14,6.34,13
organización,14,6.34,14
asociado,14,6.34,14
solución,14,6.34,14
dinero,14,6.34,14
población,14,6.34,14
vigilancia,14,6.34,14
prioridad,14,6.34,14
asignar,14,6.34,13
selección,14,6.34,14
previsto,14,6.34,14
requisito,14,6.34,11
plazo,14,6.34,14
orden,14,6.34,13
funcionar,14,6.34,14
predio,14,6.34,12
doble,14,6.34,14
mostrar,14,6.34,14
superar,14,6.34,14
privado,14,6.34,14
Sector,14,6.34,14
existir,14,6.34,14
declarar,14,6.34,14
caer,14,6.34,13
agua,14,6.34,14
construcción,13,5.89,13
propósito,13,5.89,13
permanente,13,5.89,13
continuar,13,5.89,13
fecha,13,5.89,13
metodología,13,5.89,13
inteligencia,13,5.89,12
responsable,13,5.89,13
apoyo,13,5.89,13
estatal,13,5.89,13
estructural,13,5.89,13
continuidad,13,5.89,13
limitar,13,5.89,13
incremento,13,5.89,13
cumplimiento,13,5.89,13
incrementar,13,5.89,13
económico,13,5.89,13
bajo,13,5.89,13
Protección,13,5.89,12
lograr,13,5.89,13
indígena,13,5.89,13
asignado,13,5.89,13
título,13,5.89,13
Consejo,13,5.89,13
crédito,13,5.89,12
Caribe,13,5.89,13
decreto,13,5.89,11
volver,13,5.89,13
penal,13,5.89,12
pese,13,5.89,13
mercado,13,5.89,13
temporal,13,5.89,12
preventivo,13,5.89,13
deportista,13,5.89,11
institución,12,5.43,12
primero,12,5.43,12
conocimiento,12,5.43,12
trabajo,12,5.43,11
dato,12,5.43,11
documental,12,5.43,12
validación,12,5.43,11
político,12,5.43,12
asumir,12,5.43,11
procedimiento,12,5.43,12
oficial,12,5.43,12
artificial,12,5.43,12
paralelo,12,5.43,12
número,12,5.43,12
producir,12,5.43,12
Pública,12,5.43,12
directamente,12,5.43,12
acceso,12,5.43,12
contratar,12,5.43,12
crear,12,5.43,12
ocurrir,12,5.43,12
ciudadanía,12,5.43,12
sostenibilidad,12,5.43,12
principal,12,5.43,12
aprobado,12,5.43,12
permanecer,12,5.43,12
impuesto,12,5.43,12
aspecto,12,5.43,12
Agencia,12,5.43,12
registrado,12,5.43,12
alcanzar,12,5.43,12
revisado,12,5.43,12
incidencia,12,5.43,11
trasladar,12,5.43,12
contable,12,5.43,11
Niño,12,5.43,12
modelo,12,5.43,12
universidad,12,5.43,12
liquidación,12,5.43,12
queja,12,5.43,12
planta,12,5.43,12
efecto,12,5.43,11
especial,12,5.43,12
Anticorrupción,11,4.98,10
justicia,11,4.98,11
ejercer,11,4.98,11
demora,11,4.98,11
puerta,11,4.98,11
desarrollar,11,4.98,11
estabilidad,11,4.98,11
punto,11,4.98,11
Ley,11,4.98,10
alcance,11,4.98,11
particular,11,4.98,11
justo,11,4.98,11
prestar,11,4.98,11
deficiencia,11,4.98,10
inspección,11,4.98,11
vacío,11,4.98,11
debilidad,11,4.98,11
oportuno,11,4.98,11
Energía,11,4.98,10
iniciar,11,4.98,11
abril,11,4.98,11
realizado,11,4.98,11
acumular,11,4.98,11
plata,11,4.98,10
claro,11,4.98,11
destinar,11,4.98,11
energético,11,4.98,10
avance,11,4.98,10
avanzar,11,4.98,11
grupo,11,4.98,11
posible,11,4.98,11
Turismo,11,4.98,11
respaldo,11,4.98,11
considerar,11,4.98,11
crisis,11,4.98,11
pensión,11,4.98,11
Servicios,11,4.98,10
septiembre,11,4.98,11
usuario,11,4.98,9
estructura,11,4.98,11
plan,11,4.98,11
inmediato,11,4.98,11
pleno,10,4.53,10
documentar,10,4.53,10
integral,10,4.53,10
documentado,10,4.53,10
devolver,10,4.53,10
calificar,10,4.53,10
instrumento,10,4.53,10
definición,10,4.53,10
final,10,4.53,10
superior,10,4.53,10
encargado,10,4.53,10
dependencia,10,4.53,9
supervisión,10,4.53,10
dificultad,10,4.53,10
exterior,10,4.53,9
retraso,10,4.53,10
beneficio,10,4.53,10
Minas,10,4.53,9
adoptado,10,4.53,10
suscribir,10,4.53,10
entrada,10,4.53,10
insuficiente,10,4.53,10
Hacienda,10,4.53,10
llevar,10,4.53,10
estructuración,10,4.53,10
ilícito,10,4.53,9
meta,10,4.53,10
contratado,10,4.53,10
tasa,10,4.53,9
suscrito,10,4.53,10
liquidar,10,4.53,10
corregir,10,4.53,10
IPS,10,4.53,8
objeto,10,4.53,10
financiado,10,4.53,10
circunstancia,10,4.53,10
observación,10,4.53,10
Ambiente,10,4.53,10
apropiación,10,4.53,8
pagado,10,4.53,10
incertidumbre,10,4.53,10
maestro,10,4.53,10
transporte,10,4.53,10
físico,10,4.53,10
verificación,10,4.53,10
intervenida,10,4.53,9
licencia,10,4.53,9
niño,10,4.53,10
certeza,10,4.53,10
educativo,10,4.53,10
sesión,10,4.53,9
expedición,10,4.53,10
medir,10,4.53,10
delimitación,10,4.53,10
adoptar,9,4.08,9
aparecer,9,4.08,9
buscar,9,4.08,9
sociedad,9,4.08,9
estado,9,4.08,9
materia,9,4.08,9
independiente,9,4.08,9
documentación,9,4.08,8
previo,9,4.08,9
expectativa,9,4.08,9
nombramiento,9,4.08,8
cita,9,4.08,9
conducción,9,4.08,9
firme,9,4.08,9
reconocer,9,4.08,9
diseño,9,4.08,9
inicial,9,4.08,9
existente,9,4.08,9
entrante,9,4.08,9
vencer,9,4.08,9
mérito,9,4.08,9
consular,9,4.08,7
significativo,9,4.08,9
disponibilidad,9,4.08,9
intermediación,9,4.08,9
ver,9,4.08,9
exposición,9,4.08,9
hospital,9,4.08,9
vivir,9,4.08,9
dirección,9,4.08,9
restricción,9,4.08,9
operador,9,4.08,9
participación,9,4.08,9
brecha,9,4.08,9
trimestre,9,4.08,8
formación,9,4.08,9
modificación,9,4.08,9
Industria,9,4.08,9
fenómeno,9,4.08,9
bienestar,9,4.08,9
red,9,4.08,8
Defensa,9,4.08,9
DIAN,9,4.08,9
confirmar,9,4.08,9
grave,9,4.08,9
vigente,9,4.08,9
cobrar,9,4.08,9
reducción,9,4.08,9
Fuerza,9,4.08,9
beneficiario,9,4.08,9
promover,9,4.08,9
gasto,9,4.08,9
zona,9,4.08,9
acumulado,9,4.08,9
suspender,9,4.08,9
cesantía,9,4.08,9
reflejar,9,4.08,9
innovación,9,4.08,9
regional,9,4.08,9
formular,9,4.08,9
Corte,9,4.08,9
sed,9,4.08,9
consulado,9,4.08,7
competitivo,9,4.08,9
suficiente,9,4.08,9
fundamental,9,4.08,9
resolución,9,4.08,9
desafío,9,4.08,9
integrante,9,4.08,3
Mayor,9,4.08,9
Fiscalía,9,4.08,9
adquisición,9,4.08,9
mineral,9,4.08,8
Ministra,9,4.08,9
Verdad,8,3.62,8
implicar,8,3.62,8
asegurar,8,3.62,8
conocer,8,3.62,8
examinar,8,3.62,8
complejidad,8,3.62,8
dirigir,8,3.62,8
libre,8,3.62,7
entrar,8,3.62,8
simple,8,3.62,8
voluntario,8,3.62,7
colectivo,8,3.62,8
vinculado,8,3.62,7
incorporar,8,3.62,8
sostenido,8,3.62,8
Tecnología,8,3.62,8
definir,8,3.62,8
límite,8,3.62,8
abierto,8,3.62,8
SECOP,8,3.62,8
específico,8,3.62,8
constitucional,8,3.62,8
formal,8,3.62,8
ampliar,8,3.62,8
figura,8,3.62,8
negativo,8,3.62,7
directivo,8,3.62,8
repetir,8,3.62,8
defensa,8,3.62,8
bloqueo,8,3.62,8
controversia,8,3.62,8
obtener,8,3.62,8
presencia,8,3.62,8
mejorar,8,3.62,8
Presidencia,8,3.62,8
mayo,8,3.62,8
suspendido,8,3.62,8
girar,8,3.62,8
concepto,8,3.62,8
garantía,8,3.62,8
exigencia,8,3.62,8
Comercio,8,3.62,8
Unidad,8,3.62,8
firmado,8,3.62,7
eléctrico,8,3.62,8
aumento,8,3.62,8
cuestionamiento,8,3.62,8
oferent,8,3.62,8
operacional,8,3.62,8
invertir,8,3.62,8
correr,8,3.62,8
caída,8,3.62,7
Públicos,8,3.62,7
provisional,8,3.62,7
totalidad,8,3.62,8
propiedad,8,3.62,8
básico,8,3.62,8
lugar,8,3.62,7
Congreso,8,3.62,8
adición,8,3.62,8
equivalente,8,3.62,8
diferencia,8,3.62,8
licitación,8,3.62,8
admitir,8,3.62,8
empezar,8,3.62,8
Paz,8,3.62,7
observar,8,3.62,8
cultivo,8,3.62,8
mensual,8,3.62,8
cobertura,8,3.62,8
Programa,8,3.62,7
ascender,8,3.62,8
daño,8,3.62,8
verificado,8,3.62,8
internacional,8,3.62,8
exponer,8,3.62,8
comercial,8,3.62,8
reglamentar,8,3.62,8
Título,8,3.62,8
Parte,8,3.62,8
Reglamentario,8,3.62,8
minería,8,3.62,8
criminal,8,3.62,8
Air-e,8,3.62,8
joven,8,3.62,8
extracción,8,3.62,7
presente,7,3.17,7
coordinación,7,3.17,7
funcionario,7,3.17,7
obligar,7,3.17,7
fin,7,3.17,6
realmente,7,3.17,7
actuar,7,3.17,7
evidencia,7,3.17,7
semana,7,3.17,7
Dirección,7,3.17,7
término,7,3.17,7
Metodología,7,3.17,7
sensible,7,3.17,7
tecnología,7,3.17,7
priorizar,7,3.17,7
decidir,7,3.17,7
adjudicación,7,3.17,7
nómina,7,3.17,7
mayoría,7,3.17,7
identificación,7,3.17,7
general,7,3.17,7
definido,7,3.17,7
largo,7,3.17,7
transferencia,7,3.17,7
definitivo,7,3.17,7
tipo,7,3.17,7
estrategia,7,3.17,7
origen,7,3.17,7
analizado,7,3.17,7
ministerio,7,3.17,7
encargo,7,3.17,7
vencimiento,7,3.17,7
misional,7,3.17,7
incluir,7,3.17,7
incumplimiento,7,3.17,7
actor,7,3.17,7
derivado,7,3.17,7
justificar,7,3.17,7
incentivo,7,3.17,7
objetivo,7,3.17,7
impedir,7,3.17,7
inicio,7,3.17,7
ejecutado,7,3.17,7
iniciativa,7,3.17,6
financiación,7,3.17,7
pregunta,7,3.17,7
ministro,7,3.17,7
adecuado,7,3.17,7
transmisión,7,3.17,7
resultar,7,3.17,7
confiable,7,3.17,7
Público,7,3.17,7
Plan,7,3.17,7
claridad,7,3.17,7
parálisis,7,3.17,7
Vivienda,7,3.17,7
revelar,7,3.17,7
Tierras,7,3.17,7
campesino,7,3.17,7
tener,7,3.17,7
CGR,7,3.17,7
década,7,3.17,7
concentrado,7,3.17,7
publicado,7,3.17,6
concluir,7,3.17,7
natural,7,3.17,7
mejor,7,3.17,7
Infraestructura,7,3.17,7
Ciencia,7,3.17,7
Sostenible,7,3.17,7
anual,7,3.17,7
Guajira,7,3.17,7
marco,7,3.17,7
curso,7,3.17,7
prestador,7,3.17,6
docente,7,3.17,5
propuesta,7,3.17,7
ejemplo,7,3.17,7
emitir,7,3.17,7
Constitucional,7,3.17,7
espacio,7,3.17,7
autorizar,7,3.17,7
hacer,7,3.17,7
ampliación,7,3.17,7
área,7,3.17,7
neto,7,3.17,7
inicialmente,7,3.17,7
costar,7,3.17,6
perdido,7,3.17,7
tomar,7,3.17,7
térmico,7,3.17,7
asunto,7,3.17,7
suministro,7,3.17,7
ciclo,7,3.17,7
cuantía,7,3.17,7
Producción,7,3.17,7
Regalías,7,3.17,7
bosque,7,3.17,7
identidad,7,3.17,6
reglamentario,7,3.17,6
acelerar,7,3.17,6
Santander,7,3.17,5
local,7,3.17,6
terreno,7,3.17,7
anuncio,7,3.17,7
agente,7,3.17,7
ruta,7,3.17,7
Familiar,7,3.17,6
deporte,7,3.17,7
mantener,7,3.17,7
fundamento,7,3.17,7
acompañado,7,3.17,7
preparar,7,3.17,7
recoger,6,2.72,6
anticipar,6,2.72,6
tarea,6,2.72,6
régimen,6,2.72,6
mano,6,2.72,6
reciente,6,2.72,6
verdad,6,2.72,6
conveniencia,6,2.72,6
legítimo,6,2.72,6
estándar,6,2.72,6
priorizado,6,2.72,6
firma,6,2.72,6
funcional,6,2.72,6
venir,6,2.72,6
transformar,6,2.72,6
determinar,6,2.72,6
Operativa,6,2.72,6
carácter,6,2.72,6
lucha,6,2.72,6
gente,6,2.72,6
posesión,6,2.72,6
trabajar,6,2.72,6
instalación,6,2.72,6
igualmente,6,2.72,6
producto,6,2.72,6
especializado,6,2.72,5
apoyar,6,2.72,6
transversal,6,2.72,6
toma,6,2.72,6
preliminar,6,2.72,6
traslado,6,2.72,6
discrecionalidad,6,2.72,6
favorecer,6,2.72,6
inconsistencia,6,2.72,6
ineficiencia,6,2.72,6
afectado,6,2.72,6
oportunamente,6,2.72,6
captura,6,2.72,6
conflicto,6,2.72,6
normativo,6,2.72,6
litigio,6,2.72,6
enero,6,2.72,6
declarado,6,2.72,6
materializar,6,2.72,6
productor,6,2.72,6
tardar,6,2.72,6
anunciar,6,2.72,6
disposición,6,2.72,6
acreditar,6,2.72,6
profesional,6,2.72,6
Crédito,6,2.72,6
actualmente,6,2.72,6
proyectado,6,2.72,6
papel,6,2.72,6
armado,6,2.72,6
drón,6,2.72,5
impulsar,6,2.72,6
adquirido,6,2.72,6
noviembre,6,2.72,6
Nariño,6,2.72,6
Departamento,6,2.72,6
Administrativo,6,2.72,6
hoja,6,2.72,5
sufrir,6,2.72,6
Información,6,2.72,6
externo,6,2.72,6
agrario,6,2.72,6
siquiera,6,2.72,6
gran,6,2.72,6
comprar,6,2.72,6
existencia,6,2.72,6
marzo,6,2.72,6
empresarial,6,2.72,6
demostrar,6,2.72,6
gastar,6,2.72,6
cambiar,6,2.72,6
rural,6,2.72,6
RTVC,6,2.72,6
adjudicado,6,2.72,6
Educación,6,2.72,6
Innovación,6,2.72,6
Derecho,6,2.72,6
FOMAG,6,2.72,6
apropiado,6,2.72,6
rezago,6,2.72,6
conectividad,6,2.72,6
radicar,6,2.72,6
legalidad,6,2.72,6
transparente,6,2.72,6
error,6,2.72,6
OCAD,6,2.72,5
masivo,6,2.72,6
asegurado,6,2.72,6
Nueva,6,2.72,6
advertencia,6,2.72,6
evento,6,2.72,6
desembolso,6,2.72,6
casa,6,2.72,6
potable,6,2.72,6
Cultura,6,2.72,6
vulnerable,6,2.72,6
finalidad,6,2.72,6
misión,6,2.72,6
calificación,6,2.72,6
Prosperidad,6,2.72,6
concentración,6,2.72,6
designar,6,2.72,5
cultural,6,2.72,6
Antioquia,6,2.72,6
visible,6,2.72,6
reclamación,6,2.72,6
investigar,6,2.72,6
FINDETER,6,2.72,6
regulación,6,2.72,6
habilitar,6,2.72,6
negociación,6,2.72,4
potestad,6,2.72,6
deforestación,6,2.72,6
CAMPETROL,6,2.72,3
importación,6,2.72,5
petróleo,6,2.72,6
febrero,6,2.72,4
departamento,6,2.72,6
talento,6,2.72,6
emprendedor,6,2.72,6
Cajas,6,2.72,6
estimado,6,2.72,6
agravar,6,2.72,6
recaudo,6,2.72,6
expediente,6,2.72,6
transformación,6,2.72,6
rector,6,2.72,6
restablecer,6,2.72,5
Director,5,2.26,5
corrección,5,2.26,5
finanza,5,2.26,5
exclusivamente,5,2.26,5
sentido,5,2.26,5
servir,5,2.26,5
órgano,5,2.26,5
norma,5,2.26,5
historia,5,2.26,5
presidencial,5,2.26,5
articulado,5,2.26,5
contexto,5,2.26,5
robusto,5,2.26,5
extremo,5,2.26,5
explicar,5,2.26,5
construido,5,2.26,4
recibido,5,2.26,5
finalmente,5,2.26,5
balance,5,2.26,5
orientar,5,2.26,5
consolidar,5,2.26,5
promesa,5,2.26,5
precisión,5,2.26,5
llamado,5,2.26,5
histórico,5,2.26,5
conjunto,5,2.26,5
comprensión,5,2.26,3
gobernanza,5,2.26,5
comunicación,5,2.26,5
líder,5,2.26,5
reporte,5,2.26,5
consolidación,5,2.26,4
priorización,5,2.26,5
incorporación,5,2.26,5
aprovechar,5,2.26,5
utilización,5,2.26,5
estructurar,5,2.26,5
canal,5,2.26,5
elemento,5,2.26,5
margen,5,2.26,5
posibilidad,5,2.26,5
detectar,5,2.26,5
ente,5,2.26,5
interrupción,5,2.26,5
