term,max_tfidf,mean_tfidf
proceso,0.1284,0.039
millón,0.1276,0.0385
público,0.1584,0.0376
equipo,0.1258,0.0356
estado,0.1623,0.0348
recurso,0.1443,0.0337
decisión,0.1223,0.033
élite,0.1689,0.0328
gobierno,0.1079,0.032
empalme,0.1321,0.0317
entidad,0.1247,0.0306
control,0.1171,0.0305
institucional,0.1418,0.0291
capacidad,0.1591,0.0287
servicio,0.1335,0.0279
contrato,0.1149,0.0276
contractual,0.1752,0.026
caso,0.2024,0.0255
presentar,0.1319,0.0252
nacional,0.1342,0.0249
general,0.1213,0.0249
información,0.1591,0.0244
técnico,0.1469,0.0241
contratación,0.1161,0.024
gestión,0.1255,0.024
fiscal,0.1235,0.024
proyecto,0.1571,0.0234
ejecución,0.1889,0.0233
actuación,0.1943,0.0228
hallazgo,0.15,0.0226
sector,0.1395,0.0223
billón,0.1227,0.022
condición,0.1902,0.0218
frente,0.1183,0.0218
ministerio,0.1285,0.0211
recibir,0.0959,0.0211
autoridad,0.1366,0.021
relacionado,0.1455,0.021
colombia,0.1076,0.0209
administrativo,0.1713,0.0207
disciplinario,0.133,0.0207
parte,0.1174,0.0203
comprometer,0.1218,0.0201
año,0.1087,0.02
ejercicio,0.1677,0.0196
contraloría,0.1471,0.0196
riesgo,0.0894,0.0195
nuevo,0.1143,0.0195
programa,0.1218,0.0193
país,0.082,0.0192
colombiano,0.074,0.0188
responsabilidad,0.1443,0.0186
resultado,0.1103,0.0185
análisis,0.1167,0.0182
procuraduría,0.1321,0.0181
julio,0.1817,0.0181
sistema,0.1913,0.018
nación,0.0858,0.0179
tiempo,0.1349,0.0177
ciudadano,0.1348,0.0177
persona,0.1231,0.0176
valor,0.1746,0.0176
función,0.128,0.0175
mayor,0.1695,0.0173
exigir,0.1024,0.017
auditoría,0.1437,0.0169
acción,0.1673,0.0168
desarrollo,0.0927,0.0164
fondo,0.0791,0.0164
comportamiento,0.2488,0.0164
encontrar,0.1017,0.0163
presupuestal,0.0868,0.0163
correspondiente,0.1573,0.0163
bien,0.1273,0.0163
estratégico,0.1105,0.0162
financiero,0.1037,0.0162
mecanismo,0.1326,0.016
solicitar,0.2506,0.0159
administración,0.1185,0.0159
transparencia,0.1562,0.0158
corrupción,0.1537,0.0157
social,0.114,0.0157
competente,0.1442,0.0156
competencia,0.1245,0.0155
ejecutar,0.1119,0.0154
cerca,0.088,0.0154
crítico,0.1677,0.0154
inversión,0.1489,0.0154
operación,0.146,0.0153
identificar,0.0792,0.0151
tecnológico,0.1797,0.0151
disponible,0.0836,0.0151
familia,0.1694,0.015
adelantado,0.1736,0.015
protección,0.1983,0.0146
efectivo,0.1193,0.0146
principio,0.2001,0.0145
presupuesto,0.0843,0.0145
acceder,0.2259,0.0145
infraestructura,0.1635,0.0145
denuncia,0.111,0.0145
responder,0.1709,0.0145
cifra,0.1947,0.0144
agosto,0.15,0.0144
judicial,0.1755,0.0144
destinado,0.1014,0.0143
costo,0.1096,0.0143
trámite,0.1677,0.0143
respuesta,0.0945,0.0143
obra,0.1156,0.0143
revisar,0.0929,0.0142
intervención,0.1756,0.0142
reducir,0.1487,0.0142
convenio,0.1649,0.0141
pagar,0.0973,0.0141
momento,0.1419,0.014
dejar,0.086,0.014
comunidad,0.1044,0.0139
operativo,0.1442,0.0139
cambio,0.1248,0.0139
oportunidad,0.1345,0.0138
quedar,0.1044,0.0137
poder,0.1595,0.0136
corresponder,0.105,0.0136
solicitud,0.1643,0.0136
transición,0.1942,0.0136
patria,0.1876,0.0136
sumar,0.0712,0.0135
penal,0.1139,0.0135
evaluar,0.0944,0.0135
atención,0.1392,0.0135
presunto,0.1694,0.0135
base,0.1666,0.0135
garantizar,0.108,0.0134
organismo,0.148,0.0134
alto,0.0925,0.0134
haber,0.158,0.0134
prestación,0.1116,0.0134
seguir,0.1153,0.0132
seguridad,0.1237,0.0132
preventivo,0.2241,0.0132
suspensión,0.1379,0.0131
política,0.0851,0.0131
república,0.1402,0.0131
registrar,0.0869,0.013
salud,0.1311,0.013
jurídico,0.0676,0.013
revisado,0.1883,0.013
identificado,0.1378,0.013
pasar,0.0878,0.0129
cumplir,0.1364,0.0128
documento,0.1888,0.0128
constituir,0.2069,0.0128
propio,0.0948,0.0128
debilitar,0.1498,0.0127
resolución,0.1643,0.0127
pesos,0.1307,0.0126
trazabilidad,0.1709,0.0126
queja,0.1093,0.0126
necesario,0.1442,0.0126
abrir,0.1461,0.0125
fortalecer,0.1207,0.0124
discrecionalidad,0.1855,0.0124
territorio,0.109,0.0124
llegar,0.1106,0.0123
metodología,0.1527,0.0123
defensa,0.1841,0.0123
medida,0.0886,0.0122
verificar,0.0951,0.0122
circunstancia,0.1631,0.0122
práctica,0.2124,0.0122
empresa,0.1238,0.0122
ordenar,0.1013,0.0121
enfrentar,0.1164,0.0121
perder,0.0969,0.0121
ausencia,0.1279,0.012
sectorial,0.147,0.012
soporte,0.1139,0.012
cargo,0.1648,0.0119
ministro,0.1278,0.0119
mes,0.0875,0.0119
problema,0.0925,0.0118
propósito,0.1942,0.0118
capítulo,0.1958,0.0118
calidad,0.2588,0.0118
funcionamiento,0.1117,0.0117
libro,0.1568,0.0116
personal,0.1969,0.0116
único,0.1797,0.0116
empleo,0.109,0.0116
evaluación,0.1341,0.0115
adelantar,0.1728,0.0115
saliente,0.1056,0.0115
deber,0.1442,0.0115
revisión,0.0795,0.0115
relación,0.1474,0.0114
vida,0.0937,0.0114
derecho,0.1237,0.0114
sostener,0.1256,0.0113
forma,0.1505,0.0113
acto,0.1971,0.0113
vigencia,0.114,0.0113
conocimiento,0.1305,0.0112
consecuencia,0.1225,0.0112
plataforma,0.2059,0.0112
favorecer,0.1931,0.0112
operar,0.0959,0.0112
necesidad,0.1318,0.0111
asignación,0.1442,0.0111
seguimiento,0.1207,0.0111
pérdida,0.1312,0.0111
convertir,0.1092,0.011
cuyo,0.1083,0.011
agencia,0.1775,0.011
situación,0.0955,0.011
compromiso,0.0931,0.0109
impacto,0.1364,0.0109
estudio,0.1204,0.0109
rigor,0.1038,0.0109
humano,0.1136,0.0109
comprometido,0.1149,0.0109
establecer,0.1402,0.0108
obligación,0.0812,0.0108
ley,0.1171,0.0108
justicia,0.1854,0.0107
falla,0.1998,0.0107
permitir,0.1127,0.0107
generación,0.1633,0.0106
recuperar,0.1092,0.0106
incremento,0.1889,0.0106
evidenciar,0.0931,0.0106
considerar,0.1083,0.0106
adquisición,0.2138,0.0106
documentación,0.2137,0.0106
construir,0.1273,0.0105
llevar,0.1116,0.0105
verificable,0.1201,0.0105
patrón,0.1665,0.0105
traducir,0.1625,0.0104
observación,0.1743,0.0104
adoptado,0.1833,0.0104
junio,0.1243,0.0104
cuenta,0.0991,0.0104
esquema,0.158,0.0104
vía,0.1353,0.0104
dependencia,0.2585,0.0104
toma,0.17,0.0104
cercano,0.0938,0.0103
asociado,0.1315,0.0103
concentrar,0.1247,0.0103
resolver,0.0967,0.0103
gobernar,0.4219,0.0103
herramienta,0.1847,0.0102
objeto,0.1687,0.0102
tecnología,0.1269,0.0102
trabajo,0.1316,0.0101
ejercer,0.2368,0.0101
criterio,0.1168,0.0101
investigación,0.1013,0.0101
proteger,0.1369,0.0101
regla,0.1033,0.01
organización,0.2073,0.01
real,0.1286,0.01
esencial,0.1225,0.01
planeación,0.0874,0.01
realizado,0.1743,0.01
sociedad,0.1451,0.01
contratista,0.1493,0.0099
peso,0.1928,0.0099
financiar,0.1111,0.0099
especial,0.1676,0.0099
poner,0.0938,0.0099
marco,0.2502,0.0099
aspecto,0.1607,0.0099
particular,0.1273,0.0098
efecto,0.209,0.0098
terminar,0.0894,0.0098
incrementar,0.1235,0.0098
fuente,0.1084,0.0098
adoptar,0.1556,0.0098
milagro,0.1826,0.0098
verdad,0.174,0.0098
reforma,0.1968,0.0097
validación,0.1572,0.0097
cumplimiento,0.1235,0.0097
esperar,0.0993,0.0097
confianza,0.1725,0.0097
vigilancia,0.1831,0.0096
definición,0.1674,0.0096
ilegal,0.2151,0.0096
implementación,0.1082,0.0096
último,0.0974,0.0096
independiente,0.2765,0.0096
falta,0.1318,0.0096
producir,0.1483,0.0095
interés,0.1368,0.0095
interno,0.2066,0.0094
anticorrupción,0.1669,0.0094
registro,0.0822,0.0094
importante,0.1112,0.0094
requerir,0.0893,0.0094
deuda,0.1468,0.0093
legal,0.0998,0.0093
menor,0.1578,0.0093
mil,0.1348,0.0092
presencia,0.1595,0.0092
pendiente,0.1084,0.0092
nombramiento,0.253,0.0092
eficiente,0.1871,0.0091
deficiencia,0.1449,0.0091
consejo,0.159,0.0091
magnitud,0.1,0.0091
futuro,0.1162,0.0091
documental,0.106,0.0091
decreto,0.1633,0.0091
nivel,0.0938,0.0091
medio,0.0867,0.0091
región,0.1086,0.0091
instrumento,0.1815,0.0091
procedimiento,0.1804,0.0091
fundamento,0.2169,0.009
continuar,0.103,0.009
pago,0.0797,0.009
examinar,0.1224,0.009
título,0.0952,0.009
activo,0.1503,0.009
dirección,0.1102,0.0089
entregar,0.0769,0.0089
advertir,0.0814,0.0089
cerrar,0.0593,0.0089
verificación,0.1505,0.0089
permanente,0.1348,0.0089
ciudadanía,0.1728,0.0088
municipio,0.1012,0.0088
indebido,0.1868,0.0088
vinculado,0.2049,0.0088
proveedor,0.2726,0.0088
primero,0.1189,0.0088
medicamento,0.1449,0.0088
planta,0.2272,0.0087
necesitar,0.111,0.0087
mérito,0.1584,0.0087
previsto,0.16,0.0087
afectar,0.0968,0.0087
adicional,0.1404,0.0087
crear,0.1363,0.0087
disponibilidad,0.15,0.0087
asumir,0.1404,0.0086
superintendencia,0.1112,0.0086
reto,0.1086,0.0086
pasivo,0.143,0.0086
total,0.0905,0.0086
operativa,0.1407,0.0086
crecer,0.0915,0.0086
ingreso,0.1092,0.0085
informe,0.0836,0.0085
declarar,0.1112,0.0085
transversal,0.2036,0.0085
crédito,0.1056,0.0085
concreto,0.0803,0.0085
justificar,0.141,0.0085
oferta,0.1547,0.0085
hecho,0.1842,0.0085
número,0.1183,0.0084
diciembre,0.1387,0.0084
permanecer,0.1159,0.0084
superar,0.1055,0.0084
contar,0.1049,0.0084
consular,0.3239,0.0084
ocurrir,0.1044,0.0084
incorporar,0.1407,0.0084
reportar,0.0802,0.0084
trasladar,0.1152,0.0084
inmediato,0.1065,0.0084
previo,0.1148,0.0083
población,0.1383,0.0083
prioridad,0.1102,0.0083
directo,0.1239,0.0083
inteligencia,0.2256,0.0083
bajo,0.1159,0.0083
hacer,0.2308,0.0083
determinar,0.2413,0.0083
solución,0.1476,0.0083
diagnóstico,0.1044,0.0083
convocatoria,0.1137,0.0083
administrar,0.0685,0.0083
documentar,0.1044,0.0082
generar,0.1002,0.0082
compra,0.214,0.0082
supervisión,0.1584,0.0082
entrega,0.1122,0.0082
demanda,0.1273,0.0082
provisional,0.1822,0.0082
pese,0.1197,0.0081
suspender,0.1148,0.0081
patrimonio,0.1162,0.0081
iii,0.2249,0.0081
institución,0.1271,0.0081
superior,0.162,0.0081
economía,0.2289,0.0081
hospital,0.2439,0.0081
agua,0.1655,0.008
construcción,0.1077,0.008
actor,0.1763,0.008
posible,0.1241,0.008
cierre,0.0992,0.008
digital,0.1743,0.008
intermediación,0.2084,0.0079
obtener,0.1359,0.0079
principal,0.1156,0.0079
modificación,0.166,0.0079
plan,0.0914,0.0079
político,0.1527,0.0079
alcanzar,0.148,0.0079
constitucional,0.1074,0.0078
coordinación,0.2217,0.0078
limitar,0.1474,0.0078
continuidad,0.1256,0.0078
alerta,0.0856,0.0078
aumentar,0.1125,0.0078
dificultad,0.1476,0.0078
delimitación,0.2546,0.0078
completo,0.0957,0.0078
buscar,0.1064,0.0078
suministro,0.1595,0.0078
departamento,0.0996,0.0078
vacío,0.1922,0.0078
subsidio,0.1556,0.0077
promover,0.1152,0.0077
hectárea,0.1399,0.0077
alcance,0.127,0.0077
artificial,0.2256,0.0077
funcionar,0.0875,0.0077
sostenibilidad,0.1162,0.0077
educación,0.1277,0.0077
depender,0.0679,0.0076
exterior,0.1633,0.0076
mercado,0.0997,0.0076
fecha,0.1065,0.0076
doble,0.0875,0.0075
caja,0.1386,0.0075
presente,0.119,0.0075
preparar,0.126,0.0075
mostrar,0.0868,0.0075
cupo,0.2149,0.0075
financiado,0.1116,0.0075
integral,0.1048,0.0075
fiscalía,0.1187,0.0075
cuatrienio,0.0902,0.0075
contratar,0.1043,0.0075
centro,0.0925,0.0075
asunto,0.127,0.0074
estructural,0.1476,0.0074
distinto,0.082,0.0074
justo,0.1527,0.0074
formular,0.1077,0.0074
coherencia,0.1434,0.0074
representar,0.0976,0.0074
deterioro,0.0953,0.0073
únicamente,0.0985,0.0073
analizado,0.1236,0.0073
energía,0.1117,0.0073
acceso,0.1162,0.0073
volver,0.1387,0.0073
ambiental,0.1342,0.0073
niño,0.0807,0.0073
lugar,0.1254,0.0073
aprobar,0.0906,0.0073
responsable,0.1135,0.0072
desarrollar,0.1032,0.0072
predio,0.2892,0.0072
rector,0.175,0.0072
territorial,0.0813,0.0072
selección,0.1065,0.0072
periodo,0.0875,0.0072
afectado,0.234,0.0072
integridad,0.1938,0.0072
cartera,0.1334,0.0071
diseño,0.1449,0.0071
económico,0.1352,0.0071
estatal,0.0997,0.0071
producción,0.0961,0.0071
motivar,0.1414,0.0071
físico,0.2175,0.0071
funcionario,0.1236,0.0071
libre,0.1608,0.0071
directivo,0.1527,0.0071
apoyo,0.0963,0.0071
ciencia,0.194,0.0071
aprobado,0.0911,0.0071
derivado,0.141,0.007
funcional,0.2305,0.007
documentado,0.1256,0.007
dinero,0.1216,0.007
sostenido,0.1468,0.007
ampliar,0.1156,0.007
eventual,0.1398,0.007
elemento,0.2019,0.007
orden,0.0901,0.007
conducción,0.1112,0.007
