model,topic,top_terms,n_paragraphs_dominant,share_paragraphs,label,npmi_model
tfidf_nmf,0,"millón, fondo, programa, convenio, empresa, apoyo, ejecutar, emprendedor, cerca, entidad, contraloría, comprometer",38,0.057,,-0.0164
tfidf_nmf,1,"disciplinario, correspondiente, élite, presentar, general, equipo, nación, denuncia, penal, queja, actuación, procuraduría",55,0.0825,,-0.0164
tfidf_nmf,2,"empalme, proceso, institucional, información, equipo, comportamiento, ejercicio, técnico, principio, decisión, verdad, entidad",84,0.1259,,-0.0164
tfidf_nmf,3,"sectorial, identificado, sector, caso, total, equipo, minas, sostenible, comercio, desarrollo, industria, social",18,0.027,,-0.0164
tfidf_nmf,4,"decreto, trabajo, ley, reglamentario, reglamentación, laboral, parte, título, libro, único, capítulo, reforma",22,0.033,,-0.0164
tfidf_nmf,5,"billón, ejecución, año, cerca, inversión, apropiado, infraestructura, sector, ejecutar, presupuesto, obligación, pasar",45,0.0675,,-0.0164
tfidf_nmf,6,"proyecto, ciencia, convocatoria, quedar, recurso, regalía, aprobar, cupo, innovación, obra, bienio, inversión",52,0.078,,-0.0164
tfidf_nmf,7,"público, recurso, estado, servicio, capacidad, familia, ciudadano, confianza, vivienda, oportunidad, colombiano, recibir",89,0.1334,,-0.0164
tfidf_nmf,8,"energía, gas, déficit, generación, país, firme, nuevo, esperado, colombia, transmisión, energético, niño",42,0.063,,-0.0164
tfidf_nmf,9,"salud, eps, junio, ips, frente, superintendencia, intervenida, billón, medicamento, cartera, diciembre, crecimiento",37,0.0555,,-0.0164
tfidf_nmf,10,"contrato, contratación, valor, adición, prestación, ministerio, servicio, rtvc, inicial, contraloría, suscrito, informe",68,0.1019,,-0.0164
tfidf_nmf,11,"ilícito, hectárea, territorio, extracción, recuperar, ambiental, mineral, estado, pesos, nacional, criminal, oro",35,0.0525,,-0.0164
tfidf_nmf,12,"gobierno, saliente, educativo, financiero, nuevo, dejar, decisión, administrativo, propio, implementación, fiscal, seip",82,0.1229,,-0.0164
lda,0,"estado, suspensión, decreto, ciudadano, caso, desarrollo, sector, millón, equipo, pasaporte, identificado, innovación",43,0.0645,,-0.1299
lda,1,"control, equipo, disciplinario, élite, general, procuraduría, decreto, nación, presentar, correspondiente, parte, denuncia",46,0.069,,-0.1299
lda,2,"millón, billón, año, proyecto, contrato, recurso, ejecución, entidad, cerca, ministerio, presupuesto, gobierno",133,0.1994,,-0.1299
lda,3,"proceso, gobierno, entidad, empalme, adelantado, equipo, público, decisión, situación, hallazgo, persona, país",62,0.093,,-0.1299
lda,4,"público, estado, gobierno, recurso, salud, servicio, condición, corrupción, control, decisión, medicamento, nuevo",36,0.054,,-0.1299
lda,5,"público, recurso, proyecto, estado, frente, ciencia, humano, ministerio, decisión, deporte, continuidad, competencia",32,0.048,,-0.1299
lda,6,"capacidad, territorio, recurso, estado, proyecto, mayor, año, oportunidad, colombia, sector, comunidad, nacional",57,0.0855,,-0.1299
lda,7,"proceso, millón, recurso, república, administrativo, general, programa, cargo, julio, contraloría, actuación, intervención",50,0.075,,-0.1299
lda,8,"gobierno, estado, decisión, deuda, educativo, implementación, año, financiero, país, público, fiscal, nuevo",41,0.0615,,-0.1299
lda,9,"proceso, hallazgo, fiscal, recuperar, planeación, nuevo, técnico, recurso, proyecto, información, riesgo, capacidad",39,0.0585,,-0.1299
lda,10,"contrato, público, servicio, contratación, garantizar, país, riesgo, ejecución, recurso, transporte, gobernar, contratista",42,0.063,,-0.1299
lda,11,"millón, institucional, información, gas, mayor, colombia, empalme, déficit, energía, billón, herramienta, programa",37,0.0555,,-0.1299
lda,12,"proceso, entidad, gobierno, público, técnico, estado, gestión, información, empalme, riesgo, servicio, crítico",49,0.0735,,-0.1299
embedding_kmeans,0,"decreto, general, disciplinario, ley, nación, reglamentario, trabajo, élite, procuraduría, correspondiente, equipo, julio",62,0.093,,
embedding_kmeans,1,"millón, billón, proyecto, ministerio, cerca, recurso, programa, ejecución, entidad, presupuesto, contrato, fondo",48,0.072,,
embedding_kmeans,2,"territorio, ilegal, gobernar, humano, estado, grupo, agua, violencia, armado, santander, cultivo, comunidad",21,0.0315,,
embedding_kmeans,3,"público, control, proceso, decisión, información, recurso, capacidad, técnico, institucional, condición, mecanismo, gestión",104,0.1559,,
embedding_kmeans,4,"millón, billón, contrato, pasar, fondo, año, ejecución, diciembre, ips, ejecutar, cerca, entidad",52,0.078,,
embedding_kmeans,5,"año, pensión, mes, solicitud, atleta, esperar, reconocer, cupo, incumplir, jubilación, entrenar, juegos",9,0.0135,,
embedding_kmeans,6,"gobierno, estado, país, principio, gobernar, público, patria, capacidad, política, decisión, recibir, derecho",74,0.1109,,
embedding_kmeans,7,"recurso, país, público, servicio, oportunidad, región, generación, infraestructura, sector, salud, estado, capacidad",83,0.1244,,
embedding_kmeans,8,"proceso, gobierno, equipo, público, empalme, cargo, institucional, contrato, control, financiero, hallazgo, información",88,0.1319,,
embedding_kmeans,9,"millón, billón, pagar, gobierno, recurso, contraloría, colombiano, proyecto, deuda, saliente, año, estado",66,0.099,,
embedding_kmeans,10,"sectorial, identificado, total, minas, caso, sostenible, equipo, ambiente, sector, desarrollo, social, energía",10,0.015,,
embedding_kmeans,11,"nacional, campetrol, contrato, millón, contraloría, ministerio, general, junio, proceso, mayor, empalme, iniciativa",33,0.0495,,
embedding_kmeans,12,"déficit, año, gas, caer, hectárea, energía, kbpd, pib, nacional, petróleo, extracción, riesgo",17,0.0255,,
