model,topic,rank,paragraph_id,page,section,weight,excerpt
tfidf_nmf,0,1,P0191,26,II. Comportamientos críticos nocivos para el Estado > Comportamiento 1. Destrucción del rigor técnico > Caso 1. Presidencia de la República,0.124,"Al 1º de julio de 2026, el Fondo mujer libre y productiva, había ejecutado cerca de $172 millones de los $55.142 millones adicionados mediante los otrosíes 7 y 8, aproximadamente el 0,3%, correspondientes a personal de apoyo, según registros presupuestales de la entidad."
tfidf_nmf,0,2,P0369,45,II. Comportamientos críticos nocivos para el Estado > Comportamiento 5. Captura contractual y concentración del poder operativo > Caso 28. Inclusión Social y Reconciliación,0.1212,"Flores, verduras, sahumerios y frutas: 32% de la contrapartida de $336 millones con la que Asociación Shaquiñán respaldó un convenio de $33 mil millones"
tfidf_nmf,0,3,P0370,46,II. Comportamientos críticos nocivos para el Estado > Comportamiento 5. Captura contractual y concentración del poder operativo > Caso 28. Inclusión Social y Reconciliación,0.1186,"A través del Convenio Interadministrativo 350 de 2025, el Departamento Administrativo para la Prosperidad social (DPS) comprometió $33 mil millones frente a una contrapartida en especie de la Asociación Shaquiñán de solo $336 millones: aproximadamente el 1% del valor total. Su composición —$90 millones en ceremonias de armonización, $108,9 millones en insumos rituales (frutas, verduras, sahumerios"
tfidf_nmf,1,1,P0602,73,III. Hallazgos en materia de corrupción y balance de acciones > Caso 9. Caminos comunitarios para la paz,0.3532,"En atención a estas presuntas irregularidades, el Equipo Élite presentó una denuncia penal así como la acción fiscal correspondiente y la queja disciplinaria, con el propósito de que las autoridades competentes evalúen las eventuales responsabilidades derivadas de la ejecución de estos recursos."
tfidf_nmf,1,2,P0628,75,III. Hallazgos en materia de corrupción y balance de acciones > Caso 14. CODALTEC,0.3489,"Con base en estos elementos, el Equipo Élite presentó denuncia penal, promovió la correspondiente queja disciplinaria y dejó preparada la acción fiscal para que los organismos de control determinaran las responsabilidades a que hubiera lugar."
tfidf_nmf,1,3,P0578,70,III. Hallazgos en materia de corrupción y balance de acciones > Caso 5. FENOGE,0.346,"Ante estos hallazgos, el 21 de julio de 2026 el Equipo Élite solicitó la intervención preventiva de la Procuraduría General de la Nación y, dos días después, presentó la correspondiente queja disciplinaria acompañada de los soportes documentales obtenidos durante la auditoría. La actuación buscó que las autoridades competentes evaluaran la legalidad de las modificaciones introducidas antes de que "
tfidf_nmf,2,1,P1031,133,V. Principios de Gobierno de la Patria Milagro > Los principios rectores frente a los comportamientos críticos,0.26,"Los principios rectores de la Patria Milagro contribuyen a revertir los comportamientos críticos identificados por los equipos técnicos durante el proceso de empalme, y orientan las acciones de corrección institucional frente a fallas específicas."
tfidf_nmf,2,2,P0069,11,I. Proceso metodológico del empalme > Proceso: La arquitectura metodológica,0.2464,"El Empalme 2026 se sostuvo sobre dos metodologías articuladas entre sí. La Metodología Operativa organizó el proceso mediante once etapas generales (organización inicial, instalación institucional, construcción de línea base preliminar, requerimientos de información, consolidación documental, validación institucional, análisis funcional especializado, consolidación gerencial, priorización operativ"
tfidf_nmf,2,3,P0546,67,III. Hallazgos en materia de corrupción y balance de acciones > Introducción del capítulo,0.2431,"Los casos que se presentan a continuación recogen algunas de las actuaciones adelantadas por el Equipo Élite Anticorrupción, con ocasión de los hallazgos advertidos durante el ejercicio de empalme institucional llevado a cabo en el marco del proceso de transición gubernamental. Por sus características particulares, al estar relacionados, entre otros asuntos, con procesos contractuales próximos a s"
tfidf_nmf,3,1,P0463,57,II. Comportamientos críticos nocivos para el Estado > Comportamiento 8. Fragmentación del Estado y fracaso de la conducción estratégica,0.4912,"Casos identificados por los equipos sectoriales (7 en total, 7 sectores): Ambiente y Desarrollo Sostenible; Ciencia, Tecnología e Innovación; Comercio, Industria y Turismo; Cultura; Educación; Minas y Energía; Trabajo."
tfidf_nmf,3,2,P0358,44,II. Comportamientos críticos nocivos para el Estado > Comportamiento 5. Captura contractual y concentración del poder operativo,0.4384,"Casos identificados por los equipos sectoriales (10 en total, 6 sectores): Ambiente y Desarrollo Sostenible; Educación; Inclusión Social y Reconciliación; Planeación; y Cultura."
tfidf_nmf,3,3,P0505,62,II. Comportamientos críticos nocivos para el Estado > Comportamiento 9. Capacidad fiscal restringida (comportamiento transversal),0.4346,"Casos identificados por los equipos sectoriales (7 en total, 7 sectores): Ciencia, Tecnología e Innovación; Deporte; Función Pública; Hacienda y Crédito Público; Inclusión Social y Reconciliación; Minas y Energía; Planeación."
tfidf_nmf,4,1,P0429,52,II. Comportamientos críticos nocivos para el Estado > Comportamiento 6. Expansión del riesgo litigioso > Caso 40. Trabajo,0.4618,"El Decreto 234 de 2026 “Por el cual se subroga el Capítulo 7 del Título 2 de la Parte 2 del Libro 2 del Decreto 1072 de 2015, Único Reglamentario del Sector Trabajo y se dictan disposiciones sobre negociación colectiva unificada por niveles, con las organizaciones de trabajadores del sector privado, las y los trabajadores oficiales”, no es resultado de la reglamentación de la Ley 2466 de 2025, ya "
tfidf_nmf,4,2,P0971,123,IV. Balance sectorial > Sector Trabajo > Se reglamentó por decreto lo que el Congreso no aprobó,0.4618,"El Decreto 234 de 2026 “Por el cual se subroga el Capítulo 7 del Título 2 de la Parte 2 del Libro 2 del Decreto 1072 de 2015, Único Reglamentario del Sector Trabajo y se dictan disposiciones sobre negociación colectiva unificada por niveles, con las organizaciones de trabajadores del sector privado, las y los trabajadores oficiales”, no es resultado de la reglamentación de la Ley 2466 de 2025, ya "
tfidf_nmf,4,3,P0973,123,IV. Balance sectorial > Sector Trabajo > Se reglamentó por decreto lo que el Congreso no aprobó,0.4452,"Por último, el Decreto 581 de 2026 “Por el cual se adiciona un capítulo 4, al Título 3 de la Parte 2 del Libro 2 del Decreto 1072 de 2015, Único Reglamentario del Sector Trabajo y se dictan otras disposiciones sobre la tercerización e intermediación laboral ilegal”, tampoco es resultado de reglamentación expresa que haya indicado la ley de reforma laboral. Como se evidencia, los 3 decretos son res"
tfidf_nmf,5,1,P0985,126,IV. Balance sectorial > Sector Transporte > Transporte: el presupuesto que dejó de convertirse en infraestructura,0.3635,"Los hallazgos del empalme muestran la magnitud del desafío. La ejecución de la inversión, medida por obligaciones, pasó del 76,5 % en 2023 al 37,3 % en 2025. Ese año, de $12,13 billones apropiados para inversión, solo se ejecutaron cerca de $4,52 billones. Más de $7,6 billones dejaron de convertirse en infraestructura."
tfidf_nmf,5,2,P0293,37,II. Comportamientos críticos nocivos para el Estado > Comportamiento 4. Parálisis operativa > Caso 16. Transporte e Infraestructura,0.3419,"La capacidad de ejecución del sector transporte registró un deterioro significativo durante el cuatrienio. Según los hallazgos del proceso de empalme y el diagnóstico de la Contraloría General de la República, la ejecución de la inversión, medida por obligaciones, pasó del 76,5% en 2023 al 37,3% en 2025 (a mayo de 2026 alcanzaba apenas el 9,8%). En 2025, de $12,13 billones apropiados para inversió"
tfidf_nmf,5,3,P0905,113,"IV. Balance sectorial > Sector Presidencia de la República > $18,5 billones en el centro del poder, 15 % ejecutado",0.2702,"Entre 2022 y 2026 el sector Presidencia recibió apropiaciones por $18,49 billones y pagó $2,79 billones: una ejecución del 15,1 % en cuatro años. En 2026 la cifra cae al 3,0 %. La UNGRD concentró cerca de $15,3 billones, alrededor del 82,8 % de las apropiaciones del sector Presidencia. Esa concentración contrasta con rezagos relevantes en la capacidad de convertir los recursos en ejecución efectiv"
tfidf_nmf,6,1,P0304,39,"II. Comportamientos críticos nocivos para el Estado > Comportamiento 4. Parálisis operativa > Caso 17. Ciencia, Tecnología e Innovación",0.2857,"Es decir, universidades, gobernaciones y comunidades científicas de las regiones que formularon proyectos con la expectativa de financiación quedan en el limbo, mientras el reloj legal del cierre del bienio sigue corriendo. La plata existe y los proyectos también: lo que falló fue el engranaje del Estado para juntarlos a tiempo."
tfidf_nmf,6,2,P0742,90,"IV. Balance sectorial > Sector Cultura > Cultura: se compromete casi todo el presupuesto, pero no se paga ni se liquida",0.2774,"el que ampara los certificados de inversión de proyectos avalados en vigencias anteriores y el que abre la convocatoria del año. En 2026 el cupo total fue de $346.320 millones, de los cuales $265.487 millones quedaron destinados a proyectos en curso y solo $80.835 millones a proyectos nuevos. Tres de cada cuatro pesos del cupo de este año ya estaban comprometidos antes de abrir la convocatoria."
tfidf_nmf,6,3,P0714,86,"IV. Balance sectorial > Sector Ciencia, Tecnología e Innovación > Ciencia",0.2716,"Ese embudo tiene causas identificadas por el propio empalme y no son un accidente reciente. El bienio anterior cerró en ceros porque once convocatorias quedaron en limbo jurídico tras un concepto del DNP, con más de un centenar de proyectos elegibles sin aprobar. Los proponentes deben surtir una doble tramitología de formatos (del Ministerio y la MGA del DNP) que duplica tiempos y errores. Y la se"
tfidf_nmf,7,1,P1014,130,"IV. Balance sectorial > Sector Vivienda, Ciudad y Territorio > Viviendas con agua potable: la prioridad que no da espera",0.2342,"Que entienda que detrás de cada subsidio, de cada proyecto y de cada obra existe una familia que espera una oportunidad para salir adelante. Porque las familias colombianas no necesitan únicamente una casa, necesitan un hogar integral donde la vivienda, el agua potable, el saneamiento básico, los servicios públicos y la confianza en las instituciones vayan siempre de la mano."
tfidf_nmf,7,2,P1012,129,"IV. Balance sectorial > Sector Vivienda, Ciudad y Territorio > Viviendas con agua potable: la prioridad que no da espera",0.2214,"Casa Milagro representa precisamente esa visión integral. No es únicamente un programa de vivienda; es una forma distinta de entender el desarrollo social. Porque una vivienda solo transforma vidas cuando está acompañada de servicios públicos de calidad, de un entorno digno, de oportunidades para las familias y de una gestión pública responsable que inspire confianza."
tfidf_nmf,7,3,P1009,129,"IV. Balance sectorial > Sector Vivienda, Ciudad y Territorio > Viviendas con agua potable: la prioridad que no da espera",0.2191,"Los casos que acompañan este documento permiten comprender que estos desafíos tienen un rostro concreto. Encontramos viviendas que, pese a haber sido reportadas como ejecutadas, no representaron una solución efectiva para las familias; debilidades en la publicación de información contractual que limitaron la transparencia y el control ciudadano; recursos comprometidos que no se tradujeron oportuna"
tfidf_nmf,8,1,P0869,109,"IV. Balance sectorial > Sector Minas y Energía > Minas y Energía: la verdad sobre lo que recibimos, y lo que vamos a hacer",0.425,"Energía En energía eléctrica , según la información recogida durante el empalme, el país pasó de un superávit de energía firme cercano al 2 % en 2022 a un déficit del 4,4 % en 2026, con riesgo de déficit de potencia para 2026-2027, justo cuando el Sistema debe prepararse para el fenómeno de El Niño. Detrás de ese giro hay tres hechos concretos: de los 4.475 MW de nueva generación esperados para 20"
tfidf_nmf,8,2,P0347,43,II. Comportamientos críticos nocivos para el Estado > Comportamiento 4. Parálisis operativa > Caso 24. Minas y Energía,0.4207,"El país se recibe con un déficit proyectado de energía firme del 4,4% y solo el 15,5% de la nueva generación esperada en operación"
tfidf_nmf,8,3,P0348,43,II. Comportamientos críticos nocivos para el Estado > Comportamiento 4. Parálisis operativa > Caso 24. Minas y Energía,0.3445,"Según XM, el país enfrenta un déficit de energía firme del 4,4% y riesgo de déficit de po- tencia para 20262027, justo cuando se prevé El Niño con 100% de probabilidad entre junio y agosto, y 81% de que sea muy fuerte entre octubre y diciembre -posiblemente el más severo registrado-. De los 4.475 MW esperados en 2026 solo entró el 15,5%, y el 60% de pro- yectos de transmisión está atrasado. Se sum"
tfidf_nmf,9,1,P0939,117,"IV. Balance sectorial > Sector Salud y Protección Social > Años de intervención y 27,8 millones de personas esperando",0.4227,"Ministra de Salud y Protección Social En las IPS públicas se observa un crecimiento aún más pronunciado de las cuentas por cobrar frente a las EPS intervenidas. La cartera neta pasó de $2,02 billones en diciembre de 2022 a $8,31 billones en junio de 2026, lo que representa un incremento del 312%. Frente a las demás EPS, las cuentas por cobrar de las IPS públicas pasaron de $1,19 billones en diciem"
tfidf_nmf,9,2,P0942,118,"IV. Balance sectorial > Sector Salud y Protección Social > Años de intervención y 27,8 millones de personas esperando",0.4016,"Algo semejante ocurrió con los Equipos Básicos en Salud: entre el último trimestre de 2022 a junio de 2026 se asignaron más de $6,8 billones a financiarlos en todo el país, cuya ejecución a junio es apenas del 29%, sin que a la fecha la Superintendencia Nacional de Salud se haya pronunciado sobre la ejecución y el uso de estos, y en igual sentido no existe alguna evaluación sobre el impacto que es"
tfidf_nmf,9,3,P0935,117,"IV. Balance sectorial > Sector Salud y Protección Social > Años de intervención y 27,8 millones de personas esperando",0.3822,"El crecimiento de la cartera se presenta tanto en las IPS privadas como en las IPS públicas, aunque con diferencias importantes en su magnitud. En las IPS privadas, la cartera neta frente a las EPS intervenidas pasó de $7,22 billones en diciembre de 2022 a $18,11 billones en junio de 2026, registrando un crecimiento del 151%. Por su parte, las cuentas por cobrar de las IPS privadas frente a las de"
tfidf_nmf,10,1,P0263,34,II. Comportamientos críticos nocivos para el Estado > Comportamiento 3. Opacidad y distorsión de la información pública > Caso 13. Tecnologías de la Información y las Comunicaciones (TIC),0.3585,RTVC más que duplicó contratos ya firmados: adiciones de hasta el 119% del valor inicial y 230 contratos por $11.665 millones suscritos en los últimos seis días del Gobierno
tfidf_nmf,10,2,P0700,84,"IV. Balance sectorial > Sector Ambiente y Desarrollo Rural > Creció la nómina, cayó el bosque",0.3367,Los contratos de prestación de servicios por contratación directa pasaron de 142 por $2.121 millones en 2022 a 1.199 por $83.583 millones en 2025: 744 % más contratos y casi 39 veces el valor inicial. Al cierre de la gestión se nombraron además 21 funcionarios en provisionalidad en cargos estratégicos. La entidad se hizo más grande sin hacerse más capaz.
tfidf_nmf,10,3,P0266,34,II. Comportamientos críticos nocivos para el Estado > Comportamiento 3. Opacidad y distorsión de la información pública > Caso 13. Tecnologías de la Información y las Comunicaciones (TIC),0.2992,"El contrato 3316-2025, firmado el 29 de diciembre de 2025 por $3.448.725.386, muestra cómo opera el patrón: la primera solicitud de adición llegó trece días después de la firma y, en menos de dos meses, el contrato creció $3.800.000.000 (110,19 % de su valor inicial) hasta $7.248.725.386."
tfidf_nmf,11,1,P0888,111,"IV. Balance sectorial > Sector Minas y Energía > Minas y Energía: la verdad sobre lo que recibimos, y lo que vamos a hacer",0.5288,la extracción ilícita ha afectado más de 80.000 hectáreas del territorio nacional y recuperar una sola hectárea degradada le cuesta al Estado alrededor de 70 millones de pesos.
tfidf_nmf,11,2,P0868,109,"IV. Balance sectorial > Sector Minas y Energía > Minas y Energía: la verdad sobre lo que recibimos, y lo que vamos a hacer",0.4846,La extracción ilícita de oro mueve más de 3.000 millones de dólares al año y ha degradado más de 80.000 hectáreas del territorio nacional.
tfidf_nmf,11,3,P0892,111,"IV. Balance sectorial > Sector Minas y Energía > Minas y Energía: la verdad sobre lo que recibimos, y lo que vamos a hacer",0.4249,"Mesa interinstitucional contra la extracción ilícita de minerales, con Defensa, Interior, Ambiente, la Fiscalía, la Agencia Nacional de Minería y los territorios, para recuperar el control estatal y cerrar las rutas financieras y comerciales del mineral ilícito."
tfidf_nmf,12,1,P0492,60,II. Comportamientos críticos nocivos para el Estado > Comportamiento 8. Fragmentación del Estado y fracaso de la conducción estratégica > Caso 51. Educación,0.3159,"Seis días antes del cambio de gobierno se reglamentó una nueva estructura presupuestal, administrativa y laboral para el Sistema Educativo Indígena Propio (SEIP), sin que quedara cuantificado el costo total de su implementación."
tfidf_nmf,12,2,P0788,97,IV. Balance sectorial > Sector Educación Nacional > Se recortó el presente y se comprometió el futuro,0.2788,"El 31 de julio de 2026, seis días antes del cambio de gobierno, se expidieron además los Decretos 0932, 0933 y 0934, mediante los cuales el Gobierno reglamentó aspectos estructurales para la puesta en funcionamiento del Sistema Educativo Indígena Propio (SEIP): su organización y administración financiera, su implementación territorial y el régimen aplicable a los dinamizadores educativos indígenas"
tfidf_nmf,12,3,P0791,97,IV. Balance sectorial > Sector Educación Nacional > Se recortó el presente y se comprometió el futuro,0.2702,"Ministra de Educación Nacional financiero del SEIP como una sección del Presupuesto General de la Nación, con autonomía administrativa y personería jurídica. La preocupación no está en la existencia del SEIP ni en el derecho de los pueblos indígenas a una educación propia, que tiene respaldo constitucional, sino en que una transformación institucional y presupuestal de esta dimensión fue reglament"
lda,0,1,P0476,58,II. Comportamientos críticos nocivos para el Estado > Comportamiento 8. Fragmentación del Estado y fracaso de la conducción estratégica > Caso 48. Ambiente y Desarrollo Sostenible,0.9741,"A solo tres semanas de dejar el poder, y tras ocho años de intentar implementar la Sentencia T-361 de 2017, el Ministerio de Ambiente expidió la Resolución 863 de 2026, creando la Metodología Nacional de Delimitación Progresiva para los Páramos de Colombia, y un día antes de entregar el gobierno, expidió la Resolución 992 de 2026 a través de la cual se delimitaron 29.199 hectáreas en Santurbán (19"
lda,0,2,P0704,84,"IV. Balance sectorial > Sector Ambiente y Desarrollo Rural > Creció la nómina, cayó el bosque",0.9741,"Las últimas decisiones agravaron el cuadro. A tres semanas de terminar el mandato, y tras ocho años de intentar implementar la Sentencia T-361 de 2017, se expidió la Resolución 863 de 2026 creando una metodología de delimitación progresiva para los páramos de Colombia. Un día antes de entregar el gobierno, el MADS expidió la Resolución 992 de 2026, a través de la cual se delimitaron 29.199 hectáre"
lda,0,3,P0931,117,"IV. Balance sectorial > Sector Salud y Protección Social > Años de intervención y 27,8 millones de personas esperando",0.9723,"Ocho Entidades Promotoras de Salud (EPS) fueron intervenidas por la Superintendencia Nacional de Salud, las cuales concentraron 27,8 millones de afiliados (más del 50% de la población asegurada del país). Después de más de tres años de las primeras intervenciones, a julio de 2026 seis entidades permanecen intervenidas, entre ellas la Nueva EPS, con más de 11,3 millones de usuarios. El 8 de mayo de"
lda,1,1,P0201,27,II. Comportamientos críticos nocivos para el Estado > Comportamiento 1. Destrucción del rigor técnico > Caso 2. Salud y Protección Social,0.9858,"Mientras el sistema se desfinanciaba, el Ministerio de Salud, desde el último trimestre de 2022 hasta junio de 2026 asignó recursos por $16,1 billones, de los cuales giró $10 billones para la financiación de Equipos Básicos en Salud, infraestructura hospitalaria, entre los conceptos más importantes de las transferencias realizadas. De los recursos asignados se ha legalizado el 28,3% de acuerdo con"
lda,1,2,P0941,118,"IV. Balance sectorial > Sector Salud y Protección Social > Años de intervención y 27,8 millones de personas esperando",0.9854,"Mientras el sistema se desfinanciaba, el Ministerio, desde el último trimestre de 2022 hasta junio de 2026 asignó recursos por $16,1 billones, de los cuales giró $10 billones para la financiación de Equipos Básicos en Salud, infraestructura hospitalaria, entre los conceptos más importantes de las transferencias realizadas. De los recursos asignados se ha legalizado el 28,3%, de acuerdo con lo info"
lda,1,3,P0036,6,0. Preliminares > PRESENTACIÓN DEL LIBRO DE LA VERDAD > Vicepresidente de la República y Director Nacional del Empalme,0.9791,"Abre con la introducción metodológica, que explica cómo se validó cada dato y bajo qué estándares se construyó este ejercicio. Continúa con los nueve comportamientos que pusieron en riesgo la estabilidad de la función pública, un capítulo construido sobre 126 casos recibidos y priorizados, con el mismo rigor, para seleccionar finalmente 59 casos. Profundiza luego en los hallazgos en materia de cor"
lda,2,1,P0367,45,II. Comportamientos críticos nocivos para el Estado > Comportamiento 5. Captura contractual y concentración del poder operativo > Caso 27. Inclusión Social y Reconciliación,0.9752,"Destinar $140.910 millones en contratos de personal temporal, sin soportes de que ese personal contribuyó al objeto del fondo, y bajo señalamientos de uso clientelista en plena campaña electoral, no es una simple falla administrativa: es la evidencia de que el gobierno saliente permitió —o toleró— que el presupuesto destinado a la política de igualdad del país terminara, presuntamente, financiando"
lda,2,2,P0220,29,II. Comportamientos críticos nocivos para el Estado > Comportamiento 2. Colapso de la capacidad tecnológica > Caso 5. Hacienda y Crédito Público,0.9752,"Las consecuencias las paga directamente el ciudadano y el Estado. La DIAN es la entidad que recauda los impuestos con los que se financian hospitales, escuelas y vías. Con sistemas que fallan, se interrumpen devoluciones de impuestos a empresas, se traban los trámites aduaneros y se debilita la persecución a los evasores. El nuevo gobierno recibe una entidad maniatada en modernización tecnológica "
lda,2,3,P0845,106,"IV. Balance sectorial > Sector Justicia y del Derecho > Cárceles que no caben, notarías sin dueño",0.9746,"Lo grave es que el dinero para corregirlo sí se giró. La revisión de la gestión contractual de la USPEC y el INPEC identificó 119 hallazgos con un impacto económico por precisar, e interventores que autorizaron desembolsos por obras que no existían en la realidad. Los proyectos críticos son concretos: la ampliación de cupos en Itagüí por $39.385 millones, Barranquilla por $8.923 millones, Ipiales "
lda,3,1,P0767,93,IV. Balance sectorial > Sector Defensa Nacional > Defensa: una Fuerza Pública con las alas cortadas,0.9791,"No partimos de cero; el Sector Defensa cuenta con seres humanos que dedican cada día de sus vidas a servir a nuestra nación, que conocen el territorio y que han demostrado su compromiso con Colombia. Sobre esa fortaleza humana y profesional conduciremos estratégicamente las capacidades, los recursos y el talento humano para recuperar lo que se ha debilitado, corregir lo que no funcionó y fortalece"
lda,3,2,P0444,54,II. Comportamientos críticos nocivos para el Estado > Comportamiento 7. Pérdida de control territorial frente a economías criminales > Caso 42. Defensa Nacional,0.9723,Las Fuerzas Militares enfrentan una pérdida crítica de capacidades operacionales. El Ejército tiene un déficit presupuestal de $14 billones y la inmovilización de gran parte de su capacidad aérea: solo 8 de 19 helicópteros MI-17 están operativos y 18 de 49 UH-60 no están disponibles por mantenimiento o falta de recursos; en la Fuerza Aeroespacial Colombiana (FAC) 131 de 386 aeronaves no están oper
lda,3,3,P0512,62,II. Comportamientos críticos nocivos para el Estado > Comportamiento 9. Capacidad fiscal restringida (comportamiento transversal) > Caso 54. Inclusión Social y Reconciliación,0.9723,"El programa Colombia Mayor, que atiende a cerca de 3 millones de adultos mayores sin pensión en condición de pobreza, agotó en julio de 2026 el presupuesto asignado para todo el año. El gobierno anterior amplió el programa sobre la expectativa de cofinanciación de $3,2 billones en un documento CONPES que no se concretó, sin dejar un plan de contingencia frente a ese riesgo, y dejando sin respaldo "
lda,4,1,P0429,52,II. Comportamientos críticos nocivos para el Estado > Comportamiento 6. Expansión del riesgo litigioso > Caso 40. Trabajo,0.9804,"El Decreto 234 de 2026 “Por el cual se subroga el Capítulo 7 del Título 2 de la Parte 2 del Libro 2 del Decreto 1072 de 2015, Único Reglamentario del Sector Trabajo y se dictan disposiciones sobre negociación colectiva unificada por niveles, con las organizaciones de trabajadores del sector privado, las y los trabajadores oficiales”, no es resultado de la reglamentación de la Ley 2466 de 2025, ya "
lda,4,2,P0971,123,IV. Balance sectorial > Sector Trabajo > Se reglamentó por decreto lo que el Congreso no aprobó,0.9804,"El Decreto 234 de 2026 “Por el cual se subroga el Capítulo 7 del Título 2 de la Parte 2 del Libro 2 del Decreto 1072 de 2015, Único Reglamentario del Sector Trabajo y se dictan disposiciones sobre negociación colectiva unificada por niveles, con las organizaciones de trabajadores del sector privado, las y los trabajadores oficiales”, no es resultado de la reglamentación de la Ley 2466 de 2025, ya "
lda,4,3,P0818,102,IV. Balance sectorial > Sector Inclusión Social y Reconciliación > ¡El presupuesto se acabó en julio; el año no!,0.9723,"En el sector, el problema no es solo de caja: también es de ejecución. La Unidad para las Víctimas cerró el primer semestre de 2026 con una ejecución del 11,55 % sobre $4,41 billones apropiados, la más baja del sector. Su proyecto más estratégico (la implementación de las medidas de reparación, que concentra cerca del 60 % de la inversión) apenas alcanzó una ejecución del 3,28 %. Su patrimonio era"
lda,5,1,P0715,86,"IV. Balance sectorial > Sector Ciencia, Tecnología e Innovación > Ciencia",0.9832,"La misma lógica de recursos disponibles y decisiones que no llegan se repite en otros dos frentes. Los $109.000 millones del Fondo de Investigación en Salud, financiados por la ley con el monopolio de juegos de suerte y azar y destinados exclusivamente a investigar las enfermedades de los colombianos en cinco frentes: ciencias médicas, salud pública y promoción de la salud en las regiones; soberan"
lda,5,2,P0069,11,I. Proceso metodológico del empalme > Proceso: La arquitectura metodológica,0.9775,"El Empalme 2026 se sostuvo sobre dos metodologías articuladas entre sí. La Metodología Operativa organizó el proceso mediante once etapas generales (organización inicial, instalación institucional, construcción de línea base preliminar, requerimientos de información, consolidación documental, validación institucional, análisis funcional especializado, consolidación gerencial, priorización operativ"
lda,5,3,P0961,121,IV. Balance sectorial > Sector Tecnologías de la Información y las Comunicaciones > Colombia no puede seguir perdiendo tiempo tecnológico,0.9741,"También, la ciberseguridad será otra prioridad inaplazable. En un mundo en el que la información, los sistemas públicos y la confianza digital son activos esenciales, no podemos permitir que procesos mal diseñados pongan en riesgo la competencia, la calidad técnica o la protección de los datos de los colombianos. El diagnóstico documenta que el proceso de acuerdo marco de ciberseguridad, recibió 5"
lda,6,1,P0500,61,II. Comportamientos críticos nocivos para el Estado > Comportamiento 8. Fragmentación del Estado y fracaso de la conducción estratégica > Caso 52. Trabajo,0.9836,"La Superintendencia del Subsidio Familiar ejerce la inspección, vigilancia y control sobre las Cajas de Compensación Familiar, entidades que administran recursos parafiscales destinados a financiar prestaciones y programas sociales en beneficio de los trabajadores y sus familias. El problema no está solo en las medidas de intervención, sino en quién estuvo al mando de la entidad durante una parte "
lda,6,2,P0976,124,IV. Balance sectorial > Sector Trabajo > Se reglamentó por decreto lo que el Congreso no aprobó,0.981,"La debilidad no está solo en las normas. Mediante el Decreto 0649 del 26 de junio de 2026, el Gobierno encargó al entonces Ministro Antonio Sanguino de las funciones de Superintendente del Subsidio Familiar, sin separarlo de su cargo. La doble condición duró 43 días, hasta el 7 de agosto. Durante ese periodo, el Decreto 0689 designó un Ministro ad hoc por el impedimento sobre la posesión de consej"
lda,6,3,P0362,45,II. Comportamientos críticos nocivos para el Estado > Comportamiento 5. Captura contractual y concentración del poder operativo > Caso 26. Inclusión Social y Reconciliación,0.9766,"El patrón no es solo de crecimiento contractual: es de alertas ignoradas. La Procuraduría advirtió desde 2024 demoras contractuales, procesos desiertos, afectación a 80.000 familias y la ausencia de un censo confiable de beneficiarios —es decir, el gobierno saliente expandió la contratación sin siquiera tener certeza de a quién estaba llegando la ayuda—. El órgano de control también señaló posible"
lda,7,1,P0294,37,II. Comportamientos críticos nocivos para el Estado > Comportamiento 4. Parálisis operativa > Caso 16. Transporte e Infraestructura,0.9723,"Dos programas emblemáticos muestran la magnitud del rezago. Caminos Comunitarios para la Paz (principal programa para fortalecer la red vial terciaria del país en el pasado Gobierno) ejecutó apenas el 12,35 % de la meta fijada en el Plan Nacional de Desarrollo (4.087 kilómetros de 33.102, pese a haberse suscrito 2.354 convenios por cerca de $714.000 millones entre 2022 y 2026). Por su parte, en el"
lda,7,2,P0693,82,IV. Balance sectorial > Sector Agricultura y desarrollo Rural > Del anuncio al título: la verdadera deuda del campo,0.9716,"La misma desconexión aparece en los proyectos de inversión productiva, los distritos de adecuación de tierras y los procesos de restitución. El empalme advierte sobre inconsistencias entre los avances físicos y financieros, vacíos de información y ausencia de inventarios plenamente conciliados. En algunos casos ni siquiera existe un diagnóstico consolidado sobre el rezago o el impacto fiscal de la"
lda,7,3,P0869,109,"IV. Balance sectorial > Sector Minas y Energía > Minas y Energía: la verdad sobre lo que recibimos, y lo que vamos a hacer",0.9709,"Energía En energía eléctrica , según la información recogida durante el empalme, el país pasó de un superávit de energía firme cercano al 2 % en 2022 a un déficit del 4,4 % en 2026, con riesgo de déficit de potencia para 2026-2027, justo cuando el Sistema debe prepararse para el fenómeno de El Niño. Detrás de ese giro hay tres hechos concretos: de los 4.475 MW de nueva generación esperados para 20"
lda,8,1,P0596,72,III. Hallazgos en materia de corrupción y balance de acciones > Caso 8. Reforma agraria,0.9709,"Se advirtió que una parte importante del valor de los negocios jurídicos era pagada antes de que culminara el proceso de transferencia y registro de los inmuebles. De acuerdo con la información examinada, la Agencia Nacional de Tierras (ANT) desembolsó $1 billón de pesos para la adquisición de predios. Ello, amparado en un Convenio Marco firmado entre la ANT y la Sociedad de Activos Especiales (SA"
lda,8,2,P0374,46,II. Comportamientos críticos nocivos para el Estado > Comportamiento 5. Captura contractual y concentración del poder operativo > Caso 29. Educación,0.9702,"Durante el proceso de empalme se puso en conocimiento de la Contraloría General de la República que el Ministerio de Educación Nacional adelantaba actuaciones para comprometer cerca de $7 billones antes de finalizar el periodo de gobierno, incluida la operación del Patrimonio Autónomo del Fondo de Financiamiento de la Infraestructura Educativa (PA- FFIE) bajo un esquema distinto al existente y sin"
lda,8,3,P0546,67,III. Hallazgos en materia de corrupción y balance de acciones > Introducción del capítulo,0.9669,"Los casos que se presentan a continuación recogen algunas de las actuaciones adelantadas por el Equipo Élite Anticorrupción, con ocasión de los hallazgos advertidos durante el ejercicio de empalme institucional llevado a cabo en el marco del proceso de transición gubernamental. Por sus características particulares, al estar relacionados, entre otros asuntos, con procesos contractuales próximos a s"
lda,9,1,P0456,56,II. Comportamientos críticos nocivos para el Estado > Comportamiento 7. Pérdida de control territorial frente a economías criminales > Caso 44. Minas y Energía,0.9816,"Garantizar el acceso y la continuidad de las operaciones es una función del Estado, no de las empresas. Los bloqueos no solo afectan la producción de hidrocarburos, sino que también reducen el empleo, afectan a cientos de proveedores locales, disminuyen los ingresos por regalías e impuestos y limitan los recursos disponibles para financiar inversión en vías, educación, salud y otros servicios públ"
lda,9,2,P0508,62,II. Comportamientos críticos nocivos para el Estado > Comportamiento 9. Capacidad fiscal restringida (comportamiento transversal) > Caso 53. Función Pública,0.9813,"El uso desmedido de contratos de prestación de servicios (CPS) para cubrir funciones permanentes creó una gigantesca nómina paralela que puede superar anualmente los 900.000 contratistas en el Estado. Esta práctica vulnera los límites normativos y expone a la Nación a un pasivo contingente que se cuantifica en billones de pesos, relacionado con demandas por los denominados contratos realidad e ind"
lda,9,3,P0509,62,II. Comportamientos críticos nocivos para el Estado > Comportamiento 9. Capacidad fiscal restringida (comportamiento transversal) > Caso 53. Función Pública,0.9766,"El abuso de las plantas paralelas cuesta billones de pesos del erario que deberían destinarse a inversiones más estratégicas para el desarrollo del país, como escuelas, hospitales y otra infraestructura pública. Cuando el Estado opera mediante contratistas temporales, los programas sociales sufren interrupciones constantes cada vez que vence un contrato, afectando la calidad de la atención a las n"
lda,10,1,P0791,97,IV. Balance sectorial > Sector Educación Nacional > Se recortó el presente y se comprometió el futuro,0.9757,"Ministra de Educación Nacional financiero del SEIP como una sección del Presupuesto General de la Nación, con autonomía administrativa y personería jurídica. La preocupación no está en la existencia del SEIP ni en el derecho de los pueblos indígenas a una educación propia, que tiene respaldo constitucional, sino en que una transformación institucional y presupuestal de esta dimensión fue reglament"
lda,10,2,P0467,57,II. Comportamientos críticos nocivos para el Estado > Comportamiento 8. Fragmentación del Estado y fracaso de la conducción estratégica > Caso 46. Minas y Energía,0.9757,"Desde 2022, Colombia no ha adelantado nuevos procesos de asignación de áreas para la adjudicación de Contratos de Exploración y Producción (E&P). En consecuencia, el crecimiento de la actividad exploratoria depende exclusivamente de los contratos vigentes administrados por la Agencia Nacional de Hidrocarburos (ANH). La ausencia de nuevas asignaciones limita la incorporación de recursos prospectivo"
lda,10,3,P1033,133,V. Principios de Gobierno de la Patria Milagro > Los principios rectores frente a los comportamientos críticos,0.9669,"La libertad de acceder a un cargo público se ejerce sobre la base del mérito verificable, y quien ocupa el cargo responde por sus decisiones. El Gobierno de la Patria Milagro restablece los requisitos de idoneidad para cargos directivos y de asesoría, prioriza la provisión de empleos de carrera sobre el encargo prolongado y la prestación de servicios para funciones permanentes, y hace de la hoja d"
lda,11,1,P0833,104,IV. Balance sectorial > Sector Interior > Interior: cuatro relojes corriendo y ningún margen para improvisar,0.9798,"Ese no es el único frente crítico. La Imprenta Nacional suscribió con la Casa de la Moneda de Portugal un convenio interadministrativo internacional por 255 millones de euros a diez años, mediante contratación directa, para producir pasaportes. El decreto 1099 que ayuda a justificar la contratación directa por obligatoriedad de comprar los pasaportes a la imprenta nacional, está demandado ante el "
lda,11,2,P0871,109,"IV. Balance sectorial > Sector Minas y Energía > Minas y Energía: la verdad sobre lo que recibimos, y lo que vamos a hacer",0.9798,"A esta situación eléctrica se suma un desafío igualmente urgente: el abastecimiento de gas natural. En el primer trimestre de 2026 Colombia importó el 23 % de su demanda nacional y lo que va corrido del segundo semestre esa proporción llegó al 30 %. Al mismo tiempo, las reservas probadas han venido disminuyendo y hoy representan aproximadamente 5,9 años de autonomía. El balance de oferta y demanda"
lda,11,3,P0501,61,II. Comportamientos críticos nocivos para el Estado > Comportamiento 8. Fragmentación del Estado y fracaso de la conducción estratégica > Caso 52. Trabajo,0.9798,"Y no se trató de un problema meramente formal. Durante el encargo, el Decreto 0689 del 3 de julio de 2026 designó un Ministro del Trabajo ad hoc para resolver el impedimento manifestado por Sanguino respecto de la posesión de consejeros directivos de las Cajas. Tres días después, la Resolución 0527 del 6 de julio ordenó la intervención administrativa total de Comfamiliar Atlántico por doce meses, "
lda,12,1,P0393,48,II. Comportamientos críticos nocivos para el Estado > Comportamiento 5. Captura contractual y concentración del poder operativo > Caso 33. Cultura,0.9771,"El nivel de concentración es muy alto: los tres mayores proveedores (Consorcio Constructor H.M.I., Fondo Mixto de Boyacá y Corpoelite) suman más de $348.000 millones. Esto no implica per se una irregularidad, pues el contrato de mayor cuantía (Consorcio H.M.I.) se adjudicó por licitación pública, pero sí amerita revisar las barreras de entrada y la dependencia de operadores únicos para activos cul"
lda,12,2,P0794,98,IV. Balance sectorial > Sector Educación Nacional > Se recortó el presente y se comprometió el futuro,0.9695,"Nada de esto es abstracto para las familias. El Programa de Alimentación Escolar debe atender a más de 6,2 millones de estudiantes en 2026, y el empalme identificó a más de 860.000 en riesgo por retrasos contractuales al inicio del calendario. En 2025 se reportaron 17 brotes de enfermedades transmitidas por alimentos asociados al programa. En primera infancia, 42.805 niñas y niños identificados no"
lda,12,3,P0328,41,II. Comportamientos críticos nocivos para el Estado > Comportamiento 4. Parálisis operativa > Caso 21. Justicia y Derecho,0.9678,Un hallazgo de auditoría calificó como ineficiente la gestión contractual de la Unidad de Servicios Penitenciarios y Carcelarios (USPEC) y el Instituto Nacional Penitenciario y Carcelario (INPEC) fue al detectar 119 hallazgos con un impacto económico de $78.493 millones. Pero detrás de esa cifra hay un hecho particularmente preocupante: los interventores autorizaron desembolsos por obras que no ex
embedding_kmeans,0,1,P0033,6,0. Preliminares > PRESENTACIÓN DEL LIBRO DE LA VERDAD > Vicepresidente de la República y Director Nacional del Empalme,1.0,"El ejercicio fue desafiante porque se desarrolló en un contexto de alta complejidad, atravesado por múltiples obstáculos interpuestos por los funcionarios del gobierno saliente para que pudiéramos acceder a información robusta y verificable, lo cual nos obligó a recabar información desde distintas fuentes para cumplir con el propósito de hacer una aproximación rigurosa a la verdad sobre el estado "
embedding_kmeans,0,2,P0034,6,0. Preliminares > PRESENTACIÓN DEL LIBRO DE LA VERDAD > Vicepresidente de la República y Director Nacional del Empalme,1.0,"Dirigimos este proceso desde cuatro principios que no fueron enunciados, sino exigidos en cada entrega. Extrema coherencia, para que la información fuera consistente, verificable y libre de contradicciones entre capítulos: un solo relato institucional, de principio a fin. Verdad y transparencia, porque solo un diagnóstico honesto (sin maquillaje ni conveniencias) permite gobernar sobre lo que el E"
embedding_kmeans,0,3,P0037,7,0. Preliminares > PRESENTACIÓN DEL LIBRO DE LA VERDAD > Vicepresidente de la República y Director Nacional del Empalme,1.0,"Donde la integridad institucional así lo exige, distinguimos con rigor lo que corresponde al cuerpo público del Libro de aquello que, por su naturaleza, debe manejarse bajo reserva y remitirse a las autoridades competentes. En el capítulo de hallazgos de corrupción no individualizamos ni calificamos responsabilidades que no nos corresponde establecer: documentamos hechos, con fuente y fecha, valid"
embedding_kmeans,1,1,P0198,27,II. Comportamientos críticos nocivos para el Estado > Comportamiento 1. Destrucción del rigor técnico > Caso 1. Presidencia de la República,1.0,"aproximadamente el 99,7% de los $55.142 millones adicionados no registraba ejecución, mientras los siete programas seguían sin iniciar. Esto no implica que los recursos hubieran sido comprometidos individualmente con beneficiarias específicas, sino que los apoyos previstos aún no se habían materializado a la fecha de corte."
embedding_kmeans,1,2,P0201,27,II. Comportamientos críticos nocivos para el Estado > Comportamiento 1. Destrucción del rigor técnico > Caso 2. Salud y Protección Social,1.0,"Mientras el sistema se desfinanciaba, el Ministerio de Salud, desde el último trimestre de 2022 hasta junio de 2026 asignó recursos por $16,1 billones, de los cuales giró $10 billones para la financiación de Equipos Básicos en Salud, infraestructura hospitalaria, entre los conceptos más importantes de las transferencias realizadas. De los recursos asignados se ha legalizado el 28,3% de acuerdo con"
embedding_kmeans,1,3,P0218,29,II. Comportamientos críticos nocivos para el Estado > Comportamiento 2. Colapso de la capacidad tecnológica > Caso 5. Hacienda y Crédito Público,1.0,"El Fondo DIAN, bajo el Gobierno saliente, suscribió dos contratos tecnológicos por más de $310 mil millones de pesos que actualmente no funcionan y que la Contraloría y la Procuraduría confirmaron como deficientes. El sistema de gestión aduanera (USD 29 millones) y el software de gestión tributaria (USD 45 millones) fueron contratados con graves falencias desde su origen -ambos con debilidades en "
embedding_kmeans,2,1,P0211,28,II. Comportamientos críticos nocivos para el Estado > Comportamiento 1. Destrucción del rigor técnico > Caso 4. Minas y Energía,1.0,"El proceso de Asignación de Capacidad de Conexión que le fue asignado a la Unidad de Planeación Minero Energética (UPME) le ha implicado destinar cuantiosos recursos técnicos y económicos, restando tiempo y oportunidad a labores misionales tan importantes para el país como la planeación de la expansión de la generación y transmisión de energía, con lo que se ha retrasado el proceso de definición d"
embedding_kmeans,2,2,P0212,29,II. Comportamientos críticos nocivos para el Estado > Comportamiento 1. Destrucción del rigor técnico > Caso 4. Minas y Energía,1.0,"El país comienza a evidenciar la falta de nueva infraestructura de generación y transmisión que permita un servicio de energía de calidad, confiable y seguro que apoye el desarrollo económico y social, con la incorporación de generación con bajas o cero emisiones y la transición energética que requiere el país."
embedding_kmeans,2,3,P0268,35,II. Comportamientos críticos nocivos para el Estado > Comportamiento 3. Opacidad y distorsión de la información pública > Caso 13. Tecnologías de la Información y las Comunicaciones (TIC),1.0,"En los contratos misionales de RTVC, regidos por el derecho privado, lo decisivo no es superar el umbral del 50%: es que cada adición esté individualizada, soportada con las circunstancias de tiempo, modo y lugar y explicada frente a lo que se planeó."
embedding_kmeans,3,1,P0207,28,II. Comportamientos críticos nocivos para el Estado > Comportamiento 1. Destrucción del rigor técnico > Caso 3. Función Pública,1.0,"El servicio exterior ilustra la magnitud del fenómeno: entre agosto de 2025 y enero de 2026, la Cancillería habría suscrito cerca de 785 contratos por aproximadamente $83.742 millones, firmados antes de la entrada en vigencia de la Ley de Garantías, mientras se rebajaban los perfiles exigidos. El nombramiento de un embajador en México sin título universitario fue anulado por el Consejo de Estado, "
embedding_kmeans,3,2,P0219,29,II. Comportamientos críticos nocivos para el Estado > Comportamiento 2. Colapso de la capacidad tecnológica > Caso 5. Hacienda y Crédito Público,1.0,"Lo más grave es que esto no fue un hecho aislado: es la confirmación de un patrón. El Plan de Modernización Tecnológica, con $333.853 millones ejecutados entre 2019-2024 y un avance declarado del 95%, tampoco logró modernizar los sistemas misionales de la entidad. Es decir, el gobierno saliente reportó un éxito del 95% en papel mientras dejaba una DIAN tecnológicamente paralizada en la realidad."
embedding_kmeans,3,3,P0237,31,II. Comportamientos críticos nocivos para el Estado > Comportamiento 3. Opacidad y distorsión de la información pública > Caso 8. Agricultura y Desarrollo Rural,1.0,"La Contraloría advirtió que la ANT pagó $979.003 millones por 537 predios de la Sociedad de Activos Especiales (SAE) y que, al 22 de junio de 2026, solo tres de esos predios tenían escritura registrada a favor de la Nación. En otras palabras, el Estado pagó casi la totalidad del dinero, pero no logró consolidar la propiedad de prácticamente ninguno de los predios que compró. Las cifras que el Gobi"
embedding_kmeans,4,1,P0191,26,II. Comportamientos críticos nocivos para el Estado > Comportamiento 1. Destrucción del rigor técnico > Caso 1. Presidencia de la República,1.0,"Al 1º de julio de 2026, el Fondo mujer libre y productiva, había ejecutado cerca de $172 millones de los $55.142 millones adicionados mediante los otrosíes 7 y 8, aproximadamente el 0,3%, correspondientes a personal de apoyo, según registros presupuestales de la entidad."
embedding_kmeans,4,2,P0217,29,II. Comportamientos críticos nocivos para el Estado > Comportamiento 2. Colapso de la capacidad tecnológica > Caso 5. Hacienda y Crédito Público,1.0,DIAN paralizada : el Gobierno Petro dejó $310 mil millones en contratos tecnológicos que no funcionan y encadenó al país hasta 2028
embedding_kmeans,4,3,P0247,32,"II. Comportamientos críticos nocivos para el Estado > Comportamiento 3. Opacidad y distorsión de la información pública > Caso 10. Comercio, Industria y Turismo",1.0,"El sector tiene 11.245 contratos suscritos entre 2022 y 2026 que suman $5,81 billones y que todavía no han sido liquidados, es decir, cerrados formalmente para confirmar que se cumplieron como se pactó. Casi el 70% de ese valor, unos $4,05 billones en 1.272 contratos, está concentrado en el propio Ministerio, y su revisión uno por uno todavía está pendiente. Además, la Contraloría reportó ocho hal"
embedding_kmeans,5,1,P0188,26,II. Comportamientos críticos nocivos para el Estado > Comportamiento 1. Destrucción del rigor técnico,1.0,"Casos identificados por los equipos sectoriales (4 en total, 4 sectores): Presidencia de la República; Salud y Protección Social; Función Pública; y Minas y Energía."
embedding_kmeans,5,2,P0231,31,II. Comportamientos críticos nocivos para el Estado > Comportamiento 3. Opacidad y distorsión de la información pública,1.0,"Casos identificados por los equipos sectoriales (6 en total, 6 sectores): Agricultura y Desarrollo Rural; Hacienda y Crédito Público; Comercio, Industria y Turismo; Salud y Protección Social;"
embedding_kmeans,5,3,P0271,35,II. Comportamientos críticos nocivos para el Estado > Comportamiento 4. Parálisis operativa,1.0,"Casos identificados por los equipos sectoriales (12 en total, 12 sectores): Presidencia de la República; Educación; Transporte e Infraestructura; Ciencia, Tecnología e Innovación;"
embedding_kmeans,6,1,P0348,43,II. Comportamientos críticos nocivos para el Estado > Comportamiento 4. Parálisis operativa > Caso 24. Minas y Energía,1.0,"Según XM, el país enfrenta un déficit de energía firme del 4,4% y riesgo de déficit de po- tencia para 20262027, justo cuando se prevé El Niño con 100% de probabilidad entre junio y agosto, y 81% de que sea muy fuerte entre octubre y diciembre -posiblemente el más severo registrado-. De los 4.475 MW esperados en 2026 solo entró el 15,5%, y el 60% de pro- yectos de transmisión está atrasado. Se sum"
embedding_kmeans,6,2,P0351,43,II. Comportamientos críticos nocivos para el Estado > Comportamiento 4. Parálisis operativa > Caso 24. Minas y Energía,1.0,"Este déficit nos pone en riesgo de un apagón a finales del primer trimestre y el segundo trimestre de 2027. Los costos para la economía Colombia de materializarse este riesgo sería de 2% del PIB destruido en u periodo de 1 año, es decir 3 billones de pesos mensuales."
embedding_kmeans,6,3,P0465,57,II. Comportamientos críticos nocivos para el Estado > Comportamiento 8. Fragmentación del Estado y fracaso de la conducción estratégica > Caso 46. Minas y Energía,1.0,"La producción de petróleo tocó su nivel más bajo en cinco años y las reservas de gas cayeron 16,8% en un solo año 4"
embedding_kmeans,7,1,P0124,17,II. Comportamientos críticos nocivos para el Estado > Definición del comportamiento 02: Colapso de la capacidad tecnológica > Impacto sobre la ciudadanía,1.0,"Las personas pierden tiempo y dinero al repetir trámites, desplazarse nuevamente a las entidades o no poder acceder a servicios públicos por fallas en las plataformas digitales."
embedding_kmeans,7,2,P0132,18,II. Comportamientos críticos nocivos para el Estado > Definición del comportamiento 03: Opacidad y distorsión de la información pública > Impacto sobre la ciudadanía,1.0,Los ciudadanos reciben servicios que no responden a sus necesidades reales y tienen menos herramientas para exigir resultados y controlar el uso de los recursos públicos.
embedding_kmeans,7,3,P0140,19,II. Comportamientos críticos nocivos para el Estado > Definición del comportamiento 04: Parálisis operativa > Impacto sobre la ciudadanía,1.0,"Las familias se ven afectadas para acceder a subsidios, medicamentos, permisos y otros servicios esenciales, y asumen costos adicionales mientras el Estado no responde oportunamente."
embedding_kmeans,8,1,P0032,6,0. Preliminares > PRESENTACIÓN DEL LIBRO DE LA VERDAD > Vicepresidente de la República y Director Nacional del Empalme,1.0,"El Libro de la Verdad que el lector tiene en sus manos es el resultado de un ejercicio sin precedentes en la historia reciente del empalme presidencial: la construcción sistemática y verificable de un diagnóstico integral del Estado que recibimos, elaborado con el trabajo articulado de los equipos sectoriales, del Equipo Élite Anticorrupción y de cada uno de los Ministros de este Gobierno, bajo la"
embedding_kmeans,8,2,P0055,9,I. Proceso metodológico del empalme > Gente: La voluntad ciudadana que sostuvo el empalme,1.0,[1] La información presentada en este capítulo recoge y cita apartados de las Metodologías Operativa y Estratégica que orientaron el Empalme Anticorrupción 2026.
embedding_kmeans,8,3,P0195,26,II. Comportamientos críticos nocivos para el Estado > Comportamiento 1. Destrucción del rigor técnico > Caso 1. Presidencia de la República,1.0,"Intervención del despacho vicepresidencial sobre un proceso técnico. Tras la renuncia de las coordinadoras de Autonomía Económica y Desarrollo Empresarial, un proceso de selección con 422 postulaciones fue detenido el 24 de abril de 2026. De acuerdo con reporte de la Dirección Ejecutiva de la entidad, el proceso fue detenido por una instrucción del despacho vicepresidencial, dejando los cargos en "
embedding_kmeans,9,1,P0202,27,II. Comportamientos críticos nocivos para el Estado > Comportamiento 1. Destrucción del rigor técnico > Caso 2. Salud y Protección Social,1.0,"Esta improvisación no ocurre en el vacío: mientras el Ministerio anunciaba compromisos billonarios sin planeación, el sistema de salud acumulaba retrasos en la prestación de servicios, incumplimientos en la entrega de medicamentos y pasivos crecientes sin pagar a las EPS. La pregunta que le queda al país es simple: ¿por qué había plata y prisa para comprometer $2,2 billones en obras sin estudios, "
embedding_kmeans,9,2,P0220,29,II. Comportamientos críticos nocivos para el Estado > Comportamiento 2. Colapso de la capacidad tecnológica > Caso 5. Hacienda y Crédito Público,1.0,"Las consecuencias las paga directamente el ciudadano y el Estado. La DIAN es la entidad que recauda los impuestos con los que se financian hospitales, escuelas y vías. Con sistemas que fallan, se interrumpen devoluciones de impuestos a empresas, se traban los trámites aduaneros y se debilita la persecución a los evasores. El nuevo gobierno recibe una entidad maniatada en modernización tecnológica "
embedding_kmeans,9,3,P0234,31,II. Comportamientos críticos nocivos para el Estado > Comportamiento 3. Opacidad y distorsión de la información pública > Caso 8. Agricultura y Desarrollo Rural,1.0,El engaño de la reforma agraria: Gobierno saliente entregó tierras sin títulos y pagó casi un billón de pesos por predios que el Estado ni siquiera logró registrar.
embedding_kmeans,10,1,P0036,6,0. Preliminares > PRESENTACIÓN DEL LIBRO DE LA VERDAD > Vicepresidente de la República y Director Nacional del Empalme,1.0,"Abre con la introducción metodológica, que explica cómo se validó cada dato y bajo qué estándares se construyó este ejercicio. Continúa con los nueve comportamientos que pusieron en riesgo la estabilidad de la función pública, un capítulo construido sobre 126 casos recibidos y priorizados, con el mismo rigor, para seleccionar finalmente 59 casos. Profundiza luego en los hallazgos en materia de cor"
embedding_kmeans,10,2,P0039,7,0. Preliminares > PRESENTACIÓN DEL LIBRO DE LA VERDAD > Vicepresidente de la República y Director Nacional del Empalme,1.0,"semanas de validación cruzada con fuentes independientes, de sostener un estándar de calidad exigente antes de consolidar cada capítulo, de resolver caso por caso qué información entraba al cuerpo público del Libro y cuál debía manejarse bajo reserva. Ese rigor técnico no fue un fin en sí mismo. Fue el instrumento para algo más grande: que el primer acto de este Gobierno no fuera una promesa, sino"
embedding_kmeans,10,3,P0056,10,I. Proceso metodológico del empalme > Gente: La voluntad ciudadana que sostuvo el empalme,1.0,"Dirección del Empalme, a cargo de dirigir, priorizar, articular, decidir y comunicar siguiendo los lineamientos del Presidente electo, e integrar los resultados en el producto final."
embedding_kmeans,11,1,P0019,5,0. Preliminares > Carta de Presentación A los colombianos:,1.0,"Presidente de la República de Colombia Gobernar exige mirar hacia el porvenir. Pero ningún país puede construir seriamente su futuro si adopta la equivocada decisión de cerrar los ojos frente a los hechos que comprometieron las finanzas de sus instituciones, sus recursos públicos y la confianza de sus ciudadanos."
embedding_kmeans,11,2,P0021,5,0. Preliminares > Carta de Presentación A los colombianos:,1.0,"Su propósito no es el de sustituir a la justicia, anticipar responsabilidades ni convertir los hallazgos en condenas. Esa es una tarea que le corresponde exclusivamente a las autoridades competentes, con pleno respeto por el debido proceso."
embedding_kmeans,11,3,P0022,5,0. Preliminares > Carta de Presentación A los colombianos:,1.0,"Gobernar implica ejercer una celosa custodia sobre todos los bienes de la República. Por eso, cuando aparecen hechos que pueden haber lesionado el patrimonio público oquebrantado la rectitud institucional, corresponde al Jefe de Estado asegurar que aquellos sean conocidos por las autoridades competentes para que sean examinados con absoluta rigurosidad."
embedding_kmeans,12,1,P0020,5,0. Preliminares > Carta de Presentación A los colombianos:,1.0,Este «Libro de la Verdad» recoge una parte sustancial de la información identificada durante el proceso de transición y en las primeras revisiones adelantadas por el nuevo Gobierno.
embedding_kmeans,12,2,P0053,9,I. Proceso metodológico del empalme > Gente: La voluntad ciudadana que sostuvo el empalme,1.0,"Durante los meses previos a la posesión presidencial, 753 personas voluntarias venían trabajando en la construcción de las bases del proceso, en lo que los propios documentos del Empalme denominan, con evidente carga simbólica, “el Arca de Noé”: una plataforma de trabajo colectivo que reunió, sin remuneración ni promesa de cargo en el nuevo Gobierno, a expertos de todas las regiones del país. El d"
embedding_kmeans,12,3,P0061,10,I. Proceso metodológico del empalme > Gente: La voluntad ciudadana que sostuvo el empalme,1.0,"Equipo Élite Anticorrupción, de carácter técnico especializado, encargado de actuar ante indicios de sabotaje informático, actos de corrupción, destrucción de información, adjudicaciones irregulares, desvío de recursos y nóminas paralelas."
