chapter,level2,page_start,page_end,words,paragraphs
0. Preliminares,Contenido,3,3,36,5
0. Preliminares,Carta de Presentación A los colombianos:,5,5,443,12
0. Preliminares,PRESENTACIÓN DEL LIBRO DE LA VERDAD,6,7,691,11
I. Proceso metodológico del empalme,Portadilla del capítulo,8,8,80,1
I. Proceso metodológico del empalme,Introducción del capítulo,9,9,161,2
I. Proceso metodológico del empalme,Gente: La voluntad ciudadana que sostuvo el empalme,9,10,476,12
I. Proceso metodológico del empalme,Tecnología: La inteligencia artificial como garantía de escala y rigor,10,11,258,3
I. Proceso metodológico del empalme,Proceso: La arquitectura metodológica,11,12,385,5
I. Proceso metodológico del empalme,Notas aclaratorias: Los límites que le dan credibilidad al ejercicio,12,12,176,6
II. Comportamientos críticos nocivos para el Estado,Introducción del capítulo,14,14,197,3
II. Comportamientos críticos nocivos para el Estado,Figura 1. Nueve actuaciones que han puesto en riesgo la estabilidad de la función pública,14,14,15,1
II. Comportamientos críticos nocivos para el Estado,9 comportamientos críticos,15,15,70,1
II. Comportamientos críticos nocivos para el Estado,Definición del comportamiento 01: Destrucción del rigor técnico,16,16,85,3
II. Comportamientos críticos nocivos para el Estado,Definición del comportamiento 02: Colapso de la capacidad tecnológica,17,17,116,3
II. Comportamientos críticos nocivos para el Estado,Definición del comportamiento 03: Opacidad y distorsión de la información pública,18,18,108,3
II. Comportamientos críticos nocivos para el Estado,Definición del comportamiento 04: Parálisis operativa,19,19,95,3
II. Comportamientos críticos nocivos para el Estado,Definición del comportamiento 05: Captura contractual y concentración del poder operativo,20,20,82,3
II. Comportamientos críticos nocivos para el Estado,Definición del comportamiento 06: Expansión del riesgo litigioso,21,21,99,3
II. Comportamientos críticos nocivos para el Estado,Definición del comportamiento 07: Pérdida de control territorial frente a economías criminales,22,22,116,3
II. Comportamientos críticos nocivos para el Estado,Definición del comportamiento 08: Fragmentación del Estado y fracaso de la conducción estratégica,23,23,161,3
II. Comportamientos críticos nocivos para el Estado,Definición del comportamiento 09: Capacidad fiscal restringida (comportamiento transversal),24,24,185,4
II. Comportamientos críticos nocivos para el Estado,Figura 2. Top 10 de casos que pusieron en riesgo la gestión pública,25,26,40,2
II. Comportamientos críticos nocivos para el Estado,Comportamiento 1. Destrucción del rigor técnico,26,29,1472,21
II. Comportamientos críticos nocivos para el Estado,Comportamiento 2. Colapso de la capacidad tecnológica,29,31,839,13
II. Comportamientos críticos nocivos para el Estado,Comportamiento 3. Opacidad y distorsión de la información pública,31,35,1950,33
II. Comportamientos críticos nocivos para el Estado,Comportamiento 4. Parálisis operativa,35,44,4089,74
II. Comportamientos críticos nocivos para el Estado,Comportamiento 5. Captura contractual y concentración del poder operativo,44,49,2349,35
II. Comportamientos críticos nocivos para el Estado,Comportamiento 6. Expansión del riesgo litigioso,50,54,2082,30
II. Comportamientos críticos nocivos para el Estado,Comportamiento 7. Pérdida de control territorial frente a economías criminales,54,56,1330,17
II. Comportamientos críticos nocivos para el Estado,Comportamiento 8. Fragmentación del Estado y fracaso de la conducción estratégica,57,61,2341,34
II. Comportamientos críticos nocivos para el Estado,Comportamiento 9. Capacidad fiscal restringida (comportamiento transversal),62,65,1785,29
III. Hallazgos en materia de corrupción y balance de acciones,Introducción del capítulo,67,67,248,4
III. Hallazgos en materia de corrupción y balance de acciones,Caso 1. ESSMAR E.S.P.,67,68,309,5
III. Hallazgos en materia de corrupción y balance de acciones,Caso 2. DAPRE,68,68,235,4
III. Hallazgos en materia de corrupción y balance de acciones,"Caso 3. OCAD de ciencia, tecnología e innovación",69,69,219,5
III. Hallazgos en materia de corrupción y balance de acciones,Caso 4. CENIT,69,70,341,6
III. Hallazgos en materia de corrupción y balance de acciones,Caso 5. FENOGE,70,70,278,5
III. Hallazgos en materia de corrupción y balance de acciones,Caso 6. Electrohuila,71,71,260,6
III. Hallazgos en materia de corrupción y balance de acciones,Caso 7. Páramo de Santurbán,71,72,209,5
III. Hallazgos en materia de corrupción y balance de acciones,Caso 8. Reforma agraria,72,72,240,4
III. Hallazgos en materia de corrupción y balance de acciones,Caso 9. Caminos comunitarios para la paz,72,73,166,4
III. Hallazgos en materia de corrupción y balance de acciones,Caso 10. Servicios de ciberseguridad,73,73,190,5
III. Hallazgos en materia de corrupción y balance de acciones,Caso 11. Unidad Nacional de Protección (UNP),73,74,231,5
III. Hallazgos en materia de corrupción y balance de acciones,Caso 12. FONTUR,74,74,173,4
III. Hallazgos en materia de corrupción y balance de acciones,"Caso 13. Acuerdo marco para el suministro, adquisición y dispensación de medicamentos II — $3 billones en juego",74,74,112,3
III. Hallazgos en materia de corrupción y balance de acciones,Caso 14. CODALTEC,75,75,158,4
III. Hallazgos en materia de corrupción y balance de acciones,Caso 15. C.I. MEPRECOL S.A.S.,75,76,262,5
III. Hallazgos en materia de corrupción y balance de acciones,Caso 16. Canal Trece,76,76,255,6
III. Hallazgos en materia de corrupción y balance de acciones,Caso 17. ICBF,76,77,220,5
III. Hallazgos en materia de corrupción y balance de acciones,Caso 18. Agencia Nacional de Defensa Jurídica del Estado (ANDJE) — 48 procesos contractuales bajo vigilancia,77,77,87,2
III. Hallazgos en materia de corrupción y balance de acciones,Caso 19. Hospital San Juan de Dios,77,77,177,4
III. Hallazgos en materia de corrupción y balance de acciones,Caso 20. Cancillería,77,78,194,4
III. Hallazgos en materia de corrupción y balance de acciones,Caso 21. ASOMUFFAA,78,78,160,4
III. Hallazgos en materia de corrupción y balance de acciones,Caso 22. FONIGUALDAD,78,79,163,4
III. Hallazgos en materia de corrupción y balance de acciones,Caso 23. Agencia de Desarrollo Rural (ADR),79,79,154,4
IV. Balance sectorial,Sector Agricultura y desarrollo Rural,81,83,937,17
IV. Balance sectorial,Sector Ambiente y Desarrollo Rural,84,85,701,11
IV. Balance sectorial,"Sector Ciencia, Tecnología e Innovación",86,87,741,10
IV. Balance sectorial,"Sector Comercio, Industria y Turismo",88,89,723,14
IV. Balance sectorial,Sector Cultura,90,91,848,13
IV. Balance sectorial,Sector Defensa Nacional,92,94,1071,12
IV. Balance sectorial,Sector Deporte,95,96,775,14
IV. Balance sectorial,Sector Educación Nacional,97,99,1078,16
IV. Balance sectorial,Sector Hacienda y Crédito Público,100,101,733,12
IV. Balance sectorial,Sector Inclusión Social y Reconciliación,102,103,940,16
IV. Balance sectorial,Sector Interior,104,105,565,7
IV. Balance sectorial,Sector Justicia y del Derecho,106,107,666,13
IV. Balance sectorial,Sector Minas y Energía,108,112,1946,43
IV. Balance sectorial,Sector Presidencia de la República,113,114,893,14
IV. Balance sectorial,Sector Relaciones Exteriores,115,116,707,11
IV. Balance sectorial,Sector Salud y Protección Social,117,119,1094,13
IV. Balance sectorial,Sector Tecnologías de la Información y las Comunicaciones,120,122,1070,20
IV. Balance sectorial,Sector Trabajo,123,125,1081,15
IV. Balance sectorial,Sector Transporte,126,127,453,11
IV. Balance sectorial,"Sector Vivienda, Ciudad y Territorio",128,130,965,18
V. Principios de Gobierno de la Patria Milagro,Introducción del capítulo,132,132,188,2
V. Principios de Gobierno de la Patria Milagro,De los valores presidenciales a los principios de gobierno,132,132,241,3
V. Principios de Gobierno de la Patria Milagro,Los principios rectores frente a los comportamientos críticos,133,134,499,17
V. Principios de Gobierno de la Patria Milagro,Síntesis: un gobierno que corrige desde sus principios,134,134,187,4
V. Principios de Gobierno de la Patria Milagro,Firmas,135,135,12,2
