source_id,url,downloaded_at,result,sha256,bytes,pages,pdf_creation_date,pdf_mod_date,usable,exclusion_reason
H01,https://www1.funcionpublica.gov.co/documents/418537/34378878/2018-08-06_Informe_empalme_2014_2018.pdf/c9315d09-998c-2a78-d0b5-e77f61ac5667,2026-09-30T04:35:16+00:00,ok (curl; urllib failed: URLError),3c6110795091265c1189faadf658c45010a296eb824c4ade0fddc655671ccbe8,7555550.0,182.0,2018-08-14,2018-08-14,True,
H02,https://minvivienda.gov.co/sites/default/files/2020-07/2018.pdf,2026-09-30T04:35:22+00:00,ok (urllib),c8a22f7310155edd552daf096d5b3d7bb1de4e620aad7f39878514366cd3c5ed,1400366.0,72.0,2019-02-08,2019-02-08,True,
H03,https://www.icbf.gov.co/sites/default/files/informepresidente2015.pdf,2026-09-30T04:35:25+00:00,ok (urllib),62de714c7edbafa6470ae951311a8ab12e23455b62e36362b95d1110af7ed65a,5463099.0,140.0,2015-07-20,2015-07-21,True,
H04,https://www.icbf.gov.co/sites/default/files/informe_congreso_presidente_2016.pdf,2026-09-30T04:35:30+00:00,ok (urllib),fe87c6eb7fec48be9b2cd822b65ad228f406be3916d4de996bc616b9c6b3bdef,7973182.0,151.0,,,True,
H05,https://www.icbf.gov.co/sites/default/files/informe_al_congreso_presidencia_2017_baja_f.pdf,2026-09-30T04:35:34+00:00,ok (urllib),588f0b7722b84170476ae7970260331fbfff47eaa47d36335afa0186d09ce437,5147705.0,184.0,2017-07-14,2017-07-21,True,
H06,https://www.icbf.gov.co/sites/default/files/informe_al_congreso_presidencia_2018_vf_.pdf,2026-09-30T04:35:37+00:00,ok (urllib),bc086c618ddb762ff2549c3f9bf97474c25121116a16e7a6c67046873ffb053c,5875862.0,214.0,2018-07-18,2022-06-09,True,
H07,https://ambitojuridico.com/sites/default/files/2022-06/%28INFORME-EMPALME-INTERIOR%29.pdf,2026-09-30T04:35:41+00:00,ok (urllib),655ae9b9e32b769cbadc010c45e4fa93f0a7dfa615bfef3ba9b2759c0f09aa54,9436082.0,85.0,2022-06-16,2022-06-16,True,
H08,https://ambitojuridico.com/sites/default/files/2022-06/%28INFORME-EMPALME-COMERCIO%29.pdf,2026-09-30T04:35:45+00:00,ok (urllib),56abb2a415d4b896c43716466b695ed9bb8747f2597356ffe470760658ea6915,9406517.0,97.0,2022-06-08,2022-06-15,True,
H09,https://ambitojuridico.com/sites/default/files/2022-06/%28INFORME-EMPALME-TRABAJO%29.pdf,2026-09-30T04:35:48+00:00,ok (urllib),ecade2cde6d5e0f36213c7942959b969dc452c06afa21dfa63261e30b023bc1b,2369877.0,93.0,2022-06-12,2022-06-16,True,
H10,https://ambitojuridico.com/sites/default/files/2022-06/%28INFORME-EMPALME-HACIENDA%29.pdf,2026-09-30T04:35:50+00:00,ok (urllib),c5abbab91bccf201317b737ede49d6ac1fee48eab38200dbd1abb76feaa4e8fd,3829161.0,69.0,2022-06-16,2022-06-16,True,
H11,https://www.ambitojuridico.com/sites/default/files/2022-07/%28INFORME-EMPALME-SALUD%29.pdf,2026-09-30T04:35:53+00:00,ok (urllib),217ab0926d4b77850d63a6bb609a9dc2a16906433422c56396d8848a05dfd0dd,6357615.0,85.0,2022-06-07,2022-06-15,True,
H12,https://www.ambitojuridico.com/sites/default/files/2022-06/%28INFORME-EMPALME-FUNCIONPUBLICA%29.pdf,2026-09-30T04:35:55+00:00,ok (urllib),bce3862a3e71b32ecc1d2771ba71ec157aef5f870e67389b4d35fcb7a6d4c455,3440477.0,73.0,2022-06-11,2022-06-15,True,
H13,https://www.centrodemocratico.com/wp-content/uploads/2022/08/dapre.pdf,2026-09-30T04:35:56+00:00,failed: urllib HTTPError; curl 56 curl: (56) The requested URL returned error: 403,,,,,,False,download failed
H14,https://www.centrodemocratico.com/wp-content/uploads/2022/08/mintransporte.pdf,2026-09-30T04:35:57+00:00,failed: urllib HTTPError; curl 56 curl: (56) The requested URL returned error: 403,,,,,,False,download failed
H15,https://www.centrodemocratico.com/wp-content/uploads/2022/08/minjusticia.pdf,2026-09-30T04:35:57+00:00,failed: urllib HTTPError; curl 56 curl: (56) The requested URL returned error: 403,,,,,,False,download failed
H16,https://www.mineducacion.gov.co/1780/articles-411409_recurso_00.pdf,2026-09-30T04:35:57+00:00,failed: urllib URLError; curl 35 curl: (35) Recv failure: Connection reset by peer,,,,,,False,download failed
