claim_id,source_id,source_name,source_url,source_type,publication_date,access_date,evidence_excerpt,supports,contradicts,contextualises,reliability_notes
C0303,S001,DANE,https://www.dane.gov.co/files/operaciones/GEIH/bol-GEIHEISS-oct-dic2025.pdf,official_statistical_publication,2026-02-12,2026-09-28,DANE: national share of informal employed persons was 55.7% for the year 2025 and for Oct-Dec 2025 (paraphrase).,True,False,False,Primary official statistic (GEIH).
C0303,S001,DANE,https://www.dane.gov.co/files/operaciones/GEIH/bol-GEIHEISS-oct-dic2025.pdf,official_statistical_publication,2026-02-12,2026-09-28,DANE: the annual 2025 rate (55.7%) was 0.2 points below 2024 (55.9%); Oct-Dec 2025 equal to Oct-Dec 2024 (paraphrase).,False,False,True,"'Llegó al 55,7%' can read as a rise; the series was flat to slightly lower."
C0303,S002,Portafolio,https://www.portafolio.co/economia/empleo/la-informalidad-laboral-cerro-2025-en-55-7-y-confirma-un-estancamiento-en-la-calidad-del-empleo-488295,reputable_journalism,2026-02-13,2026-09-28,Portafolio reports DANE's 2025 informality at 55.7% vs 55.9% in 2024 (paraphrase).,True,False,True,Same origin as S001.
C0465,S003,DIAN,https://www.dian.gov.co/atencionciudadano/Documents/Informe-de-Gestion-DIAN-2025-30012026.pdf,legislation_or_official_document,2026-01-30,2026-09-28,DIAN management report: 2025 gross collection $296.0 billones (96.9% of a $305.5 billones goal); net collection $270.4 billones (paraphrase).,False,True,True,Primary official document. Report's $294.5 billones is $1.5 billones (0.5%) below DIAN's published figure; source of the report's figure not stated.
C0465,S004,La República,https://www.larepublica.co/economia/recaudo-tributario-cerro-2025-en-296-billones-9-4-billones-abajo-de-meta-de-la-dian-4312267,reputable_journalism,,2026-09-28,"La República: 2025 tax collection closed at $296 billones, $9.4 billones below goal (headline).",False,True,True,Same origin as S003.
C0312,S005,Portafolio,https://www.portafolio.co/economia/gobierno/previo-al-inicio-de-la-ley-de-garantias-se-firmaron-521-269-contratos-directos-por-un-total-de-32-88-billones-488177,reputable_journalism,2026-02-12,2026-09-28,"CGR summary of SECOP direct contracting 1-30 Jan 2026: 521,269 contracts for $32.88 billones; national level 164,813 contracts for $14.86 billones (paraphrase).",True,False,False,Journalism reproducing CGR; CGR primary text not retrieved.
C0312,S006,El Espectador,https://www.elespectador.com/economia/contraloria-detecto-fuerte-aumento-de-contratos-previos-a-la-ley-de-garantias/,reputable_journalism,2026-02-12,2026-09-28,"Same CGR data: 96.2% of contracts (501,423) were service-provision contracts; vs same period 2022, contracts +5.2% and value +30.4%; alert reported 12 Feb 2026 (paraphrase).",True,False,True,Same origin as S005. Report dates the alert to 'enero de 2026'; public reports are dated 12 Feb 2026 about January contracts. Pre-electoral surges also occurred in 2022.
C0280,S007,Diario Financiero (DF SUD),https://www.df.cl/colombia/inversion-en-exploracion-y-produccion-de-petroleo-y-gas-en-colombia,reputable_journalism,2025-05-29,2026-09-28,"ACP: total E&P investment in 2024 was USD 4,330 million; 2025 projected USD 4,680 million (paraphrase).",True,False,False,"Industry-association figure via journalism; 2014 baseline (USD 8,390 million) not located in retrieved sources."
C0280,S008,El Colombiano,https://www.elcolombiano.com/negocios/inversion-petrolera-en-colombia-2022-de-us-4400-millones-segun-acp-ja16436078,reputable_journalism,2022-01-26,2026-09-28,ACP (Jan 2022): 2022 E&P investment projected at USD 4.4 billion; 2021 about USD 3.1 billion (exploration 0.52 + production ~2.57) (paraphrase).,False,False,True,Most of the 2014-2024 decline had occurred before Aug 2022; 2014 was the last year of the commodity price peak (base effect).
C0463,S009,Portafolio,https://www.portafolio.co/economia/gobierno/contraloria-advierte-deterioro-en-financiacion-tras-emision-de-tes-y-hacen-alerta-disciplinaria-al-minhacienda-494274,reputable_journalism,2026-05-19,2026-09-28,"CGR: Resolución 0946 (5 May 2026) raised TES over-adjudication from 50% to 100%; short-term TES rates near 15%; maturities concentrated in 2026, 2029 and 2030 (paraphrase).",True,False,False,Journalism reproducing CGR follow-up to a fiscal warning.
C0463,S010,Infobae,https://www.infobae.com/colombia/2026/05/19/contraloria-abrio-observacion-disciplinaria-contra-el-ministro-de-hacienda-y-alerto-por-aumento-del-costo-de-la-deuda-publica/,reputable_journalism,2026-05-19,2026-09-28,CGR opened a disciplinary observation (14 May 2026) after following up a fiscal warning and the 2025 financial audit; no mention found of 'concentration in few holders' or 'highest in recent history' (paraphrase).,False,False,True,Same origin as S009. Two sub-claims remain unverified.
C0184,S011,Cambio,https://cambiocolombia.com/puntos-de-vista/articulo/2026/7/la-sentencia-que-ordeno-proteger-a-los-ninos-de-la-guajira-y-termino-como-sombrilla-para-contratar-178-billones-en-el-gobierno-petro,commentary,2026-07-15,2026-09-28,"Cambio column: 1,085 contracts for $1.78 billones citing T-302 between 7 Aug 2022 and 9 Jul 2026; 6 for $463 millones in 2022 and 332 for ~$557 mil millones in 2026; 94.3% via ICBF Regional La Guajira; SECOP data (paraphrase).",True,False,True,"Figures match the cited source. Source is an opinion-section piece, not an audited dataset; SECOP reconstruction pending."
C0127,S012,Invías,https://www.invias.gov.co/publicaciones/9453/invias-ratifica-la-solidez-tecnica-y-eficiencia-de-caminos-comunitarios-la-ejecucion-fisica-supera-la-inversion-presupuestal/,legislation_or_official_document,2026-03-27,2026-09-28,"Invías (27 Mar 2026): 33,102 km goal is long-term and conditional on budget; 3,876 km (11.71% of goal) with 8.4% of projected resources; 2,415 agreements signed since 2023 (paraphrase).",True,False,True,Official statement of the programme being assessed.
C0127,S013,Semana,https://www.semana.com/vehiculos/articulo/invias-anuncia-avances-del-8849-en-caminos-comunitarios-de-la-paz-total/202620/,reputable_journalism,2026-07-15,2026-09-28,"Invías via Semana (28 Jun 2026): 4,087 km intervened; 2,048 projects completed and 253 ongoing; 88.49% physical progress of projects; over $685,846 millones invested (paraphrase).",True,False,True,"4,087/33,102 = 12.35%, matching the report. Convenio count/value differ from the report (2,354; ~$714,000 millones)."
C0127,S014,El Espectador,https://www.elespectador.com/economia/caminos-comunitarios-deja-4087-km-de-33000-prometidas-este-es-el-balance-del-programa/,reputable_journalism,2026-07-17,2026-09-28,"El Espectador: 4,087 km of ~33,000 promised; CGR observations on SECOP publication and supervision (paraphrase).",True,False,False,Journalism using Invías data.
C0108,S015,El Tiempo (Datos),https://www.eltiempo.com/datos/gestion-de-riesgo-otra-entidad-con-casi-nula-ejecucion-de-su-presupuesto-3338454,reputable_journalism,2024-04-29,2026-09-28,MinHacienda transparency-portal data: UNGRD 2023 commitments 99.91% but obligations 5.77% of a $2.263 billones appropriation; largest line (transfer to FNGRD) shows 0% obligations (paraphrase).,True,False,True,Independent of the report and prior to it. Matches the report's 5.8% for 2023. Execution rate depends on the metric (commitments vs obligations/payments) and on FNGRD transfer accounting.
C0002,S000,Gobierno de Colombia — Comité Nacional del Empalme Anticorrupción,,audited_document,,2026-09-28,"Sentence expresses a collective feeling and moral characterisation ('zaherida', 'desgreño', 'altanera corrupción') of the previous government (paraphrase).",False,False,True,Evaluative language; not a checkable factual proposition.
C0004,S000,Gobierno de Colombia — Comité Nacional del Empalme Anticorrupción,,audited_document,,2026-09-28,"Sentence asserts that outgoing officials placed obstacles to information access, without cases, dates or documents in the passage (paraphrase).",False,False,True,Would require internal records of the transition not available publicly.
