chapter,level2,page_start,page_end,n_paragraphs,n_words
0. Preliminares,Cubierta / página sin capa de texto,1,4,3,22
0. Preliminares,Contenido,3,3,5,36
0. Preliminares,Carta de Presentación A los colombianos:,5,5,12,443
0. Preliminares,PRESENTACIÓN DEL LIBRO DE LA VERDAD,6,7,11,691
I. Proceso metodológico del empalme,Portadilla del capítulo,8,8,2,86
I. Proceso metodológico del empalme,Introducción del capítulo,9,9,2,161
I. Proceso metodológico del empalme,Gente: La voluntad ciudadana que sostuvo el empalme,9,10,12,476
I. Proceso metodológico del empalme,Tecnología: La inteligencia artificial como garantía de escala y rigor,10,11,3,258
I. Proceso metodológico del empalme,Proceso: La arquitectura metodológica,11,12,5,385
I. Proceso metodológico del empalme,Notas aclaratorias: Los límites que le dan credibilidad al ejercicio,12,12,6,176
II. Comportamientos críticos nocivos para el Estado,Portadilla del capítulo,13,13,2,8
II. Comportamientos críticos nocivos para el Estado,Introducción del capítulo,14,14,3,197
II. Comportamientos críticos nocivos para el Estado,Figura 1. Nueve actuaciones que han puesto en riesgo la estabilidad de la función pública,14,14,2,239
II. Comportamientos críticos nocivos para el Estado,9 comportamientos críticos,15,15,1,70
II. Comportamientos críticos nocivos para el Estado,Definición del comportamiento 01: Destrucción del rigor técnico,16,16,3,85
II. Comportamientos críticos nocivos para el Estado,Definición del comportamiento 02: Colapso de la capacidad tecnológica,17,17,3,116
II. Comportamientos críticos nocivos para el Estado,Definición del comportamiento 03: Opacidad y distorsión de la información pública,18,18,3,108
II. Comportamientos críticos nocivos para el Estado,Definición del comportamiento 04: Parálisis operativa,19,19,3,95
II. Comportamientos críticos nocivos para el Estado,Definición del comportamiento 05: Captura contractual y concentración del poder operativo,20,20,3,82
II. Comportamientos críticos nocivos para el Estado,Definición del comportamiento 06: Expansión del riesgo litigioso,21,21,3,99
II. Comportamientos críticos nocivos para el Estado,Definición del comportamiento 07: Pérdida de control territorial frente a economías criminales,22,22,3,116
II. Comportamientos críticos nocivos para el Estado,Definición del comportamiento 08: Fragmentación del Estado y fracaso de la conducción estratégica,23,23,3,161
II. Comportamientos críticos nocivos para el Estado,Definición del comportamiento 09: Capacidad fiscal restringida (comportamiento transversal),24,24,4,185
II. Comportamientos críticos nocivos para el Estado,Figura 2. Top 10 de casos que pusieron en riesgo la gestión pública,25,26,3,555
II. Comportamientos críticos nocivos para el Estado,Comportamiento 1. Destrucción del rigor técnico,26,29,21,1472
II. Comportamientos críticos nocivos para el Estado,Comportamiento 2. Colapso de la capacidad tecnológica,29,31,13,839
II. Comportamientos críticos nocivos para el Estado,Comportamiento 3. Opacidad y distorsión de la información pública,31,35,33,1950
II. Comportamientos críticos nocivos para el Estado,Comportamiento 4. Parálisis operativa,35,44,74,4089
II. Comportamientos críticos nocivos para el Estado,Comportamiento 5. Captura contractual y concentración del poder operativo,44,49,35,2349
II. Comportamientos críticos nocivos para el Estado,Comportamiento 6. Expansión del riesgo litigioso,50,54,30,2082
II. Comportamientos críticos nocivos para el Estado,Comportamiento 7. Pérdida de control territorial frente a economías criminales,54,56,17,1330
II. Comportamientos críticos nocivos para el Estado,Comportamiento 8. Fragmentación del Estado y fracaso de la conducción estratégica,57,61,34,2341
II. Comportamientos críticos nocivos para el Estado,Comportamiento 9. Capacidad fiscal restringida (comportamiento transversal),62,65,29,1785
III. Hallazgos en materia de corrupción y balance de acciones,Portadilla del capítulo,66,66,2,8
III. Hallazgos en materia de corrupción y balance de acciones,Introducción del capítulo,67,67,4,248
III. Hallazgos en materia de corrupción y balance de acciones,Caso 1. ESSMAR E.S.P.,67,68,5,309
III. Hallazgos en materia de corrupción y balance de acciones,Caso 2. DAPRE,68,68,4,235
III. Hallazgos en materia de corrupción y balance de acciones,"Caso 3. OCAD de ciencia, tecnología e innovación",69,69,5,219
III. Hallazgos en materia de corrupción y balance de acciones,Caso 4. CENIT,69,70,6,341
III. Hallazgos en materia de corrupción y balance de acciones,Caso 5. FENOGE,70,70,5,278
III. Hallazgos en materia de corrupción y balance de acciones,Caso 6. Electrohuila,71,71,6,260
III. Hallazgos en materia de corrupción y balance de acciones,Caso 7. Páramo de Santurbán,71,72,5,209
III. Hallazgos en materia de corrupción y balance de acciones,Caso 8. Reforma agraria,72,72,4,240
III. Hallazgos en materia de corrupción y balance de acciones,Caso 9. Caminos comunitarios para la paz,72,73,4,166
III. Hallazgos en materia de corrupción y balance de acciones,Caso 10. Servicios de ciberseguridad,73,73,5,190
III. Hallazgos en materia de corrupción y balance de acciones,Caso 11. Unidad Nacional de Protección (UNP),73,74,5,231
III. Hallazgos en materia de corrupción y balance de acciones,Caso 12. FONTUR,74,74,4,173
III. Hallazgos en materia de corrupción y balance de acciones,"Caso 13. Acuerdo marco para el suministro, adquisición y dispensación de medicamentos II — $3 billones en juego",74,74,3,112
III. Hallazgos en materia de corrupción y balance de acciones,Caso 14. CODALTEC,75,75,4,158
III. Hallazgos en materia de corrupción y balance de acciones,Caso 15. C.I. MEPRECOL S.A.S.,75,76,5,262
III. Hallazgos en materia de corrupción y balance de acciones,Caso 16. Canal Trece,76,76,6,255
III. Hallazgos en materia de corrupción y balance de acciones,Caso 17. ICBF,76,77,5,220
III. Hallazgos en materia de corrupción y balance de acciones,Caso 18. Agencia Nacional de Defensa Jurídica del Estado (ANDJE) — 48 procesos contractuales bajo vigilancia,77,77,2,87
III. Hallazgos en materia de corrupción y balance de acciones,Caso 19. Hospital San Juan de Dios,77,77,4,177
III. Hallazgos en materia de corrupción y balance de acciones,Caso 20. Cancillería,77,78,4,194
III. Hallazgos en materia de corrupción y balance de acciones,Caso 21. ASOMUFFAA,78,78,4,160
III. Hallazgos en materia de corrupción y balance de acciones,Caso 22. FONIGUALDAD,78,79,4,163
III. Hallazgos en materia de corrupción y balance de acciones,Caso 23. Agencia de Desarrollo Rural (ADR),79,79,4,154
IV. Balance sectorial,Portadilla del capítulo,80,80,2,8
IV. Balance sectorial,Sector Agricultura y desarrollo Rural,81,83,17,937
IV. Balance sectorial,Sector Ambiente y Desarrollo Rural,84,85,11,701
IV. Balance sectorial,"Sector Ciencia, Tecnología e Innovación",86,87,10,741
IV. Balance sectorial,"Sector Comercio, Industria y Turismo",88,89,14,723
IV. Balance sectorial,Sector Cultura,90,91,13,848
IV. Balance sectorial,Sector Defensa Nacional,92,94,12,1071
IV. Balance sectorial,Sector Deporte,95,96,14,775
IV. Balance sectorial,Sector Educación Nacional,97,99,16,1078
IV. Balance sectorial,Sector Hacienda y Crédito Público,100,101,12,733
IV. Balance sectorial,Sector Inclusión Social y Reconciliación,102,103,16,940
IV. Balance sectorial,Sector Interior,104,105,7,565
IV. Balance sectorial,Sector Justicia y del Derecho,106,107,13,666
IV. Balance sectorial,Sector Minas y Energía,108,112,43,1946
IV. Balance sectorial,Sector Presidencia de la República,113,114,14,893
IV. Balance sectorial,Sector Relaciones Exteriores,115,116,11,707
IV. Balance sectorial,Sector Salud y Protección Social,117,119,13,1094
IV. Balance sectorial,Sector Tecnologías de la Información y las Comunicaciones,120,122,20,1070
IV. Balance sectorial,Sector Trabajo,123,125,15,1081
IV. Balance sectorial,Sector Transporte,126,127,11,453
IV. Balance sectorial,"Sector Vivienda, Ciudad y Territorio",128,130,18,965
V. Principios de Gobierno de la Patria Milagro,Portadilla del capítulo,131,131,2,8
V. Principios de Gobierno de la Patria Milagro,Introducción del capítulo,132,132,2,188
V. Principios de Gobierno de la Patria Milagro,De los valores presidenciales a los principios de gobierno,132,132,3,241
V. Principios de Gobierno de la Patria Milagro,Los principios rectores frente a los comportamientos críticos,133,134,17,499
V. Principios de Gobierno de la Patria Milagro,Síntesis: un gobierno que corrige desde sus principios,134,134,4,187
V. Principios de Gobierno de la Patria Milagro,Firmas,135,135,2,12
