source_id,title,organisation,author,url,publication_date,access_date,source_type,claim_ids,primary_or_secondary,downloaded_file,sha256,notes
S000,El Libro de la Verdad — Empalme Anticorrupción 2026,Gobierno de Colombia — Comité Nacional del Empalme Anticorrupción,,,,2026-09-28,audited_document,C0002;C0004,primary,data/raw/Libro-De-La-Verdad.pdf,e76e0f4288a2c6c650d5f1b6ee953ab33232b72f293acf4d908e61b88a71a839,The document under audit; used only as evidence of its own wording (opinion / non-verifiable classifications).
S001,"Boletín técnico GEIH — Empleo informal y seguridad social, oct-dic 2025",DANE,,https://www.dane.gov.co/files/operaciones/GEIH/bol-GEIHEISS-oct-dic2025.pdf,2026-02-12,2026-09-28,official_statistical_publication,C0303,primary,,,Annual 2025 and Oct-Dec 2025 national informality rate.
S002,"La informalidad laboral cerró 2025 en 55,7% y confirma un estancamiento en la calidad del empleo",Portafolio,,https://www.portafolio.co/economia/empleo/la-informalidad-laboral-cerro-2025-en-55-7-y-confirma-un-estancamiento-en-la-calidad-del-empleo-488295,2026-02-13,2026-09-28,reputable_journalism,C0303,secondary,,,Reproduces DANE (same origin as S001).
S003,Informe de Gestión DIAN 2025,DIAN,,https://www.dian.gov.co/atencionciudadano/Documents/Informe-de-Gestion-DIAN-2025-30012026.pdf,2026-01-30,2026-09-28,legislation_or_official_document,C0465,primary,,,Gross collection 2025 and net collection 2025.
S004,"Recaudo tributario cerró 2025 en $296 billones, $9,4 billones abajo de meta de la Dian",La República,,https://www.larepublica.co/economia/recaudo-tributario-cerro-2025-en-296-billones-9-4-billones-abajo-de-meta-de-la-dian-4312267,,2026-09-28,reputable_journalism,C0465,secondary,,,Headline figure consistent with S003 (same origin: DIAN). Publication date not recorded.
S005,"Previo al inicio de la Ley de Garantías se firmaron 521.269 contratos directos por un total de $32,88 billones",Portafolio,,https://www.portafolio.co/economia/gobierno/previo-al-inicio-de-la-ley-de-garantias-se-firmaron-521-269-contratos-directos-por-un-total-de-32-88-billones-488177,2026-02-12,2026-09-28,reputable_journalism,C0312,secondary,,,"Reproduces a Contraloría General de la República (CGR) summary of SECOP direct contracting, 1-30 Jan 2026. CGR primary document not retrieved."
S006,Contraloría detectó fuerte aumento de contratos previos a la Ley de Garantías,El Espectador,,https://www.elespectador.com/economia/contraloria-detecto-fuerte-aumento-de-contratos-previos-a-la-ley-de-garantias/,2026-02-12,2026-09-28,reputable_journalism,C0312,secondary,,,Same CGR origin as S005 (not independent). Adds OPS share and 2022 comparison.
S007,Inversión en exploración y producción de petróleo y gas en Colombia subiría 8% en 2025,Diario Financiero (DF SUD),,https://www.df.cl/colombia/inversion-en-exploracion-y-produccion-de-petroleo-y-gas-en-colombia,2025-05-29,2026-09-28,reputable_journalism,C0280,secondary,,,"Reproduces Asociación Colombiana del Petróleo y Gas (ACP), an industry association (not an official statistical source)."
S008,Inversión en exploración y producción de hidrocarburos será de US$4.400 millones este año,El Colombiano,,https://www.elcolombiano.com/negocios/inversion-petrolera-en-colombia-2022-de-us-4400-millones-segun-acp-ja16436078,2022-01-26,2026-09-28,reputable_journalism,C0280,secondary,,,ACP projection for 2022 and 2021 components; context for the 2014-2024 comparison window.
S009,Contraloría advierte deterioro en financiación tras emisión de TES y hace alerta disciplinaria al MinHacienda,Portafolio,,https://www.portafolio.co/economia/gobierno/contraloria-advierte-deterioro-en-financiacion-tras-emision-de-tes-y-hacen-alerta-disciplinaria-al-minhacienda-494274,2026-05-19,2026-09-28,reputable_journalism,C0463,secondary,,,Reproduces CGR follow-up to a fiscal warning (función de advertencia); cites Resolución 0946 of 5 May 2026.
S010,Contraloría abrió observación disciplinaria contra el ministro de Hacienda y alertó por aumento del costo de la deuda pública,Infobae,,https://www.infobae.com/colombia/2026/05/19/contraloria-abrio-observacion-disciplinaria-contra-el-ministro-de-hacienda-y-alerto-por-aumento-del-costo-de-la-deuda-publica/,2026-05-19,2026-09-28,reputable_journalism,C0463,secondary,,,Same CGR origin as S009. Mentions the 2025 financial audit and follow-up to the warning.
S011,"La sentencia que ordenó proteger a los niños de La Guajira… terminó como sombrilla para contratar $1,78 billones",Cambio,Iván Serrano,https://cambiocolombia.com/puntos-de-vista/articulo/2026/7/la-sentencia-que-ordeno-proteger-a-los-ninos-de-la-guajira-y-termino-como-sombrilla-para-contratar-178-billones-en-el-gobierno-petro,2026-07-15,2026-09-28,commentary,C0184,secondary,,,Published in the 'Puntos de vista' (opinion) section; based on SECOP I and II. The report calls it an 'investigación'.
S012,Invías ratifica la solidez técnica y eficiencia de Caminos Comunitarios,Invías,,https://www.invias.gov.co/publicaciones/9453/invias-ratifica-la-solidez-tecnica-y-eficiencia-de-caminos-comunitarios-la-ejecucion-fisica-supera-la-inversion-presupuestal/,2026-03-27,2026-09-28,legislation_or_official_document,C0127,primary,,,Official programme statement (previous administration): 33.102 km goal described as long-term and conditional on budget.
S013,"Invías anuncia avances del 88,49 % en Caminos Comunitarios de la Paz Total",Semana,,https://www.semana.com/vehiculos/articulo/invias-anuncia-avances-del-8849-en-caminos-comunitarios-de-la-paz-total/202620/,2026-07-15,2026-09-28,reputable_journalism,C0127,secondary,,,Reproduces Invías figures at 28 Jun 2026.
S014,Caminos Comunitarios deja 4.087 km de 33.000 prometidos: este es el balance del programa,El Espectador,,https://www.elespectador.com/economia/caminos-comunitarios-deja-4087-km-de-33000-prometidas-este-es-el-balance-del-programa/,2026-07-17,2026-09-28,reputable_journalism,C0127,secondary,,,Uses Invías data plus CGR observations.
S015,"Unidad de Gestión de Riesgo, otra entidad con casi nula ejecución de su presupuesto",El Tiempo (Datos),,https://www.eltiempo.com/datos/gestion-de-riesgo-otra-entidad-con-casi-nula-ejecucion-de-su-presupuesto-3338454,2024-04-29,2026-09-28,reputable_journalism,C0108,secondary,,,Independent analysis of Portal de Transparencia Económica (MinHacienda) data; published before the report.
S016,Gobierno de Abelardo pone en la mira a la UNGRD: más del 95% de los recursos quedó sin ejecutar entre 2022 y 2026,La FM,,https://www.lafm.com.co/politica/gobierno-abelardo-de-la-espriella-ungrd-mas-de-noventa-y-cinco-por-ciento-recursos-sin-ejecutar-2022-2026-408261,,2026-09-28,coverage_of_audited_document,,coverage_of_audited_document,,,Media coverage OF the audited report. Not used as evidence (circular).
S017,Los 10 peores casos de corrupción del gobierno Petro… según 'El libro de la verdad',El Colombiano,,https://www.elcolombiano.com/colombia/casos-corrupcion-gobierno-petro-libro-verdad-de-la-espriella-BM40082773,,2026-09-28,coverage_of_audited_document,,coverage_of_audited_document,,,Media coverage OF the audited report. Not used as evidence (circular).
