source_id,name,type,url,category,notes
S000,Gobierno de Colombia — Comité Nacional del Empalme Anticorrupción,audited_document,,primary,The document under audit; used only as evidence of its own wording (opinion / non-verifiable classifications).
S001,DANE,official_statistical_publication,https://www.dane.gov.co/files/operaciones/GEIH/bol-GEIHEISS-oct-dic2025.pdf,primary,Annual 2025 and Oct-Dec 2025 national informality rate.
S002,Portafolio,reputable_journalism,https://www.portafolio.co/economia/empleo/la-informalidad-laboral-cerro-2025-en-55-7-y-confirma-un-estancamiento-en-la-calidad-del-empleo-488295,secondary,Reproduces DANE (same origin as S001).
S003,DIAN,legislation_or_official_document,https://www.dian.gov.co/atencionciudadano/Documents/Informe-de-Gestion-DIAN-2025-30012026.pdf,primary,Gross collection 2025 and net collection 2025.
S004,La República,reputable_journalism,https://www.larepublica.co/economia/recaudo-tributario-cerro-2025-en-296-billones-9-4-billones-abajo-de-meta-de-la-dian-4312267,secondary,Headline figure consistent with S003 (same origin: DIAN). Publication date not recorded.
S005,Portafolio,reputable_journalism,https://www.portafolio.co/economia/gobierno/previo-al-inicio-de-la-ley-de-garantias-se-firmaron-521-269-contratos-directos-por-un-total-de-32-88-billones-488177,secondary,"Reproduces a Contraloría General de la República (CGR) summary of SECOP direct contracting, 1-30 Jan 2026. CGR primary document not retrieved."
S006,El Espectador,reputable_journalism,https://www.elespectador.com/economia/contraloria-detecto-fuerte-aumento-de-contratos-previos-a-la-ley-de-garantias/,secondary,Same CGR origin as S005 (not independent). Adds OPS share and 2022 comparison.
S007,Diario Financiero (DF SUD),reputable_journalism,https://www.df.cl/colombia/inversion-en-exploracion-y-produccion-de-petroleo-y-gas-en-colombia,secondary,"Reproduces Asociación Colombiana del Petróleo y Gas (ACP), an industry association (not an official statistical source)."
S008,El Colombiano,reputable_journalism,https://www.elcolombiano.com/negocios/inversion-petrolera-en-colombia-2022-de-us-4400-millones-segun-acp-ja16436078,secondary,ACP projection for 2022 and 2021 components; context for the 2014-2024 comparison window.
S009,Portafolio,reputable_journalism,https://www.portafolio.co/economia/gobierno/contraloria-advierte-deterioro-en-financiacion-tras-emision-de-tes-y-hacen-alerta-disciplinaria-al-minhacienda-494274,secondary,Reproduces CGR follow-up to a fiscal warning (función de advertencia); cites Resolución 0946 of 5 May 2026.
S010,Infobae,reputable_journalism,https://www.infobae.com/colombia/2026/05/19/contraloria-abrio-observacion-disciplinaria-contra-el-ministro-de-hacienda-y-alerto-por-aumento-del-costo-de-la-deuda-publica/,secondary,Same CGR origin as S009. Mentions the 2025 financial audit and follow-up to the warning.
S011,Cambio,commentary,https://cambiocolombia.com/puntos-de-vista/articulo/2026/7/la-sentencia-que-ordeno-proteger-a-los-ninos-de-la-guajira-y-termino-como-sombrilla-para-contratar-178-billones-en-el-gobierno-petro,secondary,Published in the 'Puntos de vista' (opinion) section; based on SECOP I and II. The report calls it an 'investigación'.
S012,Invías,legislation_or_official_document,https://www.invias.gov.co/publicaciones/9453/invias-ratifica-la-solidez-tecnica-y-eficiencia-de-caminos-comunitarios-la-ejecucion-fisica-supera-la-inversion-presupuestal/,primary,Official programme statement (previous administration): 33.102 km goal described as long-term and conditional on budget.
S013,Semana,reputable_journalism,https://www.semana.com/vehiculos/articulo/invias-anuncia-avances-del-8849-en-caminos-comunitarios-de-la-paz-total/202620/,secondary,Reproduces Invías figures at 28 Jun 2026.
S014,El Espectador,reputable_journalism,https://www.elespectador.com/economia/caminos-comunitarios-deja-4087-km-de-33000-prometidas-este-es-el-balance-del-programa/,secondary,Uses Invías data plus CGR observations.
S015,El Tiempo (Datos),reputable_journalism,https://www.eltiempo.com/datos/gestion-de-riesgo-otra-entidad-con-casi-nula-ejecucion-de-su-presupuesto-3338454,secondary,Independent analysis of Portal de Transparencia Económica (MinHacienda) data; published before the report.
S016,La FM,coverage_of_audited_document,https://www.lafm.com.co/politica/gobierno-abelardo-de-la-espriella-ungrd-mas-de-noventa-y-cinco-por-ciento-recursos-sin-ejecutar-2022-2026-408261,coverage_of_audited_document,Media coverage OF the audited report. Not used as evidence (circular).
S017,El Colombiano,coverage_of_audited_document,https://www.elcolombiano.com/colombia/casos-corrupcion-gobierno-petro-libro-verdad-de-la-espriella-BM40082773,coverage_of_audited_document,Media coverage OF the audited report. Not used as evidence (circular).
